EPOCH,Time Consumed,Total Frames,Running_Average_Rewards,Train_Epoch_Reward,Running_Training_Average_Rewards,Explore_Time,Train___Time,Eval____Time,eval_traj_length,advs/mean_Mean,advs/mean_Std,advs/mean_Max,advs/mean_Min,advs/std_Mean,advs/std_Std,advs/std_Max,advs/std_Min,advs/max_Mean,advs/max_Std,advs/max_Max,advs/max_Min,advs/min_Mean,advs/min_Std,advs/min_Max,advs/min_Min,Training/vf_loss_Mean,Training/vf_loss_Std,Training/vf_loss_Max,Training/vf_loss_Min,grad_norm/vf_Mean,grad_norm/vf_Std,grad_norm/vf_Max,grad_norm/vf_Min,Training/policy_loss_Mean,Training/policy_loss_Std,Training/policy_loss_Max,Training/policy_loss_Min,logprob/mean_Mean,logprob/mean_Std,logprob/mean_Max,logprob/mean_Min,logprob/std_Mean,logprob/std_Std,logprob/std_Max,logprob/std_Min,logprob/max_Mean,logprob/max_Std,logprob/max_Max,logprob/max_Min,logprob/min_Mean,logprob/min_Std,logprob/min_Max,logprob/min_Min,log_std/mean_Mean,log_std/mean_Std,log_std/mean_Max,log_std/mean_Min,log_std/std_Mean,log_std/std_Std,log_std/std_Max,log_std/std_Min,log_std/max_Mean,log_std/max_Std,log_std/max_Max,log_std/max_Min,log_std/min_Mean,log_std/min_Std,log_std/min_Max,log_std/min_Min,ratio/max_Mean,ratio/max_Std,ratio/max_Max,ratio/max_Min,ratio/min_Mean,ratio/min_Std,ratio/min_Max,ratio/min_Min,grad_norm/pf_Mean,grad_norm/pf_Std,grad_norm/pf_Max,grad_norm/pf_Min
0,537.3969850540161,8192,-113.15957,-1000.12440,nan,111.76015,4.10537,415.62564,1000.00000,-1.99035,0.03728,-1.89837,-2.05187,0.44926,0.05045,0.57113,0.38265,-0.48040,0.35259,0.04113,-0.97404,-3.13774,0.11293,-2.88699,-3.30423,3.20630,0.71448,4.35820,1.76813,20.90498,5.55403,29.51699,12.25394,-0.01425,0.00670,0.00653,-0.02602,1.31641,0.04407,1.41721,1.23107,1.00238,0.06117,1.20143,0.91537,2.31990,0.00192,2.32230,2.31391,-4.52099,1.30075,-2.28933,-7.52983,-2.07979,0.00031,-2.07923,-2.08020,0.00087,0.00066,0.00201,0.00000,-2.07917,0.00021,-2.07878,-2.07944,-2.08040,0.00076,-2.07924,-2.08162,1.61474,0.21869,2.25717,1.00365,0.60982,0.07458,0.99384,0.50209,1.83899,1.05210,5.11392,0.20086
10,1542.916518688202,90112,-3.51836,159.29604,nan,1094.12483,34.00099,414.62082,989.59375,-0.18145,0.76864,0.93216,-1.64525,0.43197,0.03659,0.59456,0.36806,1.18394,0.76089,2.50565,-0.46790,-1.38887,0.77905,-0.12681,-2.90519,0.27688,0.33719,2.66395,0.11313,8.88237,10.29514,51.68546,0.09905,-0.01497,0.00988,0.01049,-0.03804,1.31174,0.04396,1.45858,1.15151,1.00912,0.06146,1.19840,0.78229,2.32454,0.00368,2.33092,2.31047,-4.47804,1.22078,-1.67162,-8.36628,-2.08209,0.00163,-2.07961,-2.08462,0.00768,0.00348,0.01334,0.00204,-2.07666,0.00097,-2.07484,-2.07880,-2.08752,0.00406,-2.08166,-2.09402,1.69313,0.30817,2.99928,1.00293,0.57744,0.12931,0.99737,0.29416,2.76827,1.78873,10.41776,0.20939
20,1416.901311159134,172032,31.90777,603.77048,30.68451,1091.78914,29.92053,295.11487,377.50000,0.66032,0.14289,1.01206,0.14970,2.02806,0.33566,2.92399,1.04690,4.67595,1.97545,9.49304,1.93411,-17.07605,3.11423,-8.15169,-24.44823,3.13983,1.20160,7.58618,0.83429,66.41167,59.58735,304.31244,2.18038,0.00602,0.00667,0.03807,-0.01089,1.31677,0.04555,1.41951,1.12550,1.01136,0.06641,1.19807,0.84898,2.32576,0.00370,2.33148,2.31134,-4.64853,1.31517,-2.14147,-8.81235,-2.08285,0.00136,-2.08058,-2.08468,0.01338,0.00095,0.01517,0.01155,-2.07340,0.00107,-2.07053,-2.07523,-2.09231,0.00186,-2.08991,-2.09503,1.77872,0.43321,3.77089,1.01061,0.55696,0.14095,0.98978,0.25064,2.99240,1.39339,8.49088,0.57046
30,1353.709293603897,253952,60.36016,1372.70329,61.52392,1086.91871,38.51492,228.19426,303.65625,0.61412,0.23656,1.03207,-0.16481,2.52263,0.46119,4.07389,1.50951,8.75392,3.45523,19.63813,3.68314,-22.20504,6.28412,-5.93261,-37.26362,4.93147,2.23493,14.25042,1.47685,149.99185,120.53047,870.86298,17.98825,0.00742,0.01093,0.08496,-0.01229,1.31100,0.04826,1.45415,1.11286,1.01237,0.06785,1.33456,0.82977,2.31896,0.00230,2.32299,2.30594,-4.67640,1.34275,-2.06262,-10.41825,-2.07936,0.00070,-2.07795,-2.08057,0.01779,0.00147,0.02003,0.01422,-2.06679,0.00139,-2.06527,-2.07051,-2.09194,0.00109,-2.09015,-2.09366,1.96654,0.77639,9.33907,1.00905,0.50125,0.15454,0.98807,0.02691,3.75679,1.98985,11.75533,0.58382
40,1357.0456051826477,335872,79.37172,1855.59736,65.02769,1088.70644,31.31007,236.93887,304.96875,0.32105,0.14871,0.73644,-0.08238,2.81542,0.40605,4.28804,1.78524,12.05505,3.31879,23.20097,4.77244,-23.48431,6.84353,-7.72915,-40.02258,5.70840,1.93945,13.73988,2.47972,188.29798,116.93802,691.92834,40.63639,0.00696,0.00787,0.04020,-0.01225,1.29962,0.04290,1.41590,1.15069,1.01574,0.06186,1.20145,0.81690,2.31724,0.00215,2.32070,2.30119,-4.56022,1.33416,-2.26385,-10.73286,-2.07853,0.00040,-2.07782,-2.07939,0.02014,0.00046,0.02083,0.01910,-2.06429,0.00054,-2.06320,-2.06541,-2.09277,0.00049,-2.09133,-2.09356,1.93704,0.48675,4.36213,1.01893,0.49583,0.14203,0.98027,0.13205,4.15952,2.05387,10.70190,0.84405
50,1325.7675671577454,417792,63.47691,2205.86427,74.80032,1087.85643,26.99501,210.91600,248.03125,0.35677,0.26247,1.00824,-0.49248,3.00610,0.44261,4.67920,1.89080,15.80462,5.45120,31.11276,5.35767,-23.70696,8.87679,-6.81987,-47.43338,6.64567,2.46821,16.45704,2.82038,248.78470,150.99148,880.45270,38.97660,0.00893,0.00952,0.08845,-0.01238,1.30492,0.04465,1.44116,1.14394,1.01907,0.06274,1.28424,0.85404,2.31711,0.00243,2.32052,2.30246,-4.73503,1.36332,-2.14319,-10.36402,-2.07848,0.00054,-2.07683,-2.07922,0.01806,0.00040,0.01909,0.01748,-2.06571,0.00073,-2.06421,-2.06686,-2.09125,0.00046,-2.08945,-2.09206,2.02825,0.56142,5.50775,1.01980,0.46216,0.15629,0.97361,0.05094,4.99474,2.47988,15.61060,1.01058
60,1309.1015074253082,499712,85.56363,2269.42164,92.22294,1079.63725,26.85678,202.52854,298.18750,0.19947,0.28570,0.97536,-0.57338,2.92245,0.49867,4.39071,1.92115,15.51845,5.68316,31.66784,6.25211,-24.27625,8.85908,-6.12564,-48.83079,6.10064,2.49821,18.06349,1.90445,219.44056,128.45863,868.01727,35.08935,0.00631,0.00856,0.05224,-0.01739,1.30765,0.04490,1.43056,1.17449,1.00678,0.06344,1.24219,0.83227,2.31312,0.00208,2.31685,2.30414,-4.49167,1.17797,-1.86922,-8.49165,-2.07641,0.00048,-2.07575,-2.07746,0.01859,0.00064,0.01967,0.01741,-2.06326,0.00046,-2.06246,-2.06424,-2.08956,0.00082,-2.08810,-2.09095,1.95669,0.48030,4.50615,1.02075,0.48305,0.14264,0.98940,0.06966,4.44366,2.41296,17.23631,0.72368
70,1323.7179591655731,581632,95.66540,2421.10495,97.61216,1080.39313,27.04599,216.19544,305.34375,0.18402,0.22332,0.78288,-0.42842,2.76736,0.49925,4.28009,1.74538,15.27087,6.64347,33.60750,4.93843,-23.12388,9.57819,-7.16043,-46.79486,5.53708,2.26222,17.41454,2.16987,189.75762,105.01545,618.42035,34.20032,0.00713,0.00869,0.04683,-0.01224,1.29746,0.04450,1.40535,1.15743,1.01839,0.05962,1.22717,0.85743,2.31384,0.00218,2.31730,2.30301,-4.65474,1.26170,-2.17757,-10.58800,-2.07687,0.00041,-2.07617,-2.07762,0.02113,0.00108,0.02227,0.01892,-2.06193,0.00114,-2.06048,-2.06415,-2.09181,0.00046,-2.09089,-2.09256,2.22303,0.96806,17.21536,1.02516,0.42902,0.15074,0.97104,0.07484,4.88586,2.30710,14.54604,1.13784
80,1303.7548367977142,663552,96.39790,2490.02134,91.39048,1079.70351,25.10145,198.94975,277.56250,0.10706,0.20529,0.55652,-0.67407,2.74494,0.55279,4.81445,1.78759,11.72965,4.83779,31.66046,4.47313,-24.41886,9.72898,-7.77052,-53.23867,5.70549,2.58463,20.18033,2.20263,242.09490,155.27296,1185.74744,32.85865,0.00799,0.00926,0.03995,-0.02095,1.30052,0.04807,1.44185,1.17391,1.01322,0.06309,1.19254,0.84981,2.31150,0.00227,2.31441,2.29499,-4.65421,1.29331,-2.17270,-9.37784,-2.07573,0.00037,-2.07433,-2.07623,0.02170,0.00090,0.02345,0.02077,-2.06038,0.00076,-2.05795,-2.06131,-2.09108,0.00071,-2.09021,-2.09275,2.15347,0.61239,5.84035,1.03608,0.41829,0.15281,0.97855,0.05481,5.18770,2.39064,13.87752,1.44093
90,1324.7237393856049,745472,103.84908,2920.18670,95.06856,1070.94854,24.56032,229.13033,297.18750,0.17288,0.18468,0.64695,-0.41940,2.99796,0.58345,4.77429,1.81753,15.69733,4.63766,31.75517,6.44746,-26.91102,9.84807,-7.46607,-50.38400,6.07142,2.75924,17.44142,2.13354,253.88956,149.77796,954.28259,43.36677,0.00746,0.01049,0.07893,-0.01513,1.28721,0.04757,1.41569,1.14521,1.01468,0.06515,1.22998,0.83607,2.30353,0.00380,2.31054,2.29157,-4.59730,1.36232,-2.06657,-9.72749,-2.07167,0.00166,-2.06951,-2.07430,0.02516,0.00166,0.02868,0.02315,-2.05388,0.00276,-2.04922,-2.05792,-2.08946,0.00081,-2.08821,-2.09068,2.18761,0.56913,5.96482,1.03615,0.41020,0.15437,0.96910,0.00691,5.08190,2.63257,23.15773,1.29503
100,1331.736498594284,827392,108.12743,2785.93784,110.40472,1066.72174,24.61359,240.40104,309.56250,0.26180,0.20629,0.77601,-0.29492,3.12631,0.57384,5.10430,1.70750,17.05452,5.87389,36.21111,6.89099,-26.63554,9.87040,-5.64021,-50.84438,6.52804,3.19597,20.25788,1.92871,254.23090,140.11206,1002.11658,38.59593,0.00656,0.00891,0.03670,-0.01822,1.28316,0.04358,1.41184,1.13542,1.01908,0.06209,1.22004,0.81538,2.29751,0.00251,2.30112,2.28672,-4.64770,1.37825,-2.25600,-10.65230,-2.06878,0.00081,-2.06685,-2.06954,0.03026,0.00062,0.03138,0.02876,-2.04738,0.00080,-2.04570,-2.04916,-2.09018,0.00103,-2.08801,-2.09152,2.14759,0.57582,4.89468,1.02213,0.42649,0.15013,0.98056,0.08080,4.67171,2.14356,13.47551,1.33457
110,1324.178549528122,909312,115.61012,2718.30007,106.51978,1064.72337,25.46848,233.76934,329.65625,-0.14976,0.31180,0.56659,-1.00107,3.30262,0.60325,5.54193,2.08604,15.83590,5.67572,32.57013,5.69178,-30.49006,10.07002,-9.50426,-53.50098,6.97659,3.27443,23.53726,2.47658,227.39977,133.15264,818.12201,41.82500,0.00634,0.00949,0.05048,-0.01536,1.26991,0.04339,1.40069,1.12912,1.02269,0.06322,1.23946,0.86179,2.29061,0.00261,2.29565,2.27238,-4.81911,1.43061,-2.08430,-11.61433,-2.06522,0.00084,-2.06381,-2.06684,0.03097,0.00131,0.03345,0.02937,-2.04332,0.00169,-2.04048,-2.04574,-2.08712,0.00051,-2.08587,-2.08811,2.08927,0.58625,6.04397,1.01957,0.43426,0.15685,0.98096,0.09083,4.60348,2.19269,15.39854,1.21181
120,1340.7166616916656,991232,119.07034,2682.35311,103.27889,1064.65888,24.68858,251.28071,339.06250,0.15837,0.20729,0.69423,-0.67891,3.19057,0.49325,5.60802,2.22057,17.70531,5.80775,36.88360,8.31551,-27.46745,8.91576,-6.31154,-53.54092,6.98085,2.93027,22.38270,2.66186,229.68590,131.99611,1151.59399,43.09972,0.00702,0.00902,0.04632,-0.01212,1.27636,0.04453,1.40970,1.09330,1.01576,0.06791,1.34357,0.83672,2.28882,0.00219,2.29183,2.27913,-4.60157,1.31854,-2.26284,-10.75943,-2.06427,0.00066,-2.06261,-2.06489,0.03468,0.00127,0.03626,0.03242,-2.03975,0.00129,-2.03767,-2.04155,-2.08880,0.00090,-2.08739,-2.09015,2.14125,0.61479,5.24518,1.02394,0.42687,0.16207,0.97268,0.06895,4.82622,2.34118,16.07502,1.05178
130,1344.4429287910461,1073152,86.27724,2753.17551,109.40884,1065.81370,24.81432,253.81478,278.18750,0.00401,0.35088,0.76691,-1.08494,3.40829,0.66901,6.18891,1.78927,18.46236,6.52409,39.62558,6.50123,-31.34721,10.30163,-6.86162,-54.99933,8.10074,3.83485,25.24563,1.98549,202.52235,107.20701,740.66931,43.48058,0.00700,0.00949,0.04721,-0.01476,1.26071,0.04712,1.37644,1.09195,1.01890,0.05969,1.24135,0.85536,2.27992,0.00369,2.28761,2.26823,-4.50823,1.00302,-2.39869,-9.06653,-2.05991,0.00149,-2.05813,-2.06279,0.03497,0.00056,0.03579,0.03349,-2.03518,0.00147,-2.03297,-2.03790,-2.08464,0.00161,-2.08228,-2.08769,2.27201,0.84176,12.32195,1.02031,0.40614,0.16262,0.97323,0.02900,4.72885,2.26169,12.78076,1.12190
140,1342.944743156433,1155072,123.20333,2855.00009,119.49718,1070.09245,28.83761,244.01456,338.81250,0.04867,0.37999,0.90854,-0.94450,3.55811,0.70211,5.69705,1.92955,19.96202,7.03004,39.53397,6.58745,-31.65946,10.20174,-6.01787,-57.18035,8.91138,4.15817,28.47850,2.32696,255.07659,161.21758,1046.50085,44.52359,0.00786,0.01009,0.07210,-0.01294,1.25104,0.04824,1.37677,1.06684,1.02379,0.06997,1.29900,0.86119,2.27535,0.00328,2.28129,2.26144,-4.73362,1.34910,-2.09293,-10.96229,-2.05761,0.00130,-2.05511,-2.05967,0.03552,0.00134,0.03753,0.03268,-2.03249,0.00103,-2.03102,-2.03492,-2.08273,0.00203,-2.07821,-2.08508,2.53019,2.12915,34.85859,1.03019,0.37074,0.17206,0.97464,0.00016,4.43807,2.16007,18.24797,1.00168
150,1376.7784094810486,1236992,105.23993,2902.84760,121.69944,1104.64286,25.75008,246.38534,290.68750,0.29441,0.22716,1.09914,-0.29794,3.18362,0.62268,4.92173,2.04045,17.13820,6.15043,34.96636,6.32333,-30.10656,11.47452,-6.81727,-57.07271,7.27780,3.48577,20.61961,1.79183,230.10572,143.24267,1199.57812,26.11776,0.00689,0.00863,0.04281,-0.01907,1.24618,0.04407,1.36501,1.09877,1.02278,0.05642,1.20826,0.82900,2.26555,0.00285,2.27189,2.25486,-4.78869,1.29268,-2.12170,-9.82785,-2.05259,0.00110,-2.05100,-2.05510,0.03388,0.00061,0.03507,0.03259,-2.02864,0.00131,-2.02684,-2.03202,-2.07655,0.00103,-2.07509,-2.07820,2.17621,0.66528,6.73537,1.02632,0.41643,0.15633,0.97901,0.04393,4.70996,2.27151,14.12107,1.13103
160,1452.2946383953094,1318912,114.30250,3346.90779,123.31996,1196.65599,36.91522,218.72329,282.12500,0.22822,0.25568,0.92770,-0.41172,3.39680,0.66817,5.57856,2.02921,19.79356,9.73476,41.12128,6.95699,-30.65297,11.47790,-6.41894,-56.89501,7.74200,3.78991,25.36395,2.37499,235.32336,133.50269,925.39880,53.86626,0.00571,0.00880,0.03880,-0.01511,1.24082,0.04643,1.38006,1.09463,1.01703,0.06348,1.23649,0.79326,2.25990,0.00312,2.26607,2.24839,-4.64947,1.36204,-2.21963,-10.57760,-2.04985,0.00127,-2.04782,-2.05203,0.03508,0.00120,0.03702,0.03317,-2.02504,0.00147,-2.02361,-2.02854,-2.07465,0.00158,-2.07147,-2.07643,2.14840,0.63557,6.29806,1.03198,0.43154,0.14537,0.97382,0.11216,4.80706,2.14840,12.53440,1.30345
170,1304.989525794983,1400832,120.39122,3301.33704,121.58541,1067.33193,23.16818,214.48929,286.31250,-0.08102,0.26873,0.58880,-0.87813,3.91535,0.61688,5.63992,2.36092,19.26395,8.50653,44.77747,6.68329,-37.92392,9.30737,-12.78426,-56.82895,11.19190,4.56636,31.69177,3.60181,302.92016,196.28344,1447.96069,72.76521,0.00726,0.00979,0.04814,-0.01526,1.23246,0.04580,1.36393,1.06964,1.01470,0.06452,1.22624,0.79208,2.24781,0.00534,2.25826,2.23175,-4.78494,1.36042,-2.12885,-11.12028,-2.04382,0.00253,-2.04035,-2.04813,0.03572,0.00130,0.03797,0.03367,-2.01857,0.00341,-2.01375,-2.02414,-2.06908,0.00171,-2.06691,-2.07229,2.23014,0.67170,6.22641,1.02604,0.39896,0.15450,0.97339,0.01955,5.16269,2.44085,12.59683,1.48525
180,1293.567109823227,1482752,109.48992,3342.41237,105.84809,1068.52078,23.20655,201.83966,258.06250,0.13502,0.30403,1.03131,-0.98426,3.38767,0.70321,5.44100,1.98126,18.84489,8.85524,50.07030,5.68413,-30.32145,12.40486,-6.96789,-59.15144,7.77712,4.07112,24.99248,2.14800,238.13565,139.93652,1081.05859,47.48170,0.00773,0.01148,0.07965,-0.01815,1.22614,0.04736,1.34344,1.08169,1.01014,0.06293,1.22657,0.86763,2.24106,0.00233,2.24499,2.22954,-4.59168,1.28087,-2.15343,-11.45771,-2.04047,0.00061,-2.03967,-2.04149,0.03595,0.00124,0.03760,0.03405,-2.01505,0.00040,-2.01408,-2.01579,-2.06589,0.00146,-2.06375,-2.06794,2.38927,0.98461,10.79492,1.02839,0.39766,0.15144,0.96525,0.07750,5.28183,2.65275,19.98464,1.34425
190,1298.602071762085,1564672,123.57010,3542.17135,119.24915,1068.66489,23.19892,206.63714,291.25000,-0.06686,0.20223,0.63170,-0.65500,3.54501,0.66759,5.75311,1.90769,19.21484,8.33142,39.95007,6.75690,-33.89560,11.28378,-7.57997,-60.97831,8.59456,4.37145,31.53881,2.35761,238.78958,122.12435,771.31415,51.55391,0.00906,0.00994,0.07838,-0.01519,1.21531,0.04887,1.34452,1.07138,1.02510,0.06290,1.19939,0.84989,2.23616,0.00434,2.24285,2.21814,-4.76580,1.19692,-2.37480,-9.37114,-2.03802,0.00187,-2.03437,-2.04050,0.03428,0.00092,0.03593,0.03221,-2.01379,0.00160,-2.01147,-2.01685,-2.06226,0.00231,-2.05714,-2.06502,2.53348,0.89186,10.48597,1.03748,0.34842,0.15916,0.96781,0.01778,5.52259,2.57430,19.33997,1.50729
200,1291.4427206516266,1646592,121.96944,3653.32421,137.20131,1068.96047,23.11483,199.36729,274.75000,0.09083,0.23337,0.76274,-0.53619,3.47771,0.64087,5.76312,2.12305,19.85828,8.42036,45.84377,7.37794,-31.79503,10.94536,-7.78935,-55.16183,8.40006,4.00628,25.41736,2.67370,246.01332,131.93219,864.14117,62.07202,0.00762,0.01094,0.06333,-0.01406,1.20638,0.04563,1.34334,1.05089,1.02075,0.06053,1.22940,0.85154,2.22739,0.00220,2.23087,2.21405,-4.75774,1.22560,-2.37002,-10.30085,-2.03363,0.00030,-2.03316,-2.03440,0.03264,0.00053,0.03362,0.03148,-2.01055,0.00054,-2.00974,-2.01176,-2.05671,0.00041,-2.05578,-2.05748,2.59807,1.03198,9.69964,1.05303,0.35042,0.16680,0.96355,0.02027,5.54511,2.58750,15.95359,1.36982
210,1287.9530951976776,1728512,112.69242,3597.67244,128.48697,1068.89155,23.23452,195.74581,252.12500,0.12300,0.21561,0.78124,-0.36777,3.74000,0.69986,6.09618,2.14974,22.08123,9.88545,48.52879,6.28221,-33.98631,11.64996,-9.46567,-57.07370,9.38490,4.47355,33.10561,2.63256,272.09666,174.83058,1510.10022,58.14231,0.00689,0.00994,0.05617,-0.01550,1.20782,0.04605,1.32442,1.02271,1.01965,0.06482,1.36759,0.85138,2.22470,0.00273,2.22958,2.21135,-4.65073,1.30448,-1.78044,-10.26713,-2.03230,0.00082,-2.03121,-2.03378,0.03466,0.00077,0.03572,0.03267,-2.00779,0.00104,-2.00688,-2.01061,-2.05681,0.00093,-2.05548,-2.05846,2.52123,0.90725,7.62744,1.02338,0.33998,0.17221,0.97297,0.02088,5.20561,2.31766,14.87459,1.17768
220,1283.263776063919,1810432,127.77713,3635.03662,116.74516,1070.66688,23.07835,189.43607,295.68750,0.09496,0.31511,0.77970,-0.94812,3.42389,0.69253,5.44985,1.89136,21.02954,10.78933,51.96433,5.80164,-30.50594,11.84726,-7.98143,-54.39927,7.62643,3.96593,22.02009,1.99146,258.83926,161.16687,1077.11072,45.11582,0.00843,0.01074,0.05543,-0.01776,1.19715,0.04696,1.35683,1.03939,1.02467,0.06699,1.25322,0.84715,2.22112,0.00253,2.22558,2.20510,-4.89387,1.35343,-2.34160,-10.04204,-2.03052,0.00060,-2.02924,-2.03197,0.03578,0.00124,0.03777,0.03413,-2.00522,0.00127,-2.00336,-2.00735,-2.05582,0.00081,-2.05428,-2.05707,2.70191,1.24643,14.05042,1.02464,0.32662,0.16247,0.97055,0.01693,5.72282,2.80695,17.61403,1.45888
230,1289.1441748142242,1892352,114.84517,3615.47767,119.18073,1071.87408,23.28477,193.98520,262.78125,0.08534,0.31854,0.82599,-0.90602,3.51300,0.79830,5.58024,1.89362,21.62062,9.70886,45.50767,6.47301,-32.31522,13.91343,-6.38000,-64.78827,8.32622,4.27107,24.91465,2.27078,222.52208,131.40418,1103.17603,48.17487,0.00763,0.00990,0.06281,-0.01915,1.19095,0.04832,1.31189,1.03186,1.02132,0.06288,1.35039,0.85404,2.21349,0.00340,2.22035,2.20380,-4.72854,1.29299,-2.56969,-10.60211,-2.02668,0.00146,-2.02393,-2.02922,0.03587,0.00070,0.03661,0.03408,-2.00132,0.00119,-1.99976,-2.00376,-2.05204,0.00182,-2.04803,-2.05509,2.56145,0.89841,9.98084,1.02570,0.32884,0.16407,0.97153,0.02858,5.50563,2.42153,17.79041,1.45953
240,1279.4873926639557,1974272,136.40779,3814.80275,113.79353,1070.34114,23.16352,185.98260,284.43750,0.25577,0.27137,0.95474,-0.51812,3.62547,0.60050,5.50859,2.31276,20.51722,10.32162,57.82838,6.31331,-33.77698,11.00907,-9.43779,-58.01328,9.26551,4.04230,27.27701,2.80930,321.94251,194.48541,1378.71619,53.51189,0.00769,0.01041,0.07849,-0.01539,1.17840,0.04535,1.30561,1.01777,1.02429,0.06585,1.24790,0.85546,2.20541,0.00258,2.20956,2.19255,-4.78821,1.25601,-2.19354,-9.97811,-2.02269,0.00079,-2.02072,-2.02393,0.03598,0.00131,0.03893,0.03390,-1.99724,0.00166,-1.99335,-1.99985,-2.04813,0.00046,-2.04735,-2.04891,2.60783,1.21094,13.50688,1.05096,0.33518,0.15365,0.95199,0.00295,5.76036,2.54568,17.65818,1.45973
250,1281.8629639148712,2056192,129.90750,3774.69778,130.07697,1071.07543,23.31058,187.47682,272.71875,-0.08165,0.19208,0.45710,-0.71323,3.60223,0.71410,5.70930,2.07919,20.20848,8.75032,48.23650,7.10267,-35.68057,13.46575,-8.91108,-65.99999,8.20371,4.25544,23.69021,2.77994,293.99700,178.53059,1081.62268,54.31414,0.00745,0.01090,0.07420,-0.01438,1.17793,0.04731,1.30533,1.02131,1.01718,0.06059,1.21506,0.83847,2.19725,0.00340,2.20352,2.18560,-4.69600,1.31091,-2.16820,-10.76801,-2.01866,0.00137,-2.01503,-2.02092,0.03812,0.00063,0.03933,0.03685,-1.99171,0.00112,-1.98897,-1.99339,-2.04562,0.00170,-2.04109,-2.04844,2.53717,1.07801,15.13196,1.04534,0.33798,0.15943,0.95741,0.01747,5.40841,2.50363,19.27940,1.43076
260,1281.7739408016205,2138112,139.58205,3849.85960,110.45166,1070.65194,23.25893,187.77794,291.62500,-0.02913,0.26461,0.76334,-0.90575,4.09792,0.91397,7.05834,2.25042,25.56528,10.91828,52.68549,8.49805,-35.39740,13.50407,-8.94095,-66.13752,10.87310,6.29896,46.28844,2.61595,316.13996,185.09239,1153.23523,69.67274,0.00765,0.00991,0.05343,-0.01421,1.16040,0.04790,1.31693,1.00582,1.03147,0.06572,1.29306,0.85391,2.18790,0.00251,2.19211,2.17652,-4.88899,1.40307,-2.43574,-14.51981,-2.01393,0.00078,-2.01203,-2.01515,0.03673,0.00089,0.03813,0.03516,-1.98796,0.00135,-1.98553,-1.99011,-2.03990,0.00043,-2.03852,-2.04104,2.80741,1.32702,12.75234,1.04776,0.32411,0.16279,0.96897,0.00401,5.96441,2.66683,19.10834,1.51643
270,1274.7375524044037,2220032,145.70383,3788.94229,117.36594,1070.92730,23.10323,180.61307,294.40625,-0.00791,0.23853,0.62851,-0.77069,3.71410,0.79957,6.24119,2.13810,19.35347,7.68297,50.98018,7.86046,-35.10488,13.71971,-7.78327,-65.29240,8.75920,4.70760,36.73434,2.18086,290.05613,181.74434,1240.28662,45.87293,0.00746,0.01099,0.05183,-0.01386,1.15794,0.04402,1.29478,1.02563,1.02640,0.06058,1.24300,0.85865,2.18201,0.00281,2.18620,2.16899,-4.76840,1.23696,-2.41535,-9.28954,-2.01085,0.00103,-2.00816,-2.01211,0.03753,0.00026,0.03811,0.03698,-1.98431,0.00093,-1.98173,-1.98561,-2.03739,0.00115,-2.03454,-2.03886,2.48858,0.90419,8.23502,1.03867,0.33968,0.15411,0.96902,0.02332,6.01278,2.66667,18.73994,1.74127
280,1274.7658977508545,2301952,122.74001,3974.72899,155.78108,1070.72787,23.42014,180.61775,262.40625,0.04162,0.23519,0.58488,-0.84067,3.79139,0.66487,6.28368,2.12417,24.03462,9.89053,49.97455,6.51084,-34.65665,13.80872,-9.51176,-64.57653,9.32099,4.35210,28.07434,2.88891,294.62895,191.22843,1448.84753,60.24716,0.00677,0.01011,0.04443,-0.01736,1.14952,0.04476,1.27917,1.00507,1.01693,0.05840,1.19772,0.84661,2.17124,0.00418,2.17832,2.15689,-4.69006,1.19352,-1.95620,-9.67462,-2.00564,0.00177,-2.00226,-2.00819,0.03809,0.00095,0.03976,0.03657,-1.97871,0.00209,-1.97566,-1.98172,-2.03257,0.00167,-2.02862,-2.03467,2.45460,0.77629,6.65390,1.03131,0.35270,0.16625,0.97013,0.01299,5.74996,2.52983,18.04453,1.47986
290,1284.7221097946167,2383872,135.43431,4057.94139,126.16464,1072.22312,24.54251,187.95636,264.28125,-0.01366,0.24141,0.78153,-0.77381,3.88064,0.69024,5.78440,2.11658,21.73941,10.19007,51.87994,6.74260,-36.77834,12.71365,-8.65934,-65.15826,9.31079,4.72352,29.10392,2.85305,286.11630,157.43958,1192.31079,50.92121,0.00797,0.01199,0.07135,-0.01800,1.13437,0.04770,1.28455,0.98656,1.02843,0.06527,1.19540,0.84371,2.16068,0.00338,2.16649,2.14838,-4.82784,1.27831,-2.44739,-9.34769,-2.00034,0.00128,-1.99831,-2.00226,0.03544,0.00130,0.03750,0.03337,-1.97528,0.00050,-1.97405,-1.97592,-2.02540,0.00216,-2.02237,-2.02877,2.72115,1.41248,21.04369,1.05322,0.31767,0.16129,0.96446,0.01089,6.16929,2.86065,22.66430,1.71524
300,1281.688559293747,2465792,157.17826,4040.16033,133.82826,1074.55502,23.31260,183.73712,319.87500,-0.00192,0.32892,0.70831,-1.27465,3.87016,0.88398,6.64738,2.30602,25.54312,11.00519,57.89593,7.29415,-35.27336,14.69343,-8.86849,-68.19749,9.49507,5.73189,35.03620,2.25950,291.05439,179.06641,1288.72876,43.71423,0.00801,0.01175,0.06986,-0.01673,1.13074,0.04519,1.25679,0.99507,1.02317,0.06186,1.23098,0.87397,2.15649,0.00210,2.15936,2.14557,-4.79799,1.27141,-2.41755,-11.03248,-1.99811,0.00038,-1.99683,-1.99866,0.03308,0.00091,0.03468,0.03161,-1.97472,0.00050,-1.97368,-1.97551,-2.02150,0.00094,-2.01970,-2.02293,2.88499,1.41658,19.64003,1.04370,0.28621,0.16366,0.94891,0.01003,6.03808,2.69359,21.04939,1.34361
310,1277.2216730117798,2547712,142.13743,4176.80837,139.46858,1072.72902,23.20199,181.19741,285.71875,0.05465,0.28654,0.79089,-0.88197,3.70970,0.74173,6.04635,1.87882,22.35467,11.50261,55.15669,7.09207,-33.53676,12.08664,-6.95125,-60.10247,8.26456,4.16518,26.70399,2.67785,309.62289,220.50714,1327.55042,67.97000,0.00864,0.01137,0.05956,-0.01611,1.11896,0.04619,1.25748,0.98060,1.03613,0.06543,1.25682,0.83911,2.14967,0.00309,2.15547,2.14026,-5.04624,1.45719,-2.39950,-11.59342,-1.99476,0.00126,-1.99251,-1.99682,0.03150,0.00103,0.03307,0.02967,-1.97249,0.00063,-1.97097,-1.97394,-2.01704,0.00196,-2.01406,-2.01969,2.76639,1.15493,10.49785,1.04217,0.29967,0.16329,0.94735,0.00256,6.32756,2.76631,18.01030,1.98248
320,1276.7257013320923,2629632,138.83292,3857.90815,117.94858,1074.49653,23.19362,179.03543,281.28125,0.14787,0.23864,0.83680,-0.51459,3.33463,0.80197,6.62021,1.68762,22.28919,9.21102,54.77695,6.19998,-29.16978,14.41049,-5.93368,-63.09054,6.87248,4.15152,29.07601,1.74837,248.99635,161.97800,1149.96313,50.26710,0.00700,0.01093,0.04036,-0.02267,1.11442,0.04885,1.23318,0.93834,1.02840,0.06746,1.24293,0.82153,2.14291,0.00227,2.14691,2.13056,-4.82540,1.31740,-2.40384,-9.67799,-1.99138,0.00061,-1.99031,-1.99251,0.02791,0.00107,0.03048,0.02679,-1.97165,0.00045,-1.97086,-1.97273,-2.01112,0.00129,-2.00937,-2.01405,2.70628,1.18152,12.88730,1.04142,0.33175,0.16050,0.96805,0.01501,6.06987,2.64253,17.53918,1.84800
330,1314.7081933021545,2711552,155.30981,4052.91980,124.28555,1072.78444,22.99960,218.92404,317.37500,-0.00433,0.21500,0.48487,-0.87055,3.65248,0.89300,6.60546,2.11928,22.64708,8.51825,47.85859,7.96967,-30.84432,14.03124,-7.88799,-65.75408,9.05011,5.59551,42.85595,2.38425,275.24121,160.68064,1151.85132,67.51424,0.00836,0.01129,0.05277,-0.01711,1.11400,0.04847,1.23183,0.95177,1.02529,0.06762,1.30026,0.86398,2.13646,0.00327,2.14360,2.11861,-4.88946,1.27215,-2.75324,-10.01390,-1.98814,0.00134,-1.98628,-1.99074,0.02885,0.00050,0.02995,0.02777,-1.96773,0.00160,-1.96570,-1.97108,-2.00854,0.00114,-2.00669,-2.01049,2.60951,1.10085,11.52361,1.03866,0.33198,0.16767,0.95995,0.01920,6.20055,2.59407,17.19172,1.52421
340,1283.3754546642303,2793472,151.46290,3924.71861,121.02674,1073.12946,23.13424,187.11163,305.81250,0.05990,0.23549,0.72017,-0.75925,3.93254,0.76492,6.03342,2.15220,27.04780,10.84947,58.61742,5.81038,-34.20848,14.41659,-7.99388,-66.96741,9.76099,5.17696,36.49514,2.52979,294.93161,182.60392,1244.48145,59.83141,0.00635,0.01027,0.05298,-0.01693,1.11338,0.04722,1.24164,0.98381,1.02091,0.06526,1.18330,0.85908,2.13221,0.00209,2.13514,2.12178,-4.87006,1.26547,-2.48747,-10.61980,-1.98601,0.00028,-1.98542,-1.98657,0.02962,0.00090,0.03094,0.02803,-1.96507,0.00080,-1.96356,-1.96629,-2.00696,0.00058,-2.00562,-2.00789,2.45420,0.92265,9.51245,1.04746,0.34572,0.16772,0.96530,0.00541,5.61860,2.37312,18.92021,1.87201
350,1440.4249987602234,2875392,140.22637,3933.70499,142.99965,1218.48649,24.74101,197.19736,301.37500,0.15811,0.34482,0.99275,-0.89951,3.93570,0.94893,6.63155,2.03105,24.29695,10.21536,50.88519,8.51863,-34.75280,12.68159,-7.49485,-65.65231,10.31817,5.99325,36.80313,2.33175,296.96940,212.00836,1674.29712,62.56118,0.00482,0.00904,0.04094,-0.01755,1.11849,0.04385,1.23740,0.98792,1.01122,0.06307,1.21870,0.84333,2.12710,0.00304,2.13388,2.11651,-4.76875,1.35961,-2.37324,-12.87199,-1.98347,0.00115,-1.98109,-1.98594,0.03078,0.00076,0.03204,0.02965,-1.96171,0.00119,-1.96003,-1.96489,-2.00524,0.00134,-2.00216,-2.00733,2.40348,0.85532,7.82539,1.03042,0.36180,0.16758,0.96762,0.02282,5.15189,2.26425,19.97755,1.56022
360,1283.0040316581726,2957312,132.32400,3950.76854,155.07835,1075.17376,23.75336,184.07679,266.40625,0.17699,0.26094,0.86763,-0.61429,3.61682,0.75893,5.56728,1.96812,23.96622,10.90968,63.61917,6.33788,-32.51881,14.24014,-8.13148,-64.83899,8.87257,4.73958,26.97931,2.44176,258.86719,178.73061,1947.14612,40.99486,0.00652,0.01055,0.05738,-0.01512,1.09822,0.04851,1.22569,0.93664,1.02546,0.06784,1.26217,0.83536,2.11629,0.00316,2.12423,2.10565,-4.95860,1.49194,-2.22188,-12.58097,-1.97807,0.00121,-1.97606,-1.98107,0.02980,0.00033,0.03061,0.02921,-1.95699,0.00126,-1.95502,-1.96001,-1.99914,0.00121,-1.99708,-2.00213,2.36543,0.79718,6.00922,1.03259,0.37553,0.16246,0.96897,0.03176,5.58975,2.42894,18.05021,1.67578
370,1297.3795938491821,3039232,153.32683,3967.19803,140.34977,1076.97974,23.47695,196.92278,320.81250,-0.18677,0.28684,0.44482,-1.01222,3.84528,0.77246,6.19634,2.30881,22.46274,10.28786,55.63248,6.55508,-34.60757,13.37158,-10.39347,-67.09241,9.44639,4.86043,29.68521,2.74165,319.48642,234.94408,1388.66833,51.87503,0.00611,0.01017,0.04133,-0.01923,1.08916,0.04610,1.21279,0.95236,1.02404,0.06591,1.21109,0.85167,2.10790,0.00440,2.11565,2.09227,-4.93580,1.26681,-2.36594,-9.38905,-1.97393,0.00186,-1.97089,-1.97697,0.02976,0.00085,0.03153,0.02856,-1.95289,0.00234,-1.94903,-1.95587,-1.99498,0.00146,-1.99272,-1.99808,2.52801,1.10269,12.38492,1.05056,0.35716,0.16117,0.97951,0.03565,5.59832,2.34283,14.72297,1.79528
380,1288.105324268341,3121152,136.39228,3910.72041,145.55145,1078.69338,23.13672,186.27511,283.46875,0.04262,0.32057,0.84874,-0.74232,3.53387,0.72329,5.79583,1.84895,23.18227,11.52566,51.39235,6.21496,-28.88065,13.49632,-8.39197,-69.84397,7.80884,3.87696,29.66599,1.99274,290.02085,208.35958,1703.83801,42.02127,0.00587,0.01334,0.18698,-0.01922,1.08424,0.04473,1.22962,0.96026,1.02045,0.06851,1.26393,0.82956,2.09911,0.00305,2.10411,2.08311,-4.85990,1.49734,-2.27298,-12.26576,-1.96953,0.00111,-1.96740,-1.97110,0.03179,0.00070,0.03292,0.03046,-1.94705,0.00115,-1.94464,-1.94937,-1.99201,0.00128,-1.98979,-1.99378,2.40821,0.78594,10.42481,1.02598,0.36233,0.15833,0.97030,0.02403,5.87688,4.47396,86.65623,1.94841
390,1278.9848895072937,3203072,160.30985,3858.03484,132.30689,1075.23586,23.11158,180.63733,321.15625,0.13517,0.28838,1.19017,-0.74057,3.72399,0.80012,6.25864,2.23039,23.39551,11.61597,60.63909,6.07048,-33.97323,12.03844,-9.99051,-59.95209,9.44761,5.25395,36.05019,2.47414,302.24415,203.88338,1549.28625,63.97097,0.00524,0.00992,0.04666,-0.01846,1.07509,0.04284,1.19595,0.97046,1.02170,0.06296,1.26598,0.85628,2.09401,0.00184,2.09715,2.08600,-4.92818,1.51238,-2.50805,-14.84126,-1.96688,0.00032,-1.96625,-1.96755,0.03118,0.00030,0.03170,0.03017,-1.94484,0.00035,-1.94428,-1.94550,-1.98893,0.00041,-1.98811,-1.98986,2.34555,0.64602,5.47105,1.03418,0.36355,0.15991,0.96065,0.00275,5.41072,2.25918,16.15556,1.42359
400,1288.4512979984283,3284992,136.26293,3935.88122,143.69985,1075.30670,23.35228,189.79219,291.06250,0.08853,0.24702,0.80422,-0.70035,3.83194,0.64500,6.18052,2.32874,27.34532,10.97539,54.97562,9.06020,-32.16751,11.54799,-8.28251,-65.89629,9.35658,4.65916,33.57487,2.31298,308.10992,188.87897,1482.52771,50.35468,0.00470,0.01008,0.04480,-0.02391,1.07651,0.04487,1.20778,0.94940,1.02290,0.06603,1.22214,0.83274,2.09488,0.00234,2.09862,2.08179,-4.88514,1.21825,-1.95776,-8.94014,-1.96733,0.00067,-1.96617,-1.96828,0.02999,0.00017,0.03034,0.02962,-1.94612,0.00063,-1.94501,-1.94706,-1.98854,0.00072,-1.98726,-1.98955,2.44612,1.03752,13.27678,1.04458,0.36214,0.16595,0.96681,0.00525,5.52850,2.21649,13.86317,1.78695
410,1296.4180657863617,3366912,165.50993,4047.91411,150.85124,1076.82867,23.12929,196.27645,329.53125,0.17610,0.25223,0.94245,-0.54861,3.73114,0.78151,6.36041,2.17201,23.68283,9.16600,64.58752,9.14609,-30.93048,14.30274,-6.02330,-63.18738,8.20183,4.30626,34.11891,2.67916,269.46445,189.34465,1443.39941,51.43708,0.00437,0.01020,0.05061,-0.02522,1.07725,0.04928,1.21981,0.91861,1.02036,0.07071,1.28317,0.84784,2.09481,0.00184,2.09759,2.08691,-4.88631,1.35325,-2.25512,-10.62087,-1.96728,0.00036,-1.96648,-1.96787,0.02824,0.00059,0.02961,0.02721,-1.94731,0.00059,-1.94590,-1.94813,-1.98725,0.00050,-1.98650,-1.98854,2.54812,1.01074,9.79825,1.03422,0.35187,0.17335,0.96092,0.01077,5.54215,2.24771,13.76468,1.91462
420,1338.420783996582,3448832,138.32031,3869.77576,136.43843,1078.17343,23.09008,237.15716,290.03125,0.10748,0.35162,1.02834,-0.84401,3.87940,0.69316,6.84020,2.54312,25.32467,11.58379,53.18748,7.72137,-31.96685,13.13213,-8.35582,-63.09294,9.38116,4.73178,46.81121,3.16104,288.83917,183.79237,1326.47510,55.76471,0.00726,0.01103,0.05103,-0.01609,1.07406,0.04642,1.22336,0.93684,1.02447,0.06651,1.20917,0.84816,2.09485,0.00193,2.09751,2.08468,-5.01312,1.35614,-2.46613,-11.78461,-1.96735,0.00033,-1.96653,-1.96784,0.02743,0.00053,0.02838,0.02641,-1.94795,0.00041,-1.94704,-1.94867,-1.98674,0.00057,-1.98591,-1.98776,2.50864,0.84609,6.67126,1.03331,0.32602,0.16461,0.97023,0.01956,6.03700,2.83908,22.89325,1.74599
430,1389.8410501480103,3530752,163.36198,3834.26022,162.27124,1077.08120,23.75379,288.92548,354.50000,0.13132,0.24231,0.77640,-0.62232,3.77302,0.72802,6.98048,2.17038,26.05328,11.07005,58.91668,6.23482,-33.49636,12.63362,-9.71158,-66.18439,8.42566,4.59271,40.67790,1.68953,250.59547,179.88159,1675.70496,35.95095,0.00748,0.01187,0.09522,-0.02157,1.06726,0.04490,1.19419,0.94969,1.02574,0.06255,1.27222,0.83800,2.09065,0.00279,2.09577,2.07861,-4.87895,1.34734,-2.15881,-10.85035,-1.96525,0.00094,-1.96353,-1.96684,0.02965,0.00100,0.03103,0.02710,-1.94429,0.00160,-1.94184,-1.94768,-1.98622,0.00046,-1.98523,-1.98699,2.68765,1.25116,17.29689,1.03081,0.31557,0.16548,0.96097,0.01258,5.96066,2.59684,23.38052,1.35313
440,1402.0960712432861,3612672,157.53418,3851.26149,163.61421,1078.87841,24.48389,298.73365,342.40625,-0.03384,0.28960,0.78961,-0.87154,3.95120,0.67360,6.51153,2.48645,27.42048,12.44242,57.85255,8.45251,-33.96906,12.51736,-9.20580,-64.84373,9.51596,4.53759,28.81421,3.42015,271.17681,161.69658,1055.50940,68.19213,0.00633,0.01124,0.04962,-0.02061,1.06235,0.04610,1.17560,0.91362,1.02540,0.06359,1.29142,0.86458,2.08521,0.00300,2.08997,2.07073,-4.92055,1.28023,-2.13399,-10.00965,-1.96249,0.00116,-1.95972,-1.96395,0.02955,0.00106,0.03134,0.02776,-1.94159,0.00071,-1.94008,-1.94256,-1.98339,0.00182,-1.97935,-1.98548,2.73861,1.41612,19.94191,1.03999,0.30680,0.17196,0.97094,0.00022,5.96525,2.59205,16.86211,1.62878
450,1297.3848962783813,3694592,144.52919,3844.31939,133.12105,1079.30104,23.40953,194.67421,295.87500,-0.02264,0.23040,0.56342,-0.86834,3.87001,0.67552,6.81881,2.29869,21.29662,8.06571,45.24424,7.85896,-34.87048,13.09891,-10.42055,-67.63023,9.61475,4.86631,44.63672,3.50024,269.40548,173.60285,1857.74646,62.92834,0.00602,0.01043,0.03491,-0.02183,1.04547,0.04647,1.18284,0.90401,1.02443,0.06064,1.27249,0.81022,2.07249,0.00439,2.08149,2.05828,-4.76952,1.26129,-2.47971,-10.74061,-1.95618,0.00188,-1.95294,-1.95971,0.02764,0.00093,0.02912,0.02573,-1.93664,0.00141,-1.93474,-1.94008,-1.97572,0.00244,-1.97114,-1.97935,2.92979,2.03041,22.55041,1.04937,0.29829,0.16463,0.96065,0.01269,5.99667,2.33156,14.36973,1.82677
460,1291.6557176113129,3776512,150.03574,4089.66844,174.77581,1079.25869,23.10208,189.29482,308.37500,-0.00365,0.28078,0.76515,-0.66119,3.66475,0.70411,5.92381,2.19551,24.25574,11.68209,55.14185,7.38749,-30.97370,14.51276,-8.07500,-70.32413,8.46259,4.23041,26.49051,2.55697,286.25781,217.65729,1858.65039,62.57734,0.00701,0.01099,0.06055,-0.02023,1.04039,0.04656,1.15252,0.89656,1.02564,0.06690,1.27806,0.84116,2.06241,0.00234,2.06782,2.04655,-4.97225,1.37250,-2.39550,-11.09639,-1.95113,0.00055,-1.95041,-1.95293,0.02715,0.00067,0.02800,0.02568,-1.93194,0.00098,-1.93089,-1.93474,-1.97033,0.00030,-1.96964,-1.97112,2.77262,1.33227,17.81039,1.05656,0.30727,0.16722,0.94690,0.00221,6.48801,2.62536,16.22754,1.95857
470,1371.6725342273712,3858432,167.27352,4022.06037,135.84310,1078.42731,23.12172,270.12338,337.46875,0.16203,0.23691,0.68949,-0.52993,3.55994,0.63342,6.23366,2.18221,21.78946,10.39329,60.06659,6.77142,-29.83433,10.99313,-5.53789,-57.13533,7.84038,3.95555,38.87840,2.46678,221.05391,145.26340,1358.56567,53.53401,0.00587,0.01180,0.10968,-0.01868,1.03500,0.04624,1.16314,0.88259,1.02476,0.06277,1.22993,0.84990,2.05751,0.00245,2.06279,2.04873,-4.92734,1.21215,-2.28275,-10.03555,-1.94864,0.00083,-1.94700,-1.95051,0.02587,0.00078,0.02751,0.02367,-1.93035,0.00051,-1.92929,-1.93110,-1.96694,0.00131,-1.96382,-1.96996,2.71219,1.23877,14.25519,1.04256,0.31296,0.16790,0.96025,0.00048,6.05320,3.03725,46.42936,2.10255
480,1316.6202623844147,3940352,162.32989,3957.18738,147.10361,1099.58991,23.72226,193.30796,328.37500,0.04536,0.25496,0.73052,-0.62428,3.59419,0.76357,6.43809,1.97910,23.92043,12.29530,59.02172,7.35859,-30.46494,12.93694,-8.76529,-64.12054,8.03668,4.14238,40.51059,2.77405,252.65325,168.13437,1376.64880,52.84592,0.00591,0.01080,0.04770,-0.01577,1.03187,0.04598,1.18329,0.88896,1.01855,0.06382,1.20073,0.83459,2.05182,0.00233,2.05598,2.03788,-4.94670,1.23415,-2.17603,-9.79560,-1.94583,0.00064,-1.94475,-1.94709,0.02202,0.00065,0.02365,0.02088,-1.93026,0.00054,-1.92887,-1.93097,-1.96140,0.00097,-1.96030,-1.96381,2.58448,0.98101,9.58031,1.03935,0.32783,0.16492,0.95612,0.00042,6.20472,2.60975,20.31137,2.22280
490,1292.5158681869507,4022272,156.38473,3916.14287,166.32502,1077.90516,23.10800,191.50259,306.56250,0.07511,0.25263,0.80468,-0.54180,3.63568,0.63047,5.94011,2.11940,22.64733,9.28120,53.18788,6.53162,-31.75604,15.31064,-7.32456,-71.77724,8.47721,4.33226,26.60325,2.80453,242.34898,173.94131,1322.37354,57.37853,0.00676,0.01036,0.06194,-0.01927,1.02616,0.04502,1.15740,0.86849,1.02435,0.06060,1.21575,0.87525,2.04750,0.00238,2.05124,2.03334,-4.97685,1.19718,-2.52409,-9.65329,-1.94376,0.00040,-1.94304,-1.94473,0.02363,0.00084,0.02510,0.02192,-1.92705,0.00087,-1.92566,-1.92890,-1.96047,0.00051,-1.95948,-1.96133,2.71372,1.07504,11.27893,1.04761,0.30233,0.16506,0.96923,0.00474,6.38077,2.67922,18.76402,2.06648
500,1402.072616815567,4104192,128.84365,4176.46189,162.34825,1077.91258,23.08874,301.07118,299.40625,-0.07364,0.25649,0.65004,-0.84525,3.95998,0.87598,6.78411,2.11781,25.09067,11.62862,55.81120,7.73103,-33.59757,13.74840,-7.83938,-65.32434,9.98035,5.27345,33.06648,2.93520,265.07153,161.26085,1070.41443,47.84449,0.00622,0.01129,0.04525,-0.02054,1.02196,0.04443,1.14933,0.88573,1.01989,0.06743,1.22709,0.79557,2.04432,0.00265,2.05002,2.03429,-4.84784,1.34008,-2.38793,-11.63922,-1.94204,0.00094,-1.94079,-1.94398,0.02321,0.00086,0.02475,0.02156,-1.92563,0.00121,-1.92404,-1.92848,-1.95845,0.00103,-1.95606,-1.95961,2.70197,1.59763,25.74025,1.03400,0.32214,0.16636,0.94964,0.00357,6.16140,2.61355,16.45656,1.83225
510,1288.6650285720825,4186112,142.52591,4223.09969,155.18116,1081.39414,23.08325,184.11118,286.18750,0.06678,0.29466,0.66299,-1.17053,3.67294,0.77118,6.90309,2.01938,24.31298,9.16999,44.52991,7.47370,-33.22889,12.64379,-7.92537,-69.21095,8.83970,4.94854,35.57203,2.49175,265.22699,173.20623,1201.13977,41.67696,0.00531,0.01075,0.05366,-0.02198,1.01839,0.04778,1.13214,0.87924,1.02454,0.06291,1.27864,0.87281,2.04033,0.00268,2.04439,2.02661,-4.95076,1.26101,-2.53940,-13.40500,-1.94004,0.00098,-1.93799,-1.94122,0.02057,0.00058,0.02155,0.01979,-1.92549,0.00067,-1.92374,-1.92614,-1.95458,0.00135,-1.95223,-1.95638,2.54875,1.15682,14.65179,1.03192,0.32697,0.16420,0.96599,0.00001,5.91877,2.59200,19.64929,2.17322
520,1287.5580241680145,4268032,155.07804,3957.65504,133.94029,1080.54995,23.35297,183.65498,311.56250,0.02430,0.27374,0.62988,-0.85007,3.42998,0.53315,5.36333,2.21351,22.95301,10.62066,59.37028,6.70884,-27.96849,11.71543,-7.77011,-61.18998,7.39458,3.18787,21.37303,2.77570,225.80600,145.33820,1454.26892,65.18125,0.00605,0.01043,0.07489,-0.01959,1.00708,0.04336,1.12099,0.87096,1.02054,0.06120,1.20286,0.85185,2.03078,0.00368,2.03817,2.02069,-5.01570,1.30874,-2.39565,-10.39204,-1.93537,0.00151,-1.93317,-1.93805,0.02070,0.00041,0.02132,0.02007,-1.92074,0.00166,-1.91812,-1.92379,-1.95001,0.00140,-1.94808,-1.95232,2.56991,0.97002,7.94222,1.04956,0.32724,0.17256,0.96769,0.00579,6.65901,2.58870,16.82648,2.27032
530,1285.617589712143,4349952,161.37117,4182.07520,142.93988,1078.94807,23.19725,183.47214,322.50000,0.05441,0.31825,1.17326,-0.67230,3.79264,0.97208,6.72331,2.08675,22.76495,11.85657,59.73485,7.02677,-36.02905,16.03873,-6.83374,-68.25413,9.05301,5.48632,36.56992,1.87367,261.57159,186.55629,1409.08801,45.47167,0.00641,0.01143,0.07570,-0.01977,1.00521,0.04644,1.13565,0.86649,1.02047,0.06852,1.24439,0.84920,2.02424,0.00291,2.02878,2.00745,-5.01461,1.44488,-2.41822,-12.49529,-1.93209,0.00100,-1.93004,-1.93339,0.02183,0.00064,0.02278,0.02071,-1.91665,0.00098,-1.91533,-1.91830,-1.94753,0.00121,-1.94474,-1.94885,2.63541,1.07161,13.94058,1.04382,0.30748,0.16601,0.96973,0.00361,6.24292,2.71146,27.34861,1.96071
540,1387.0388550758362,4431872,151.69446,4020.34263,149.74415,1078.58215,23.16451,285.29207,316.96875,0.13527,0.35386,1.06315,-1.07238,3.81116,0.72730,6.27407,1.92949,22.06897,9.29319,59.96204,8.11618,-34.59976,13.63615,-7.52934,-67.30838,9.56616,4.89625,31.21631,2.22690,280.09045,196.62323,1746.52393,57.45044,0.00538,0.01064,0.05049,-0.01830,0.99799,0.04855,1.12399,0.83084,1.01963,0.06553,1.29409,0.84343,2.01775,0.00232,2.02192,2.00688,-4.96431,1.32331,-2.36225,-9.62937,-1.92882,0.00054,-1.92798,-1.93003,0.02053,0.00102,0.02176,0.01809,-1.91430,0.00100,-1.91290,-1.91626,-1.94333,0.00080,-1.94185,-1.94480,2.63023,1.22560,13.83109,1.03023,0.31452,0.17450,0.97538,0.00232,6.15641,2.58775,17.76030,1.77550
550,1367.483515739441,4513792,158.88318,3910.14709,169.28631,1080.03899,23.25324,264.19116,320.40625,0.17841,0.28773,0.72894,-0.80232,3.78943,0.70661,5.76410,2.30108,23.19845,10.44157,58.65571,8.19075,-35.22385,12.88123,-8.22933,-72.69109,9.16775,4.86916,28.72026,2.50884,239.04243,149.58963,1150.31995,59.28474,0.00424,0.00999,0.03803,-0.01962,0.99846,0.04742,1.19035,0.86042,1.02225,0.06654,1.21432,0.82980,2.01521,0.00306,2.02113,2.00520,-4.97997,1.26722,-2.43039,-10.82665,-1.92758,0.00119,-1.92544,-1.92953,0.01808,0.00047,0.01879,0.01674,-1.91479,0.00101,-1.91335,-1.91667,-1.94036,0.00143,-1.93728,-1.94242,2.38624,0.87032,11.37518,1.02864,0.35542,0.16767,0.97188,0.00296,5.52255,2.25086,15.25186,1.84120
560,1290.3662655353546,4595712,168.41246,4077.52368,174.31522,1077.24794,23.08319,190.03502,338.50000,0.08768,0.29343,0.86539,-0.78888,3.74738,0.67221,6.03388,2.27489,25.12257,11.30498,61.73300,8.01925,-35.24209,13.98056,-7.51465,-65.05629,8.37177,4.22742,30.30767,2.90840,245.53897,162.43690,1259.04614,48.52974,0.00498,0.01083,0.04873,-0.02111,0.98648,0.05000,1.12781,0.83552,1.02563,0.06567,1.19907,0.84936,2.00837,0.00247,2.01306,1.99721,-5.10522,1.52012,-2.35313,-13.33609,-1.92421,0.00062,-1.92288,-1.92551,0.01540,0.00114,0.01730,0.01371,-1.91332,0.00067,-1.91210,-1.91452,-1.93511,0.00128,-1.93307,-1.93743,2.54639,1.76430,34.25446,1.04305,0.35720,0.16516,0.97088,0.01412,5.67700,2.43993,16.69103,1.64503
570,1294.5714943408966,4677632,175.11308,4170.53312,152.61352,1080.33384,23.32661,190.91092,332.56250,0.02054,0.35682,0.84641,-1.08307,4.01897,0.69239,6.14830,2.54715,27.82248,12.92247,62.25144,7.00903,-31.54426,13.05158,-7.27139,-65.99978,9.94286,4.83400,32.46085,2.79708,350.79265,237.54926,1673.11194,86.42518,0.00584,0.01052,0.05139,-0.02394,0.98113,0.04441,1.11345,0.84241,1.01976,0.06431,1.22386,0.86983,2.00251,0.00228,2.00773,1.98692,-5.04632,1.40914,-2.12140,-10.91004,-1.92117,0.00067,-1.92008,-1.92286,0.01394,0.00065,0.01470,0.01205,-1.91131,0.00085,-1.91001,-1.91274,-1.93103,0.00077,-1.92860,-1.93304,2.39974,0.92026,11.90889,1.02373,0.36459,0.15888,0.96645,0.04149,5.98933,2.47180,15.89026,1.85541
580,1283.3075094223022,4759552,174.01428,3980.50432,166.39313,1079.82059,23.45668,179.94134,333.75000,0.22650,0.18031,0.69748,-0.32871,3.83359,0.71963,5.75353,2.20534,26.74523,10.04509,56.77795,7.52007,-34.57821,14.98580,-8.75164,-71.26773,9.41299,4.68349,26.46180,2.64966,238.55089,132.10694,945.12421,63.10384,0.00442,0.00952,0.04287,-0.01703,0.98632,0.04694,1.12913,0.79051,1.01184,0.06339,1.23758,0.85285,1.99853,0.00245,2.00225,1.98614,-4.86827,1.26627,-2.55606,-10.77690,-1.91927,0.00060,-1.91817,-1.92009,0.00951,0.00127,0.01202,0.00771,-1.91254,0.00053,-1.91156,-1.91358,-1.92600,0.00144,-1.92381,-1.92856,2.32451,0.85781,8.89997,1.02964,0.36385,0.18060,0.97087,0.00997,5.62268,2.18443,12.09408,1.65652
590,1281.8683938980103,4841472,159.87567,3956.68944,151.57704,1080.53908,23.26963,178.05955,320.03125,0.09896,0.24593,0.72763,-0.71824,3.67218,0.88098,6.61763,2.04058,23.67111,9.87681,53.03583,7.50381,-31.41952,14.14616,-7.17812,-67.01734,8.95464,5.69296,38.99581,2.18636,227.79759,149.01130,1000.28912,35.01570,0.00562,0.01098,0.10676,-0.02281,0.97253,0.04772,1.13731,0.83266,1.02622,0.06485,1.23729,0.84581,1.99398,0.00274,1.99904,1.98301,-5.06372,1.39561,-2.48860,-11.32324,-1.91691,0.00092,-1.91567,-1.91852,0.00675,0.00096,0.00788,0.00510,-1.91213,0.00049,-1.91146,-1.91313,-1.92168,0.00154,-1.91945,-1.92406,2.33880,0.87675,10.06465,1.04010,0.37899,0.17163,0.96981,0.03085,6.17204,2.72207,26.61634,1.79938
600,1410.0284316539764,4923392,160.40903,4124.15313,153.83677,1085.04618,23.09778,301.88434,353.18750,-0.04405,0.37010,0.93446,-0.91994,3.91673,0.73624,5.89234,2.20144,24.52894,12.60873,54.10511,5.93273,-34.91553,12.68875,-9.37150,-69.17517,10.05771,4.92543,30.29347,2.87201,291.65955,191.97737,1505.63611,60.82496,0.00431,0.01067,0.06363,-0.02569,0.97662,0.04427,1.09855,0.83648,1.01315,0.06408,1.21239,0.78853,1.99168,0.00187,1.99421,1.98220,-4.97077,1.32623,-2.41298,-10.06230,-1.91568,0.00031,-1.91514,-1.91618,0.00586,0.00057,0.00684,0.00481,-1.91154,0.00068,-1.91032,-1.91253,-1.91983,0.00026,-1.91928,-1.92034,2.54711,1.24954,16.30262,1.03921,0.34262,0.16503,0.96069,0.03105,6.12266,2.54813,19.00396,1.79124
610,1283.5074255466461,5005312,149.76372,3981.95040,169.65697,1082.52442,23.10639,177.78656,293.84375,0.12915,0.28865,1.15148,-0.48088,3.76753,0.69872,6.35007,2.15648,26.55978,11.26418,57.31538,5.34255,-30.56189,13.19951,-8.21138,-61.39919,9.02566,4.47858,24.72362,2.05682,247.00414,191.45869,1665.05481,44.62313,0.00421,0.00949,0.04376,-0.01992,0.97419,0.04471,1.09652,0.82886,1.01540,0.06062,1.26184,0.84232,1.99115,0.00214,1.99418,1.98312,-4.89373,1.26891,-2.35597,-10.25872,-1.91549,0.00048,-1.91437,-1.91611,0.00629,0.00053,0.00727,0.00515,-1.91104,0.00052,-1.90998,-1.91212,-1.91994,0.00069,-1.91802,-1.92082,2.37328,0.92448,9.17384,1.04970,0.35740,0.16773,0.96711,0.01326,5.88107,2.36934,13.69482,1.67756
620,1477.8437895774841,5087232,160.96369,4248.56589,149.28632,1082.44836,23.10980,372.28550,338.90625,0.19331,0.28360,1.06906,-0.55727,3.79408,0.79669,5.97643,2.20162,28.63357,14.02850,60.54070,6.15627,-32.16961,12.72084,-6.04623,-64.09546,9.05188,4.91915,33.36031,1.88386,283.72715,214.48693,1837.59668,43.81193,0.00427,0.01017,0.04510,-0.01990,0.96677,0.04511,1.08875,0.85245,1.02908,0.06742,1.22864,0.84218,1.98801,0.00236,1.99168,1.97776,-5.09444,1.38329,-2.45492,-12.56590,-1.91391,0.00067,-1.91276,-1.91482,0.00394,0.00072,0.00517,0.00242,-1.91113,0.00033,-1.91042,-1.91170,-1.91669,0.00114,-1.91451,-1.91841,2.43488,1.08868,15.59268,1.02988,0.35204,0.16840,0.97946,0.01911,5.73382,2.27088,18.67729,2.14697
630,1403.4111852645874,5169152,168.34184,4072.66676,159.59484,1080.68494,23.12999,299.59614,344.81250,-0.03214,0.21940,0.67027,-0.69260,3.94332,0.78001,6.60990,2.15942,25.93345,10.68343,63.21080,7.61324,-33.86766,13.79962,-7.46446,-70.41623,10.11966,5.33752,40.59048,2.57810,258.96768,147.11891,1198.55920,50.79188,0.00560,0.01049,0.04534,-0.01611,0.95908,0.04292,1.07771,0.83575,1.02225,0.06438,1.21455,0.85624,1.98176,0.00327,1.98787,1.97009,-5.12193,1.48392,-2.48410,-11.37406,-1.91079,0.00133,-1.90900,-1.91297,0.00364,0.00074,0.00487,0.00232,-1.90822,0.00180,-1.90558,-1.91120,-1.91337,0.00091,-1.91211,-1.91500,2.56025,1.11046,12.60351,1.03508,0.33716,0.17606,0.96181,0.00414,5.87881,2.42589,17.11345,1.88069
640,1498.5658264160156,5251072,201.28919,4040.63559,133.92297,1081.04973,23.16987,394.26634,408.40625,0.18319,0.35869,1.12408,-0.69794,4.09467,0.68997,6.48554,2.62541,29.80981,10.99509,57.20380,10.04978,-33.16952,13.12308,-8.88207,-67.10249,10.78707,5.55103,36.35061,2.79470,281.09616,193.19285,1675.14929,59.21520,0.00370,0.01015,0.06795,-0.02069,0.96360,0.04553,1.11778,0.83623,1.01118,0.06305,1.22599,0.83293,1.97583,0.00196,1.97977,1.96766,-5.02391,1.33294,-2.43000,-9.75592,-1.90774,0.00050,-1.90686,-1.90900,0.00335,0.00067,0.00508,0.00265,-1.90537,0.00033,-1.90427,-1.90600,-1.91011,0.00091,-1.90922,-1.91248,2.45960,1.06167,11.49942,1.04142,0.35455,0.17509,0.96667,0.00358,5.78252,2.36758,20.57111,2.03866
650,1287.6166620254517,5332992,170.25287,4064.82291,150.53221,1083.49968,23.19423,180.92262,329.65625,0.01546,0.28680,0.80281,-0.66454,3.95481,0.78740,6.55265,2.27418,24.30985,11.21006,55.89918,7.11468,-37.15073,15.53529,-9.80987,-71.97449,10.12748,5.23455,30.89928,2.90946,276.74542,185.56971,1392.51453,63.65045,0.00392,0.01007,0.04269,-0.02400,0.95501,0.04589,1.06844,0.79656,1.02058,0.06563,1.32599,0.86259,1.97248,0.00207,1.97558,1.95874,-5.08328,1.36092,-2.46388,-10.32255,-1.90622,0.00030,-1.90560,-1.90686,0.00305,0.00047,0.00384,0.00235,-1.90407,0.00052,-1.90292,-1.90464,-1.90838,0.00035,-1.90786,-1.90949,2.33045,0.77461,7.98295,1.03165,0.36118,0.16939,0.97063,0.02982,5.81502,2.48553,17.59715,1.43437
660,1461.0068225860596,5414912,182.01504,4192.85311,161.68407,1083.87893,23.12041,354.00735,369.56250,0.07452,0.39045,1.54052,-0.84803,4.09480,0.68818,6.23993,2.27703,24.84004,9.90127,48.10190,7.54960,-36.46809,12.41444,-6.14907,-67.86436,10.93650,5.19973,36.84457,3.00232,294.29292,217.82950,1345.61145,58.72008,0.00364,0.01005,0.05295,-0.01873,0.95362,0.04771,1.11147,0.80198,1.02089,0.06638,1.23018,0.84868,1.96844,0.00200,1.97309,1.95974,-5.07911,1.36525,-2.31398,-11.10100,-1.90400,0.00065,-1.90303,-1.90557,0.00333,0.00063,0.00408,0.00237,-1.90165,0.00038,-1.90110,-1.90291,-1.90636,0.00105,-1.90480,-1.90823,2.30035,0.94464,11.43139,1.03648,0.39259,0.16167,0.97559,0.00502,5.43369,2.21483,15.12176,1.92523
670,1368.7071397304535,5496832,155.50973,4282.75832,171.27522,1081.48221,23.08646,264.13834,326.96875,0.21134,0.26866,0.80269,-0.69754,3.83788,0.72243,5.95153,2.18681,24.42250,10.60788,56.20910,7.76799,-35.91494,13.01139,-7.69335,-67.28323,10.20950,4.96854,29.11475,3.03293,229.93730,145.25131,1306.83264,58.65904,0.00347,0.01008,0.04945,-0.02139,0.94538,0.04415,1.07511,0.79826,1.02113,0.06318,1.24108,0.83688,1.96347,0.00230,1.96800,1.95139,-5.03546,1.31301,-2.48810,-9.39326,-1.90160,0.00075,-1.90037,-1.90301,0.00308,0.00031,0.00368,0.00256,-1.89943,0.00071,-1.89828,-1.90106,-1.90378,0.00085,-1.90229,-1.90495,2.40669,0.93659,13.73277,1.03656,0.39024,0.16185,0.97284,0.01508,5.45262,2.14627,14.77933,1.31629
680,1485.4496808052063,5578752,206.15156,3833.37383,153.12653,1084.93934,23.09309,377.33715,399.06250,0.13044,0.29042,1.02995,-0.57401,3.70401,0.77674,6.07290,1.91198,22.09811,11.19214,59.84784,7.05427,-33.80223,14.08109,-6.64349,-65.71735,8.63211,4.84354,32.00465,2.47492,240.31774,165.73906,1060.46240,39.09039,0.00291,0.00993,0.04325,-0.02536,0.94428,0.04453,1.07092,0.81907,1.02037,0.05807,1.17223,0.88096,1.96140,0.00216,1.96430,1.94770,-4.94168,1.11511,-2.68566,-9.98292,-1.90057,0.00051,-1.89882,-1.90117,0.00260,0.00033,0.00317,0.00170,-1.89873,0.00039,-1.89761,-1.89944,-1.90241,0.00070,-1.90004,-1.90297,2.31239,0.86253,9.38570,1.03345,0.37437,0.17361,0.97763,0.01511,5.54179,2.38750,17.47371,1.69964
690,1480.2206950187683,5660672,198.09764,4166.75591,202.73044,1085.34969,23.15099,371.71988,387.53125,0.16132,0.27185,1.01183,-0.84633,4.06985,0.86098,6.88999,2.44619,26.71059,12.24042,63.37395,6.44033,-37.31054,14.46655,-8.95988,-71.53964,11.31387,6.11418,45.00068,2.88161,282.00525,209.40155,1506.02246,56.92626,0.00416,0.01176,0.13623,-0.02598,0.93964,0.04542,1.05870,0.75863,1.01996,0.06509,1.31691,0.84499,1.95680,0.00219,1.96053,1.94732,-5.13912,1.47924,-2.48802,-12.67607,-1.89836,0.00048,-1.89769,-1.89925,0.00300,0.00052,0.00370,0.00171,-1.89624,0.00073,-1.89533,-1.89761,-1.90049,0.00045,-1.89977,-1.90135,2.31812,1.31953,25.99838,1.02548,0.38710,0.16017,0.98087,0.03849,5.69362,2.74750,31.09063,1.61640
700,1436.0174763202667,5742592,171.47513,4037.52079,186.09265,1084.97093,23.14131,327.90510,344.90625,0.21724,0.37534,1.16041,-0.76508,4.12418,0.85669,6.91587,2.33175,26.64581,10.95449,57.43302,8.57677,-36.32758,15.29439,-9.38352,-72.02156,11.52037,6.11800,38.30240,2.30028,280.62388,193.78840,1873.91833,36.90627,0.00345,0.01017,0.05036,-0.02163,0.93621,0.04736,1.06465,0.79135,1.02488,0.06944,1.29179,0.84369,1.95703,0.00216,1.96014,1.94151,-4.99121,1.24634,-2.34073,-9.72779,-1.89851,0.00029,-1.89792,-1.89902,0.00428,0.00113,0.00567,0.00262,-1.89548,0.00072,-1.89440,-1.89646,-1.90153,0.00096,-1.90006,-1.90282,2.31532,1.01492,16.16081,1.03276,0.38961,0.16442,0.97130,0.02831,5.51327,2.11972,16.34553,1.75143
710,1524.598816871643,5824512,208.23149,4281.70257,175.85505,1086.89966,23.11138,414.38544,400.56250,0.12370,0.24286,0.81768,-0.42380,4.11031,0.77746,6.65124,2.34660,25.09350,11.70039,59.68484,7.23185,-39.42009,13.73027,-7.77984,-70.21951,11.27200,5.88861,38.80166,2.51271,292.06325,239.05187,1956.54675,49.74954,0.00371,0.00966,0.06172,-0.01837,0.94016,0.04457,1.06045,0.79385,1.02137,0.06845,1.36981,0.84243,1.95558,0.00253,1.95946,1.94460,-5.08605,1.62270,-2.11307,-18.71666,-1.89768,0.00069,-1.89670,-1.89871,0.00476,0.00054,0.00544,0.00371,-1.89431,0.00043,-1.89359,-1.89507,-1.90104,0.00103,-1.89937,-1.90239,2.30321,0.79128,8.41740,1.03327,0.38664,0.16602,0.96541,0.00000,5.59907,2.31624,18.59236,1.61641
720,1523.8681950569153,5906432,223.42476,3958.44887,168.46009,1084.76715,23.14634,415.86331,414.34375,-0.02931,0.26861,0.68932,-1.10222,4.59134,0.75170,6.88330,2.71225,30.27483,10.64130,53.31592,10.33348,-40.94777,13.51770,-11.62524,-71.12534,13.42538,6.28846,44.94146,3.64323,309.78940,191.25118,1353.25842,72.98666,0.00323,0.00937,0.04581,-0.01999,0.93827,0.04619,1.06218,0.77947,1.01043,0.06320,1.22344,0.81296,1.95159,0.00277,1.95565,1.94071,-4.83616,1.19187,-2.57284,-11.48526,-1.89573,0.00100,-1.89367,-1.89685,0.00378,0.00040,0.00446,0.00315,-1.89306,0.00093,-1.89125,-1.89423,-1.89840,0.00114,-1.89609,-1.89976,2.33136,0.78686,7.44908,1.02571,0.38256,0.17631,0.96880,0.00162,5.49583,2.14401,13.00369,1.72158
730,1525.8010947704315,5988352,253.61121,3771.82887,177.35749,1087.79358,23.08546,414.83128,470.03125,0.11234,0.30856,0.79233,-0.83031,4.36655,0.97379,7.52153,2.72104,22.28247,9.25020,49.13832,8.73484,-41.72572,15.09278,-10.10408,-74.46638,12.71809,7.20578,44.80102,2.81600,293.12900,200.81530,2216.04858,65.78280,0.00349,0.00957,0.04284,-0.01882,0.92906,0.04460,1.04590,0.76520,1.02520,0.06123,1.26689,0.86787,1.94763,0.00201,1.95036,1.93670,-5.10838,1.30645,-2.66545,-11.25585,-1.89373,0.00023,-1.89330,-1.89418,0.00379,0.00045,0.00456,0.00315,-1.89105,0.00035,-1.89024,-1.89156,-1.89641,0.00043,-1.89571,-1.89718,2.34515,0.92082,10.99737,1.03676,0.38813,0.16475,0.94929,0.04054,5.43074,2.18600,13.22462,1.80904
740,1522.4164280891418,6070272,230.96975,4157.49471,168.85932,1084.15029,23.15749,415.10852,450.00000,0.22215,0.29726,0.99471,-0.64063,4.42060,0.97530,7.27102,2.27154,26.89848,11.52758,67.23138,8.49537,-40.53500,14.52726,-7.82170,-73.36488,12.95661,7.07510,41.64213,2.78723,311.12747,222.91620,2130.43213,58.60907,0.00292,0.00982,0.03584,-0.02174,0.93029,0.04530,1.05632,0.79719,1.01825,0.06140,1.25370,0.86366,1.94539,0.00265,1.94982,1.93279,-4.98296,1.17845,-2.72810,-9.81747,-1.89258,0.00087,-1.89105,-1.89399,0.00526,0.00065,0.00644,0.00428,-1.88886,0.00129,-1.88695,-1.89091,-1.89630,0.00052,-1.89472,-1.89710,2.50120,1.13119,12.51148,1.03060,0.34544,0.16662,0.96278,0.00405,5.52009,2.31795,14.21096,1.94626
750,1523.247568845749,6152192,255.00258,4338.15727,187.28229,1085.87379,23.10479,414.17946,463.62500,0.01595,0.33303,0.97876,-0.80799,4.53385,0.77640,7.37347,2.35590,29.40512,11.02113,59.23296,8.35177,-40.70743,15.24449,-12.78790,-75.92284,12.98469,6.44055,43.84419,3.57195,358.23980,230.20428,1338.33606,76.68365,0.00151,0.00912,0.03170,-0.02228,0.91988,0.04670,1.04454,0.76381,1.01991,0.06363,1.34527,0.86582,1.93824,0.00258,1.94376,1.92835,-4.93914,1.27178,-2.67014,-10.32720,-1.88912,0.00083,-1.88774,-1.89104,0.00586,0.00073,0.00721,0.00464,-1.88497,0.00119,-1.88332,-1.88738,-1.89326,0.00071,-1.89103,-1.89470,2.32151,0.83570,8.50900,1.03084,0.38482,0.17647,0.96413,0.00502,5.55533,2.05799,14.86116,1.65570
760,1426.3062918186188,6234112,200.57456,4409.75122,161.67910,1084.03958,23.03098,319.23560,370.59375,-0.02828,0.33827,0.95123,-1.06847,4.17642,0.91493,7.65745,2.15885,25.65397,12.10962,65.42065,7.26158,-41.72120,16.56810,-7.36279,-74.54099,11.22385,6.82353,43.73354,2.98666,286.06493,202.68160,1515.28857,61.22689,0.00292,0.01027,0.04794,-0.02009,0.91993,0.04595,1.05800,0.77881,1.01980,0.06409,1.23673,0.81690,1.93419,0.00229,1.93759,1.92420,-5.05249,1.33325,-2.35035,-10.82037,-1.88707,0.00044,-1.88631,-1.88776,0.00369,0.00050,0.00462,0.00283,-1.88446,0.00038,-1.88357,-1.88504,-1.88967,0.00070,-1.88835,-1.89101,2.35434,0.98098,14.96611,1.03281,0.36484,0.16870,0.97688,0.00069,5.74099,2.34226,14.27911,1.31258
770,1473.3839786052704,6316032,197.67292,4601.68584,173.48698,1081.85544,23.11606,368.41235,373.71875,0.14195,0.38997,1.21317,-0.93173,4.74476,0.93898,8.04461,2.61391,28.38397,9.46125,68.41739,10.41255,-44.53821,16.61836,-9.38462,-72.93796,14.71094,7.63164,44.05715,3.73910,360.99538,262.33251,3760.93823,64.35524,0.00322,0.01018,0.06670,-0.01973,0.91376,0.04734,1.06131,0.77981,1.01806,0.06775,1.25977,0.84156,1.93075,0.00221,1.93465,1.91753,-5.10716,1.47103,-2.51574,-10.78774,-1.88533,0.00046,-1.88468,-1.88631,0.00476,0.00118,0.00674,0.00277,-1.88197,0.00126,-1.88048,-1.88429,-1.88870,0.00049,-1.88808,-1.89017,2.33334,0.81397,10.22984,1.02578,0.38774,0.15685,0.96681,0.02957,5.54427,2.35758,31.11189,1.60397
780,1411.1198201179504,6397952,184.59932,4483.52831,160.29409,1090.59427,23.31130,297.21413,376.18750,0.18131,0.33952,1.07481,-0.65392,4.41243,0.96692,7.29201,2.25913,28.42550,12.56568,63.63331,8.46364,-40.77765,16.44069,-9.24485,-74.76274,12.99417,7.41207,51.52050,2.05435,318.11632,244.03356,2092.41235,41.26628,0.00282,0.00926,0.03135,-0.01749,0.91428,0.04651,1.02638,0.78513,1.01222,0.06344,1.24210,0.84143,1.92947,0.00241,1.93299,1.91275,-4.93902,1.43551,-2.55591,-12.48683,-1.88466,0.00067,-1.88321,-1.88545,0.00679,0.00043,0.00771,0.00609,-1.87986,0.00071,-1.87886,-1.88068,-1.88946,0.00075,-1.88755,-1.89023,2.27922,0.75451,8.75094,1.03135,0.38241,0.16429,0.96656,0.04333,5.60292,2.15739,14.63130,1.74501
790,1520.4062116146088,6479872,244.68035,4373.95596,199.04587,1083.04712,23.18501,414.17397,443.21875,-0.06149,0.34531,0.88322,-1.01643,4.78730,0.99719,8.14294,2.32997,28.44489,12.90675,68.64217,8.01969,-48.76086,14.78048,-9.20943,-75.34516,16.65436,8.55365,64.03562,2.92833,355.32678,218.40506,1584.51672,66.22012,0.00272,0.00944,0.03266,-0.01922,0.91222,0.04544,1.02497,0.77304,1.01476,0.06244,1.23147,0.85583,1.92383,0.00254,1.92830,1.90724,-5.13120,1.37010,-2.29427,-11.82954,-1.88188,0.00068,-1.88089,-1.88321,0.00516,0.00087,0.00619,0.00340,-1.87824,0.00031,-1.87760,-1.87889,-1.88553,0.00126,-1.88332,-1.88754,2.31834,1.06729,19.37418,1.02919,0.38056,0.15900,0.96999,0.00509,5.34643,2.14084,14.26856,1.96017
800,1638.8446049690247,6561792,287.05956,4431.45361,175.64389,1166.99936,24.15484,447.60626,497.34375,0.17609,0.33779,1.12411,-0.79764,4.69975,0.86923,7.65341,2.64644,29.41679,9.78238,69.56149,8.85690,-46.00162,15.28453,-7.94243,-77.62781,15.90013,7.93857,53.16818,3.48923,325.45078,199.10174,1836.14636,60.36764,0.00333,0.00967,0.04191,-0.02017,0.90241,0.04485,1.03552,0.76496,1.01799,0.06441,1.25076,0.86116,1.92074,0.00302,1.92542,1.90783,-5.11779,1.42941,-2.69557,-11.92297,-1.88029,0.00118,-1.87835,-1.88168,0.00223,0.00070,0.00371,0.00098,-1.87871,0.00078,-1.87742,-1.87990,-1.88187,0.00164,-1.87910,-1.88388,2.27884,0.71305,6.73142,1.02548,0.38903,0.16024,0.96942,0.07889,5.49715,2.25809,19.83470,1.83545
810,1521.1732614040375,6643712,288.25205,4475.72112,201.81385,1083.81788,23.17023,413.98588,494.78125,0.00850,0.27838,0.81372,-0.85103,4.96967,1.04649,8.39441,2.67651,32.22711,12.10095,68.00986,9.93958,-47.98159,15.51478,-9.49616,-77.11093,17.53282,9.76997,57.71839,3.81586,363.17485,216.32996,1359.45764,64.07283,0.00234,0.00951,0.04405,-0.02044,0.89961,0.04585,1.02592,0.76437,1.01779,0.06528,1.22117,0.84849,1.91702,0.00195,1.91961,1.90795,-5.10597,1.29319,-2.47237,-9.22118,-1.87840,0.00031,-1.87775,-1.87880,0.00095,0.00042,0.00185,0.00036,-1.87773,0.00023,-1.87732,-1.87815,-1.87907,0.00056,-1.87815,-1.88010,2.29584,0.98391,14.88999,1.03210,0.39492,0.17216,0.97029,0.06014,5.40300,2.08901,16.55754,1.55923
820,1520.4462354183197,6725632,249.83174,4540.12105,185.43676,1083.11699,23.14344,414.18568,461.71875,-0.05431,0.29538,0.82842,-0.80166,5.18800,0.99053,8.42896,3.01469,31.05405,12.20995,64.05794,10.01974,-50.26468,14.62518,-12.06063,-78.01991,19.96519,9.92834,64.65909,5.27353,361.92545,218.12610,1868.85950,76.20635,0.00257,0.00934,0.03732,-0.01870,0.89874,0.04560,1.02948,0.72676,1.01239,0.05761,1.19711,0.86615,1.91426,0.00227,1.91806,1.90235,-4.90887,1.27453,-2.51225,-12.41913,-1.87699,0.00067,-1.87575,-1.87801,0.00078,0.00035,0.00141,0.00022,-1.87644,0.00086,-1.87480,-1.87783,-1.87754,0.00054,-1.87662,-1.87862,2.28858,0.67634,5.47378,1.03479,0.38440,0.16494,0.96992,0.01082,5.53303,2.20978,16.91439,1.62360
830,1522.1961390972137,6807552,286.44101,4419.68773,148.58965,1084.36865,23.14981,414.56885,519.21875,0.21817,0.32007,1.13473,-0.63275,4.57666,1.04526,7.74751,2.23159,30.44149,13.29766,62.72392,8.35768,-44.46971,15.80451,-7.23080,-77.65926,15.76409,8.57870,53.42132,3.34035,378.40368,255.14990,1815.88635,68.23862,0.00227,0.01052,0.04632,-0.02060,0.89578,0.04463,1.04376,0.78836,1.01087,0.05887,1.19297,0.83175,1.90932,0.00284,1.91375,1.89900,-4.99042,1.27776,-2.28017,-10.01886,-1.87463,0.00098,-1.87260,-1.87588,0.00068,0.00036,0.00130,0.00013,-1.87415,0.00094,-1.87179,-1.87513,-1.87512,0.00109,-1.87341,-1.87672,2.15716,0.57811,6.41432,1.03124,0.40734,0.15595,0.96960,0.05538,5.43455,2.25381,14.52856,1.60148
840,1527.1788637638092,6889472,284.96515,4683.69985,190.88716,1085.59328,23.69031,417.80451,533.59375,0.12878,0.48750,1.25306,-1.33775,5.13080,1.22972,8.52389,2.12605,33.73111,13.71841,69.39491,10.71128,-47.52531,16.25869,-7.38095,-79.21700,19.61215,11.41978,64.63291,2.94399,435.49024,264.44829,1617.07581,80.86198,0.00171,0.01398,0.23793,-0.01953,0.89411,0.04592,1.02788,0.75600,1.00942,0.06656,1.22297,0.85059,1.90464,0.00216,1.90716,1.88939,-5.10819,1.41171,-2.25326,-11.41822,-1.87219,0.00021,-1.87169,-1.87259,0.00074,0.00030,0.00122,0.00015,-1.87167,0.00021,-1.87108,-1.87206,-1.87272,0.00037,-1.87192,-1.87340,2.31187,0.92565,11.90282,1.03804,0.41125,0.16423,0.96704,0.00007,5.51147,3.48027,66.84105,1.51282
850,1523.3231637477875,6971392,242.90592,4569.69489,185.17451,1085.33049,23.38277,414.60978,457.00000,-0.04260,0.43015,1.02482,-1.39655,5.02682,0.98743,8.16283,3.00378,31.49724,11.09832,64.49371,9.47689,-47.60002,15.23239,-12.41885,-75.56155,18.24212,9.92362,65.86595,3.89121,393.07417,262.71797,1765.35388,69.90251,0.00259,0.00914,0.03370,-0.02375,0.88761,0.04171,0.99941,0.76887,1.02042,0.06080,1.22870,0.85427,1.90213,0.00247,1.90664,1.88594,-5.02447,1.23033,-2.51631,-8.67408,-1.87102,0.00062,-1.87006,-1.87229,0.00051,0.00027,0.00112,0.00000,-1.87066,0.00078,-1.86927,-1.87209,-1.87138,0.00048,-1.87048,-1.87251,2.31010,0.84179,6.98076,1.03564,0.39844,0.16670,0.96288,0.01723,5.44821,1.99580,12.74675,1.92097
860,1521.4952564239502,7053312,281.03825,4360.93757,188.48787,1083.91402,23.12086,414.46025,513.37500,0.12429,0.28757,1.08816,-0.79814,4.71380,0.96188,8.00298,2.30885,32.76888,13.99028,71.46353,8.83800,-46.35625,14.19062,-8.22316,-76.02796,15.67359,8.04826,48.16916,2.86083,401.51869,264.61183,1955.90979,52.84148,0.00190,0.00920,0.03045,-0.02335,0.88199,0.04862,1.03375,0.73495,1.01759,0.06693,1.21054,0.80396,1.89754,0.00280,1.90211,1.88435,-5.05881,1.19142,-2.72745,-9.58227,-1.86868,0.00097,-1.86729,-1.87007,0.00103,0.00036,0.00160,0.00049,-1.86795,0.00085,-1.86688,-1.86968,-1.86941,0.00114,-1.86766,-1.87108,2.26166,0.77712,8.27397,1.01724,0.40112,0.16512,0.98209,0.02217,5.44290,2.12990,13.96358,1.92927
870,1522.2259261608124,7135232,263.24737,4575.70170,205.43749,1084.51200,23.09338,414.62042,506.68750,0.04967,0.29902,0.93596,-0.93817,4.44992,0.98721,7.67269,2.35636,30.34019,16.07915,72.72357,7.58713,-41.72341,17.68096,-7.01452,-82.83470,13.71772,8.02454,43.42946,2.73529,388.56378,295.36890,2166.31836,61.96716,0.00166,0.00988,0.05215,-0.02290,0.87691,0.04724,1.02217,0.73622,1.01859,0.06584,1.26492,0.85765,1.89430,0.00252,1.89807,1.88122,-5.26785,1.57655,-2.57985,-11.64824,-1.86712,0.00064,-1.86565,-1.86804,0.00036,0.00031,0.00090,0.00000,-1.86687,0.00050,-1.86551,-1.86748,-1.86738,0.00082,-1.86579,-1.86860,2.21676,0.64685,6.59183,1.02702,0.40170,0.16952,0.97039,0.06011,5.35708,2.26163,19.23077,1.89402
880,1522.4547410011292,7217152,291.60780,4506.84177,202.12919,1083.93979,23.15975,415.27071,524.31250,-0.03267,0.36476,0.93098,-1.11968,4.85567,1.10758,8.25149,2.54132,33.46434,14.37320,69.22758,10.93456,-45.51599,16.48118,-8.16282,-80.86577,17.00085,9.73072,60.92398,3.02865,336.53490,232.21941,1591.10449,57.50150,0.00244,0.00928,0.03569,-0.01998,0.86790,0.04663,0.99371,0.68063,1.02598,0.06463,1.29021,0.87165,1.89106,0.00182,1.89337,1.88277,-5.22603,1.29356,-2.37444,-10.37805,-1.86545,0.00018,-1.86501,-1.86567,0.00032,0.00019,0.00066,0.00000,-1.86523,0.00024,-1.86458,-1.86560,-1.86568,0.00020,-1.86519,-1.86600,2.29519,0.69959,6.63339,1.02268,0.39082,0.15720,0.97381,0.05970,5.47022,2.05588,13.32874,1.91183
890,1521.3782963752747,7299072,227.60646,4490.74903,219.99473,1083.09286,23.19821,415.08709,420.21875,0.09134,0.32247,0.79065,-0.95626,4.70578,0.89093,8.10474,2.66368,28.77689,10.81285,61.34500,10.51469,-47.97658,16.05481,-10.63145,-80.66821,15.17575,7.88328,51.67169,4.18444,357.28681,206.09970,1356.86011,78.45160,0.00192,0.00920,0.04209,-0.02403,0.86658,0.04594,0.99501,0.67271,1.02004,0.06561,1.25907,0.87322,1.88911,0.00233,1.89207,1.87561,-5.07075,1.44391,-2.84805,-13.73925,-1.86453,0.00038,-1.86375,-1.86514,0.00054,0.00047,0.00154,0.00000,-1.86415,0.00070,-1.86266,-1.86510,-1.86492,0.00013,-1.86464,-1.86519,2.31077,0.77601,7.94944,1.03144,0.38451,0.16547,0.97268,0.04777,5.20253,2.05265,13.68093,1.94383
900,1521.8023002147675,7380992,297.41794,4374.75192,225.25514,1083.88743,23.19641,414.63344,536.78125,0.04811,0.31019,0.97278,-0.76654,5.16590,0.92674,8.48317,3.09194,35.60439,13.95197,75.90890,9.48350,-46.41814,15.23117,-14.43316,-80.65721,17.68881,8.55808,52.70097,4.12238,411.74099,264.98107,1574.47009,89.01272,0.00367,0.00970,0.07820,-0.02067,0.86993,0.04491,0.99373,0.71376,1.01792,0.06517,1.19876,0.85578,1.88637,0.00238,1.89014,1.87537,-5.07639,1.31833,-2.59217,-10.18881,-1.86310,0.00070,-1.86162,-1.86407,0.00060,0.00034,0.00127,0.00011,-1.86268,0.00054,-1.86151,-1.86327,-1.86352,0.00090,-1.86173,-1.86491,2.37309,0.81969,8.80665,1.03367,0.35477,0.17877,0.97270,0.00239,5.62908,2.30085,27.01533,1.72543
910,1522.6463098526,7462912,222.43684,4747.90691,189.76501,1084.08516,23.13647,415.33807,435.28125,0.16451,0.38475,1.37702,-0.93034,4.95250,0.99127,7.82305,2.75501,31.23947,13.41465,69.23456,8.77009,-48.65216,15.94590,-9.31674,-81.24631,17.42705,8.49116,58.74180,4.10693,398.59490,269.35837,1830.21118,67.65574,0.00260,0.00882,0.03513,-0.01689,0.85910,0.04701,0.97952,0.69560,1.00918,0.06613,1.20093,0.83845,1.88045,0.00262,1.88505,1.87080,-4.94169,1.37466,-2.63343,-12.35960,-1.86021,0.00086,-1.85913,-1.86161,0.00134,0.00047,0.00209,0.00017,-1.85926,0.00113,-1.85776,-1.86149,-1.86116,0.00065,-1.86029,-1.86225,2.53041,2.97651,52.78460,1.02895,0.38735,0.16712,0.97054,0.01489,5.37150,2.02859,14.06590,1.92699
920,1520.4201936721802,7544832,303.33805,4591.75026,185.33726,1082.62486,23.12319,414.58665,530.93750,0.02061,0.30186,0.81204,-0.78321,4.99572,1.02911,8.80970,2.83518,31.08728,14.87114,77.30347,6.27759,-49.88367,15.35646,-12.41673,-80.02467,17.05610,9.81151,73.33370,4.10589,381.87763,241.80023,1557.91589,80.78120,0.00166,0.00850,0.02862,-0.02222,0.86031,0.04977,0.99797,0.68261,1.02000,0.06941,1.31025,0.83339,1.87874,0.00205,1.88142,1.86913,-5.11721,1.33993,-2.55712,-9.70232,-1.85927,0.00049,-1.85805,-1.85973,0.00160,0.00037,0.00235,0.00109,-1.85813,0.00036,-1.85725,-1.85853,-1.86040,0.00070,-1.85883,-1.86125,2.28950,0.78133,7.68667,1.02799,0.39165,0.17334,0.97530,0.00527,5.32325,1.84452,11.85870,1.96512
930,1520.0290188789368,7626752,268.20524,4591.12103,220.08761,1082.15174,23.15874,414.71841,501.21875,0.05418,0.43262,1.12915,-1.16287,4.71818,1.00782,8.28475,2.57083,32.60223,14.21754,73.65575,8.29676,-45.01165,16.39014,-10.70029,-81.01548,14.55327,8.67996,62.09615,2.75593,334.67690,205.78660,1578.15894,74.86454,0.00097,0.00900,0.05233,-0.02022,0.85987,0.04524,0.99401,0.69935,1.01242,0.06633,1.30366,0.81126,1.87423,0.00228,1.87816,1.86219,-4.99735,1.34899,-2.15583,-9.57337,-1.85713,0.00036,-1.85659,-1.85806,0.00182,0.00033,0.00232,0.00105,-1.85584,0.00047,-1.85512,-1.85729,-1.85842,0.00039,-1.85781,-1.85918,2.20393,0.67263,6.87987,1.02930,0.39749,0.16773,0.97204,0.04252,4.97151,1.81203,15.53743,1.68117
940,1519.5433781147003,7708672,283.83882,4438.68559,175.21480,1081.51997,23.15107,414.87222,500.43750,-0.07935,0.34246,0.88450,-1.09681,4.84819,1.12489,7.49101,2.23927,31.67401,13.88274,78.40601,6.75071,-45.10164,15.35614,-10.52530,-84.18923,16.03802,9.10046,54.53728,2.69613,428.29474,283.39843,2566.28247,46.58920,0.00196,0.00924,0.06054,-0.01727,0.85593,0.04338,0.97296,0.73918,1.01996,0.06269,1.23947,0.82884,1.87199,0.00251,1.87639,1.86035,-5.06040,1.18712,-2.72504,-10.73165,-1.85595,0.00081,-1.85478,-1.85728,0.00139,0.00083,0.00239,0.00001,-1.85497,0.00039,-1.85411,-1.85565,-1.85694,0.00136,-1.85505,-1.85892,2.27336,0.79040,8.94885,1.02295,0.39952,0.17047,0.97657,0.04319,5.15340,2.03834,22.31104,1.99635
950,1519.398551940918,7790592,305.14624,4540.35360,226.38819,1082.05209,23.25222,414.09412,537.75000,0.02469,0.43907,1.02165,-1.18260,4.60724,1.24190,9.11897,2.44232,30.57161,12.15069,57.44202,7.77024,-38.56449,18.40889,-8.33228,-79.77347,14.39169,11.32643,77.74161,4.00031,377.19246,318.18960,2397.82935,62.94798,0.00144,0.00933,0.03406,-0.02178,0.85901,0.04461,0.96868,0.70371,1.01759,0.06587,1.30412,0.85524,1.87029,0.00196,1.87335,1.86258,-5.24608,1.37041,-2.59633,-11.44000,-1.85517,0.00026,-1.85475,-1.85569,0.00153,0.00068,0.00280,0.00020,-1.85408,0.00032,-1.85365,-1.85510,-1.85625,0.00071,-1.85524,-1.85761,2.26033,0.85493,9.56735,1.02724,0.39753,0.17310,0.97434,0.02704,5.39783,1.97567,13.12254,1.76398
960,1491.6145074367523,7872512,257.16503,4630.83831,180.25181,1087.07046,23.14444,381.39949,461.50000,-0.13621,0.39235,0.55080,-1.86054,4.43445,1.10568,8.23915,2.41601,27.06413,14.63697,72.40182,6.07594,-44.36834,17.49794,-11.18224,-77.73579,14.03860,8.41417,46.73411,2.96862,358.47107,280.62421,1789.90515,49.21082,0.00213,0.00882,0.04884,-0.02339,0.85199,0.04638,0.99729,0.69913,1.01948,0.06662,1.19932,0.80874,1.86970,0.00270,1.87349,1.84832,-5.06886,1.16165,-2.53561,-9.12980,-1.85484,0.00057,-1.85378,-1.85572,0.00243,0.00040,0.00319,0.00183,-1.85312,0.00076,-1.85165,-1.85396,-1.85656,0.00048,-1.85589,-1.85767,2.12690,0.68017,5.71598,1.02293,0.41537,0.17898,0.96999,0.00878,5.28160,2.15359,16.94897,1.74940
970,1476.1754279136658,7954432,233.63500,4597.34272,179.90570,1085.57653,23.15339,367.44538,420.18750,0.04046,0.34426,0.92088,-0.99198,4.49732,0.91273,7.39802,2.32208,29.83766,12.51799,66.43768,8.50165,-43.27847,16.26650,-7.88655,-83.69973,14.23318,7.45912,43.99387,3.45922,409.55638,297.36306,2911.41919,72.77623,0.00131,0.00881,0.03425,-0.01978,0.85249,0.04879,0.98925,0.71476,1.01600,0.07070,1.22485,0.85137,1.86633,0.00225,1.86976,1.85483,-5.09648,1.41828,-2.57967,-11.26373,-1.85314,0.00057,-1.85233,-1.85383,0.00394,0.00060,0.00511,0.00301,-1.85035,0.00098,-1.84900,-1.85168,-1.85593,0.00025,-1.85541,-1.85633,2.15912,0.74603,8.54690,1.02378,0.41331,0.17130,0.97501,0.02859,5.32369,1.98247,14.17208,1.96625
980,1521.990104675293,8036352,276.37356,4685.30206,210.26015,1083.32011,23.25433,415.41554,492.37500,0.02891,0.28308,0.73856,-0.75691,4.46881,1.01171,7.59822,2.41783,30.50309,13.68631,71.20193,9.96070,-43.00109,15.62170,-10.77104,-77.77107,14.17358,7.79926,49.66284,3.15094,379.64037,262.37224,2130.18042,70.60302,0.00049,0.00851,0.02460,-0.02386,0.85069,0.04877,0.98179,0.65208,1.01365,0.06481,1.21704,0.84447,1.86387,0.00214,1.86755,1.85261,-5.17740,1.53885,-2.74152,-10.84708,-1.85182,0.00048,-1.85105,-1.85274,0.00605,0.00064,0.00704,0.00511,-1.84754,0.00092,-1.84612,-1.84910,-1.85610,0.00018,-1.85583,-1.85642,2.13861,0.63672,5.29511,1.02276,0.42130,0.16937,0.97166,0.04352,5.35809,1.93037,12.91943,1.81084
990,1523.3534290790558,8118272,263.91135,4514.00267,199.11887,1086.56707,23.13564,413.65060,472.71875,-0.04797,0.51890,0.85390,-1.86955,5.28090,0.86007,7.85490,3.11749,34.17201,13.48508,72.99146,10.84389,-49.81978,14.28501,-9.97552,-79.19380,19.56388,8.73042,51.02522,5.11142,481.10030,346.66782,2470.24707,81.30588,0.00147,0.00837,0.04195,-0.02431,0.84931,0.04461,0.96095,0.73460,1.01343,0.06449,1.19403,0.82116,1.86047,0.00205,1.86460,1.85057,-5.09156,1.30876,-2.60119,-9.87916,-1.85012,0.00049,-1.84951,-1.85127,0.00710,0.00031,0.00770,0.00677,-1.84509,0.00039,-1.84469,-1.84628,-1.85514,0.00066,-1.85429,-1.85627,2.12730,0.65099,6.16531,1.03346,0.42440,0.16924,0.97603,0.03179,5.33725,1.81962,13.33009,1.90939
1000,1520.3051779270172,8200192,316.08770,4583.43952,228.54493,1083.10462,23.10816,414.00987,540.53125,0.11544,0.29112,1.16336,-0.65190,4.37354,1.03628,7.87586,2.00533,28.15968,13.28647,67.70032,7.29918,-42.15210,17.81889,-9.45399,-81.62286,12.31391,7.28353,53.44415,2.57270,330.22141,250.86845,1661.30957,57.00734,0.00224,0.00934,0.06686,-0.01995,0.84099,0.04471,0.99193,0.68921,1.01702,0.06508,1.21798,0.84334,1.85861,0.00201,1.86119,1.84652,-5.09849,1.31104,-2.70884,-11.04940,-1.84922,0.00020,-1.84883,-1.84954,0.00784,0.00057,0.00839,0.00657,-1.84368,0.00037,-1.84330,-1.84472,-1.85476,0.00051,-1.85367,-1.85546,2.24075,0.92432,12.69391,1.03218,0.39377,0.18125,0.97408,0.00339,5.32723,2.35616,25.21234,1.93871
1010,1521.2526104450226,8282112,279.16679,4567.57902,251.07204,1083.36387,23.15345,414.63241,502.43750,0.06371,0.36028,0.89896,-0.96052,4.36124,1.15469,8.11276,1.69860,29.22388,14.57972,67.06476,5.89351,-39.28475,17.95721,-7.38776,-77.69228,13.63119,8.48949,52.31814,2.26090,395.16600,322.24444,2933.50293,46.92411,0.00094,0.00801,0.02714,-0.01868,0.85103,0.04708,0.97923,0.70840,1.01277,0.06611,1.20919,0.83875,1.85761,0.00225,1.86121,1.84094,-5.14150,1.21455,-2.68881,-10.41988,-1.84875,0.00042,-1.84819,-1.84958,0.00840,0.00033,0.00904,0.00774,-1.84282,0.00060,-1.84183,-1.84379,-1.85469,0.00032,-1.85425,-1.85542,2.04456,0.61976,5.77144,1.01755,0.45702,0.16320,0.98871,0.02126,5.22204,1.88185,14.11354,1.87291
1020,1521.0849831104279,8364032,277.22153,4459.34257,206.15527,1082.74624,23.46900,414.86962,515.87500,-0.17353,0.30047,0.66917,-1.01197,4.70774,0.87260,7.45991,2.77156,28.90024,13.36826,69.48156,6.39756,-45.70469,14.82133,-13.83905,-83.25538,15.98152,7.90789,50.37893,4.32933,396.75691,275.94675,1834.74097,76.56652,0.00127,0.00822,0.03883,-0.02112,0.84112,0.04728,0.98283,0.69567,1.01297,0.06370,1.22270,0.86193,1.85564,0.00215,1.85922,1.84622,-5.08117,1.35027,-2.32603,-10.13396,-1.84772,0.00046,-1.84718,-1.84857,0.00768,0.00045,0.00850,0.00679,-1.84230,0.00027,-1.84187,-1.84271,-1.85315,0.00074,-1.85221,-1.85452,2.02483,0.55934,5.53431,1.02321,0.45062,0.16573,0.97754,0.08960,5.25892,2.03719,12.08376,2.18219
1030,1517.7301619052887,8445952,241.37022,4746.30551,178.93483,1081.03947,23.19410,413.49646,412.68750,0.13210,0.36435,1.25004,-0.76734,4.92413,1.33675,8.48409,2.09050,31.19403,15.07946,75.77274,6.97207,-45.20106,17.49765,-6.47221,-79.15827,18.72926,10.62975,54.93435,2.85176,437.36208,347.62354,2909.55078,55.61237,0.00059,0.00894,0.03262,-0.02518,0.83866,0.04596,0.97099,0.69132,1.01949,0.06305,1.19939,0.80866,1.85417,0.00218,1.85712,1.84149,-5.07254,1.33633,-2.76496,-10.02831,-1.84706,0.00039,-1.84637,-1.84755,0.00681,0.00025,0.00734,0.00641,-1.84224,0.00043,-1.84120,-1.84276,-1.85187,0.00043,-1.85121,-1.85250,2.05350,0.57304,5.07644,1.01670,0.42650,0.16563,0.97338,0.05564,5.10601,1.96086,13.53976,1.55908
1040,1518.5208775997162,8527872,229.90823,4448.77250,215.30546,1081.52480,23.14833,413.84762,426.25000,-0.13051,0.42413,0.90919,-1.41380,5.23778,1.04650,7.92568,2.44027,32.67342,14.93251,67.00917,7.22793,-49.82215,14.82493,-10.36175,-78.02462,19.61555,9.94160,57.01437,3.82390,476.15507,300.78649,2288.04907,87.51427,0.00119,0.00885,0.03936,-0.01878,0.83746,0.04592,0.96329,0.70725,1.01541,0.06636,1.28520,0.84224,1.85175,0.00215,1.85498,1.84002,-5.09099,1.32690,-2.29194,-11.17624,-1.84592,0.00032,-1.84536,-1.84645,0.00754,0.00060,0.00903,0.00677,-1.84059,0.00028,-1.83976,-1.84119,-1.85126,0.00070,-1.85032,-1.85258,2.14175,0.66464,6.34098,1.01741,0.41887,0.17276,0.97486,0.01043,5.14966,1.94800,14.16863,1.81958
1050,1517.3791818618774,8609792,332.63061,4499.08317,211.83032,1081.08136,23.11013,413.10469,572.37500,0.09631,0.34394,0.79977,-1.08477,4.16067,1.11332,7.08857,1.93565,27.11918,12.96500,68.62927,7.01802,-41.09455,18.77293,-5.93659,-76.77089,12.35016,7.48041,39.70779,2.20233,346.04937,269.38991,1792.47607,35.41610,0.00057,0.00844,0.03709,-0.02246,0.84454,0.04389,0.94273,0.69624,1.00645,0.05819,1.20050,0.85627,1.85327,0.00186,1.85610,1.84292,-5.00090,1.19605,-2.57687,-10.03841,-1.84649,0.00043,-1.84568,-1.84702,0.00947,0.00023,0.00991,0.00904,-1.83980,0.00032,-1.83916,-1.84031,-1.85319,0.00056,-1.85219,-1.85390,1.97116,0.50914,5.17748,1.03111,0.46000,0.15382,0.96813,0.10138,5.16202,2.03372,19.41179,1.81860
1060,1518.5115115642548,8691712,233.85081,4355.62662,240.71843,1081.98733,23.09137,413.43269,404.40625,0.02254,0.38304,1.13362,-0.95489,4.60118,0.97130,7.90116,2.33731,33.14973,15.56066,69.09310,6.10275,-42.09025,17.79801,-8.31296,-85.32256,14.35789,7.80750,53.77419,4.32262,417.89237,281.31561,2064.05200,90.66096,0.00086,0.00818,0.04771,-0.02069,0.84101,0.04247,0.96817,0.72760,1.01596,0.06318,1.22158,0.81348,1.85184,0.00211,1.85552,1.84137,-5.22517,1.35354,-2.88240,-10.95948,-1.84586,0.00030,-1.84552,-1.84679,0.00930,0.00025,0.00992,0.00892,-1.83928,0.00017,-1.83901,-1.83978,-1.85244,0.00046,-1.85201,-1.85380,2.06356,0.84028,12.72198,1.03245,0.44585,0.17255,0.97721,0.08830,5.35207,1.92581,14.80594,1.69090
1070,1543.313287973404,8773632,322.75170,4489.83402,169.61848,1082.99499,23.14450,437.17367,549.31250,0.00393,0.25842,0.77797,-0.81905,4.45856,0.87226,7.11173,2.04096,27.76828,10.99872,54.32785,8.02706,-45.25006,15.56497,-7.96053,-76.56287,14.78886,7.09889,39.10344,2.52660,405.95561,278.26457,2122.03076,53.22391,0.00057,0.00788,0.02834,-0.02073,0.84333,0.04330,0.98416,0.72212,1.00452,0.05707,1.17670,0.85193,1.84968,0.00235,1.85348,1.83752,-4.96375,1.11100,-2.70156,-8.83832,-1.84482,0.00050,-1.84361,-1.84568,0.00988,0.00035,0.01060,0.00928,-1.83783,0.00072,-1.83611,-1.83905,-1.85181,0.00032,-1.85110,-1.85232,1.97618,0.56055,5.68626,1.02583,0.44855,0.16773,0.98435,0.07412,5.21905,1.79477,11.22624,1.83274
1080,1521.1124222278595,8855552,274.24034,4432.54477,213.02594,1083.35496,23.31498,414.44235,488.93750,-0.03834,0.27077,0.63071,-0.75314,4.62065,0.89935,7.48765,2.68344,32.41739,14.06301,73.68779,8.48972,-45.71157,16.16800,-8.89946,-83.16347,15.39845,7.86482,48.27644,3.72176,371.28222,244.97718,2350.05103,84.81850,0.00195,0.00849,0.03473,-0.01573,0.83832,0.04360,1.00366,0.69613,1.00604,0.06145,1.22452,0.78299,1.84545,0.00232,1.84922,1.83648,-4.94322,1.19887,-2.36035,-10.49588,-1.84261,0.00064,-1.84172,-1.84360,0.01070,0.00027,0.01121,0.01031,-1.83505,0.00081,-1.83390,-1.83624,-1.85018,0.00050,-1.84944,-1.85110,2.06458,0.63929,7.62066,1.02447,0.43844,0.16695,0.97378,0.04353,5.69329,2.32587,17.81730,1.88908
1090,1522.8434047698975,8937472,320.27386,4791.24382,218.22725,1085.33216,23.43521,414.07591,542.37500,0.14046,0.28172,1.02720,-0.75382,4.20166,1.03103,7.98308,2.22061,30.20063,12.99668,69.48431,10.25503,-39.35312,17.81133,-8.57260,-80.20318,13.04882,8.23352,52.26600,2.88069,333.23091,228.16565,1337.49683,63.13267,0.00109,0.00811,0.02883,-0.02063,0.83864,0.04515,0.99280,0.69660,1.00486,0.06426,1.22783,0.79985,1.84484,0.00195,1.84739,1.83389,-5.15544,1.44932,-2.68124,-10.74232,-1.84231,0.00024,-1.84192,-1.84270,0.01107,0.00041,0.01177,0.01048,-1.83448,0.00019,-1.83415,-1.83474,-1.85014,0.00050,-1.84939,-1.85092,2.00553,0.56038,5.40444,1.01454,0.45309,0.16019,0.98531,0.03116,5.32369,1.77489,11.25890,1.95024
1100,1520.742753982544,9019392,276.49399,4629.15709,212.30361,1084.46419,23.23585,413.04259,475.46875,-0.01642,0.37936,0.71892,-1.10106,4.90318,1.15765,8.47532,2.51871,33.03145,13.09779,66.32984,10.13673,-46.23278,16.31550,-10.07671,-74.37538,17.71902,9.87946,64.52343,4.19445,441.57194,305.67337,1887.42407,71.09671,0.00068,0.00768,0.02548,-0.01877,0.83236,0.04285,0.95490,0.66176,1.01411,0.06150,1.29959,0.85495,1.84349,0.00217,1.84631,1.83175,-5.21587,1.37935,-2.47618,-11.80590,-1.84170,0.00032,-1.84114,-1.84214,0.01003,0.00027,0.01066,0.00964,-1.83461,0.00029,-1.83419,-1.83508,-1.84879,0.00044,-1.84804,-1.84939,1.96720,0.48747,4.38908,1.01722,0.45473,0.16605,0.97656,0.06793,5.17472,1.84898,13.30579,1.55277
1110,1518.67697930336,9101312,296.75308,4493.32348,160.79206,1081.39591,23.17166,414.03097,525.62500,-0.13021,0.45720,0.91299,-1.25666,4.75620,1.13974,8.08261,2.38315,28.98044,13.13724,78.70815,7.92894,-46.21144,19.51080,-8.63136,-78.92245,16.86181,10.12727,61.58411,3.03459,411.40354,288.17870,1668.86267,62.64127,0.00092,0.00812,0.04088,-0.01937,0.83311,0.04640,0.96194,0.69123,1.01008,0.06277,1.21207,0.85061,1.84205,0.00186,1.84462,1.83397,-4.96021,1.28692,-2.73909,-10.51485,-1.84084,0.00024,-1.84023,-1.84138,0.00963,0.00015,0.00999,0.00937,-1.83403,0.00031,-1.83323,-1.83455,-1.84765,0.00021,-1.84721,-1.84821,1.88130,0.45513,5.32992,1.02225,0.49151,0.16135,0.97766,0.11629,5.17135,2.01434,16.58745,1.63476
1120,1460.493041753769,9183232,252.00859,4495.38414,190.10645,1082.12852,23.12488,355.23952,426.46875,0.01308,0.29059,0.83451,-0.99588,5.30881,1.05716,8.75548,2.54452,34.83764,12.69042,70.18441,9.51672,-47.74244,15.80459,-9.71887,-80.18765,20.90545,9.82551,76.71216,4.99708,528.80443,315.49546,3021.71118,96.00797,0.00165,0.00751,0.02574,-0.01778,0.83189,0.04295,0.96283,0.70548,1.00717,0.06099,1.18789,0.83470,1.83974,0.00195,1.84238,1.83033,-4.98747,1.19039,-2.22350,-8.89766,-1.83978,0.00029,-1.83928,-1.84023,0.00997,0.00014,0.01014,0.00963,-1.83274,0.00034,-1.83229,-1.83327,-1.84683,0.00026,-1.84619,-1.84721,1.92901,0.47052,5.39351,1.02089,0.47653,0.15638,0.97868,0.09054,5.50477,2.06036,13.97140,1.78854
1130,1516.2640945911407,9265152,278.39032,4558.65292,209.95509,1079.12746,23.16437,413.97213,495.81250,0.04590,0.32447,0.76027,-1.20443,4.67992,0.99953,7.80824,2.40613,30.80537,14.49902,71.45708,9.87567,-43.85915,14.68291,-9.88318,-81.70797,16.78381,8.66610,50.48570,4.34329,460.34539,345.16450,2127.47266,98.12687,0.00079,0.00758,0.02675,-0.01976,0.83003,0.04511,0.97643,0.70041,1.01151,0.06648,1.24043,0.81430,1.83862,0.00204,1.84130,1.82676,-5.13828,1.35689,-2.22196,-10.21029,-1.83922,0.00026,-1.83865,-1.83962,0.00992,0.00020,0.01041,0.00967,-1.83221,0.00038,-1.83129,-1.83278,-1.84623,0.00018,-1.84591,-1.84648,1.86969,0.50512,6.18419,1.02054,0.49086,0.15221,0.97910,0.08998,5.25356,1.95727,12.97974,1.79612
1140,1521.976069688797,9347072,241.36656,4507.24566,158.93804,1084.61756,23.24977,414.10862,460.15625,0.03822,0.33827,0.94565,-1.08848,4.54056,0.96180,8.43630,2.35044,33.25478,11.93017,62.43543,9.66774,-40.16899,15.93106,-13.33377,-84.16678,14.77136,7.78536,59.80560,3.61036,480.78221,317.45514,2406.04590,67.30581,0.00046,0.00751,0.03131,-0.01843,0.82757,0.04724,0.95234,0.68810,1.00899,0.06676,1.19343,0.83501,1.83636,0.00184,1.83912,1.82792,-5.10025,1.31245,-2.45010,-11.39454,-1.83806,0.00021,-1.83774,-1.83864,0.00959,0.00040,0.01042,0.00918,-1.83128,0.00022,-1.83084,-1.83166,-1.84484,0.00045,-1.84429,-1.84601,1.89502,0.49144,4.26622,1.02754,0.49707,0.15665,0.97292,0.06593,5.30443,1.91360,12.48082,1.73400
1150,1518.0979351997375,9428992,317.57035,4693.09285,194.90627,1080.93313,23.38362,413.78105,559.62500,-0.07906,0.29708,0.76866,-0.87692,4.79755,0.94336,7.58067,2.67659,29.93002,12.40658,72.58449,8.13129,-47.85332,14.71711,-12.39673,-76.95759,16.59204,7.76812,49.50384,4.11507,367.23395,216.02010,1674.05066,71.99367,0.00112,0.00738,0.03328,-0.01704,0.82830,0.04468,0.96866,0.69184,1.00577,0.06139,1.24674,0.83590,1.83559,0.00202,1.83847,1.82215,-5.05259,1.38171,-2.58078,-10.43865,-1.83765,0.00044,-1.83684,-1.83826,0.00914,0.00020,0.00940,0.00866,-1.83119,0.00055,-1.83024,-1.83212,-1.84412,0.00036,-1.84343,-1.84475,1.89531,0.47338,6.03555,1.01544,0.49191,0.15602,0.98117,0.08844,5.13279,1.90135,14.14204,1.95244
1160,1521.1371338367462,9510912,383.40929,4660.20491,191.35915,1083.79123,23.29113,413.97180,640.09375,0.15342,0.29819,1.05593,-0.81880,4.67981,0.95072,7.55241,2.31580,31.74161,14.06973,77.72584,8.34153,-43.94184,16.97498,-7.73007,-78.43829,15.64165,8.09371,46.67554,3.97809,418.98841,271.96707,1970.24744,83.13280,-0.00021,0.00747,0.02579,-0.02046,0.82507,0.04240,0.94796,0.66786,1.01158,0.06297,1.20847,0.84579,1.83201,0.00215,1.83576,1.82297,-5.05242,1.20519,-2.30850,-10.68178,-1.83589,0.00047,-1.83493,-1.83683,0.00885,0.00016,0.00931,0.00861,-1.82963,0.00040,-1.82864,-1.83025,-1.84215,0.00054,-1.84122,-1.84342,1.86427,0.54359,6.49911,1.01764,0.49697,0.16625,0.98689,0.02343,5.04426,1.74124,11.67950,1.56624
1170,1522.5681293010712,9592832,323.58126,4734.68851,179.47936,1083.12440,23.35678,416.08683,564.65625,-0.10702,0.36242,0.79449,-1.21981,5.18621,0.89286,8.45841,2.81839,33.17720,15.74201,76.29816,8.40314,-51.69249,15.27035,-15.70992,-80.96764,21.65756,8.64168,55.76343,6.51922,428.53855,250.47718,2526.72974,87.68395,0.00065,0.00752,0.02988,-0.02686,0.81932,0.04616,0.96040,0.66422,1.01256,0.06405,1.22233,0.85540,1.82922,0.00193,1.83175,1.81739,-5.16664,1.32959,-2.40244,-9.89745,-1.83447,0.00020,-1.83386,-1.83492,0.00941,0.00041,0.01034,0.00890,-1.82781,0.00047,-1.82655,-1.82863,-1.84113,0.00018,-1.84079,-1.84145,1.84962,0.46818,6.01204,1.01900,0.51055,0.15511,0.97862,0.08825,5.27135,2.10716,19.63519,1.85273
1180,1516.507734298706,9674752,290.92676,4612.52204,215.49154,1079.82431,23.37163,413.31167,492.18750,0.07692,0.31624,1.16508,-0.89828,4.28963,0.91855,7.88685,1.77933,28.81348,12.72661,73.00461,8.57531,-41.81062,16.67560,-7.82602,-79.41782,14.30450,7.38186,43.64117,2.36089,363.68330,242.38212,1758.11621,57.96788,-0.00002,0.00691,0.02431,-0.01809,0.81977,0.04592,0.93610,0.67756,1.00102,0.06724,1.22896,0.80396,1.82734,0.00212,1.82978,1.81506,-5.06501,1.44268,-2.47046,-12.55783,-1.83358,0.00019,-1.83328,-1.83385,0.00973,0.00047,0.01043,0.00896,-1.82670,0.00021,-1.82617,-1.82706,-1.84046,0.00050,-1.83970,-1.84117,1.80688,0.57978,10.02042,1.01757,0.54110,0.14292,0.98577,0.16427,5.06379,1.70529,12.13947,1.78406
1190,1516.726280927658,9756672,261.82837,4717.10874,250.16529,1080.42520,23.36614,412.93482,457.81250,0.05323,0.25766,0.77680,-0.62967,4.54058,0.99102,7.80116,2.37285,31.31581,12.68583,65.82613,7.50659,-45.59814,18.52042,-8.94268,-81.76717,16.23813,8.41533,53.72416,4.44339,399.26376,277.69703,1896.45630,68.67530,0.00041,0.00713,0.02958,-0.02207,0.81842,0.04365,0.93895,0.67065,1.00603,0.06615,1.20580,0.84189,1.82692,0.00203,1.82911,1.80948,-5.02840,1.36282,-2.63525,-10.93074,-1.83334,0.00009,-1.83321,-1.83353,0.00926,0.00024,0.00967,0.00885,-1.82679,0.00014,-1.82657,-1.82710,-1.83989,0.00024,-1.83960,-1.84031,1.79692,0.40861,4.89855,1.01828,0.52339,0.15222,0.97723,0.08425,5.00561,1.81501,13.06778,1.77970
1200,1522.2677142620087,9838592,277.27603,4802.32887,209.81459,1082.63552,23.47996,416.15211,467.00000,0.13680,0.26400,0.91507,-0.85994,4.66151,1.24642,7.69119,2.15123,30.12839,12.75676,69.42313,7.88072,-43.98133,17.43875,-7.43227,-74.61855,16.87532,9.63380,54.99342,2.35381,421.42212,318.41367,2196.56812,61.87022,0.00073,0.00706,0.02688,-0.01765,0.81747,0.04606,0.95826,0.64309,1.01010,0.06063,1.18890,0.81816,1.82662,0.00198,1.82930,1.81230,-5.08882,1.32448,-2.22652,-10.21417,-1.83317,0.00034,-1.83261,-1.83363,0.01004,0.00025,0.01041,0.00957,-1.82607,0.00049,-1.82529,-1.82663,-1.84027,0.00022,-1.83988,-1.84070,1.83012,0.50707,5.80307,1.01970,0.52260,0.15628,0.97992,0.13027,5.43921,1.76797,12.15155,2.02387
1210,1521.348670244217,9920512,359.55857,4770.37925,178.61134,1084.15729,23.25245,413.85889,608.00000,0.00022,0.27172,0.64492,-1.02288,4.63569,1.01657,7.88963,2.20207,29.82614,11.99608,56.77757,8.80561,-45.39524,15.84604,-8.32782,-79.64845,17.44452,8.45005,62.18351,3.25067,479.14042,343.59560,2439.86255,64.97156,-0.00045,0.00693,0.02119,-0.01961,0.82492,0.04148,0.94801,0.68858,1.00350,0.05843,1.20125,0.86630,1.82623,0.00202,1.82842,1.81307,-4.97757,1.05041,-2.67793,-8.06154,-1.83305,0.00016,-1.83260,-1.83329,0.01048,0.00014,0.01079,0.01026,-1.82564,0.00012,-1.82533,-1.82588,-1.84046,0.00024,-1.83988,-1.84079,1.78562,0.42666,4.30321,1.01639,0.53490,0.15566,0.98182,0.09040,5.27952,1.78516,13.48282,2.18055
1220,1520.554392337799,10002432,325.88064,4456.66816,202.92058,1083.41272,23.07851,414.06304,533.34375,0.10741,0.37681,1.02816,-0.82356,4.73929,1.00165,7.46945,2.22871,31.21842,11.34462,59.21128,8.94746,-45.64147,17.76020,-7.78779,-82.17229,17.95724,8.69578,50.48450,4.06987,485.82875,335.63734,2496.27612,67.81601,0.00015,0.00680,0.02110,-0.01923,0.82637,0.04562,0.97835,0.70608,1.00155,0.06151,1.21159,0.83412,1.82522,0.00201,1.82812,1.81415,-4.95465,1.20860,-2.53169,-8.95129,-1.83250,0.00022,-1.83221,-1.83303,0.00931,0.00076,0.01054,0.00799,-1.82591,0.00034,-1.82554,-1.82662,-1.83908,0.00074,-1.83792,-1.84049,1.81620,0.46612,5.99683,1.01740,0.53207,0.15290,0.98070,0.10081,5.51793,1.83665,13.19579,2.17931
1230,1518.6293020248413,10084352,263.61498,4744.70738,197.50108,1080.71870,23.14235,414.76813,475.09375,0.00494,0.26352,0.65439,-0.86957,4.18283,1.04069,7.85689,1.98638,26.13074,12.22977,73.00166,6.52329,-40.25657,16.34364,-6.40851,-77.12638,13.86086,7.76287,62.14663,2.21116,396.33631,316.25085,2689.29541,46.32497,-0.00041,0.00694,0.02118,-0.01727,0.81433,0.04675,0.93902,0.67885,1.01104,0.06091,1.17229,0.85514,1.82368,0.00209,1.82658,1.81254,-4.93065,1.16305,-2.76737,-9.42581,-1.83174,0.00032,-1.83126,-1.83226,0.00854,0.00025,0.00889,0.00800,-1.82570,0.00043,-1.82497,-1.82660,-1.83778,0.00028,-1.83738,-1.83822,1.74061,0.33353,3.47319,1.02007,0.52500,0.14487,0.98209,0.14210,5.36545,1.79789,12.20228,2.17465
1240,1519.5359933376312,10166272,290.51861,4825.46834,160.33466,1080.16368,23.12073,416.25146,580.71875,0.05379,0.35288,0.85672,-1.21711,4.28406,1.04041,8.32458,2.23134,28.72044,14.83934,73.08113,7.23456,-39.96576,18.00864,-10.76616,-80.21627,13.36760,8.08781,70.45311,2.57872,434.26067,363.82090,2685.73755,49.20857,0.00054,0.00700,0.02802,-0.01794,0.80806,0.04491,0.97032,0.64985,1.01308,0.06335,1.23932,0.82099,1.82137,0.00207,1.82457,1.81181,-5.16209,1.37906,-2.71524,-12.53561,-1.83061,0.00034,-1.83018,-1.83126,0.00858,0.00032,0.00898,0.00809,-1.82455,0.00015,-1.82427,-1.82497,-1.83667,0.00055,-1.83596,-1.83757,1.86043,0.46530,4.89159,1.01067,0.51126,0.15390,0.97954,0.14172,5.33406,1.69242,13.16039,2.44208
1250,1517.842954158783,10248192,322.25826,4836.79110,215.67712,1079.95090,23.10041,414.79153,552.62500,-0.14704,0.37507,0.75291,-1.10043,4.42154,0.92126,7.33012,2.25151,28.93113,13.84492,68.79288,7.14736,-44.37356,16.36203,-8.48423,-80.94466,15.30079,7.28596,48.28746,2.65917,433.37823,312.40888,2635.07983,69.40009,0.00026,0.00716,0.02219,-0.01647,0.81182,0.04528,0.98319,0.68182,1.00095,0.06299,1.20709,0.82167,1.82016,0.00195,1.82280,1.81179,-5.03252,1.35069,-2.38710,-10.79664,-1.82998,0.00029,-1.82942,-1.83035,0.00797,0.00018,0.00837,0.00776,-1.82434,0.00022,-1.82384,-1.82463,-1.83561,0.00038,-1.83500,-1.83613,1.81166,0.49147,4.62359,1.01535,0.52070,0.15909,0.98685,0.14545,5.40426,1.82246,12.43916,2.07368
1260,1520.498376607895,10330112,271.83489,4666.33544,191.93135,1082.01993,23.09624,415.38209,460.75000,-0.09383,0.33805,0.85381,-0.94489,4.94886,0.96487,7.94832,2.50215,31.79317,11.53237,66.29478,10.69733,-48.76233,16.56876,-9.60718,-84.92595,19.79919,8.99816,53.04235,3.88326,491.77441,353.25485,2944.91724,77.46616,0.00008,0.00728,0.02426,-0.01961,0.80828,0.04707,0.93277,0.66320,1.00499,0.06429,1.17253,0.82411,1.81816,0.00192,1.82090,1.80606,-4.96115,1.22662,-2.49816,-9.07952,-1.82893,0.00018,-1.82868,-1.82942,0.00800,0.00010,0.00815,0.00776,-1.82327,0.00019,-1.82302,-1.82384,-1.83459,0.00020,-1.83417,-1.83500,1.74123,0.53748,8.62175,1.01403,0.53516,0.15855,0.98467,0.13464,5.51142,1.89563,14.97968,2.01494
1270,1521.8242795467377,10412032,326.25419,4657.39612,204.09679,1084.12630,23.14720,414.55065,560.25000,0.14867,0.32910,1.06086,-0.68322,4.24270,1.02353,8.05714,2.12174,29.52244,13.56306,76.41326,7.56493,-39.40547,18.35061,-5.25066,-77.91541,14.75734,8.52049,55.42351,3.05888,386.88922,304.85957,3303.41138,56.95236,-0.00035,0.00648,0.01671,-0.01915,0.81169,0.04476,0.93986,0.69289,1.00356,0.06165,1.21264,0.81654,1.81678,0.00217,1.81930,1.80612,-4.91417,1.13483,-2.62949,-10.63222,-1.82839,0.00011,-1.82824,-1.82868,0.00824,0.00036,0.00883,0.00776,-1.82256,0.00032,-1.82204,-1.82319,-1.83422,0.00022,-1.83376,-1.83453,1.75102,0.42760,4.16264,1.02575,0.54378,0.15200,0.98248,0.06676,5.43630,1.80258,12.98615,1.98608
1280,1519.511430978775,10493952,296.84496,4744.56209,216.94619,1080.99631,23.15903,415.35597,527.87500,0.15178,0.20486,0.81152,-0.45550,4.07963,0.88279,6.73679,2.31834,29.36875,12.32346,65.21815,7.20109,-43.68339,17.16754,-8.19503,-79.54465,13.60639,6.66713,42.87619,3.89009,490.49071,358.29912,2760.40430,78.97723,-0.00011,0.00688,0.05845,-0.01736,0.81208,0.04656,0.94056,0.68202,1.00590,0.06541,1.19191,0.82586,1.81662,0.00189,1.81868,1.80778,-4.97489,1.18937,-2.55821,-10.09879,-1.82823,0.00005,-1.82815,-1.82834,0.00916,0.00018,0.00953,0.00884,-1.82175,0.00015,-1.82144,-1.82204,-1.83471,0.00013,-1.83446,-1.83496,1.73558,0.42149,4.32504,1.00955,0.55721,0.14864,0.98237,0.11165,5.65851,2.44034,36.11449,2.03974
1290,1518.56454539299,10575872,343.56719,4661.45062,165.03854,1081.79023,23.12780,413.64638,572.34375,-0.02039,0.30483,0.87599,-0.77282,4.52133,0.91424,7.37920,2.45595,30.59070,15.07627,68.79678,8.51968,-41.20834,17.77440,-9.79644,-83.94987,15.86298,7.61419,49.40046,4.57290,457.93612,316.21648,2067.77515,73.24713,0.00001,0.00680,0.02449,-0.01847,0.80669,0.04657,0.96231,0.68512,1.00425,0.06060,1.22418,0.83127,1.81612,0.00201,1.81877,1.80639,-4.95843,1.18457,-2.45497,-10.65762,-1.82810,0.00013,-1.82792,-1.82834,0.00979,0.00011,0.00999,0.00951,-1.82118,0.00014,-1.82094,-1.82152,-1.83502,0.00017,-1.83480,-1.83535,1.70561,0.35805,3.32931,1.01099,0.54955,0.16161,0.98163,0.06474,5.50972,1.84330,15.06002,2.52473
1300,1519.4916696548462,10657792,349.95506,4888.27104,177.97143,1081.55518,23.20441,414.73196,597.96875,-0.06401,0.32068,0.75805,-0.95817,4.73544,1.09254,8.66948,2.16302,30.46214,14.00637,76.51057,7.22976,-48.74007,16.35458,-7.87467,-81.62401,18.86650,9.60576,63.08535,3.13288,447.62890,342.18990,2236.78223,79.85268,0.00017,0.00704,0.02904,-0.01664,0.81087,0.04483,0.93331,0.66488,1.00257,0.06431,1.20967,0.83122,1.81584,0.00192,1.81797,1.80357,-4.92145,1.22727,-2.30983,-10.17602,-1.82778,0.00007,-1.82766,-1.82794,0.00955,0.00009,0.00981,0.00937,-1.82103,0.00009,-1.82087,-1.82121,-1.83453,0.00009,-1.83441,-1.83487,1.75395,0.40860,3.97517,1.01067,0.54901,0.15723,0.98489,0.03713,5.96890,2.10466,13.53943,1.92570
1310,1520.3728744983673,10739712,311.40602,4510.32483,149.01151,1082.16784,23.25152,414.86168,564.68750,-0.05799,0.37759,0.90987,-1.17163,4.77368,1.28259,8.17107,1.93202,31.66252,14.93069,76.06528,8.57268,-46.20700,20.45226,-7.98975,-80.81718,19.43494,11.22766,66.28896,2.54391,477.99627,341.17434,2731.05640,43.89370,0.00058,0.00680,0.02814,-0.01737,0.80979,0.04207,0.96438,0.70818,1.00465,0.05963,1.24648,0.84913,1.81522,0.00202,1.81770,1.80188,-5.01982,1.30302,-2.63695,-12.01832,-1.82757,0.00015,-1.82735,-1.82786,0.00984,0.00033,0.01032,0.00939,-1.82062,0.00037,-1.82005,-1.82117,-1.83453,0.00013,-1.83434,-1.83478,1.74247,0.41535,4.43377,1.01283,0.55800,0.14764,0.98892,0.08553,5.85787,2.25956,24.69337,2.30627
1320,1523.458743572235,10821632,322.12759,4690.17517,203.36583,1086.51141,23.17981,413.76740,568.18750,0.18050,0.29103,1.08564,-0.58671,4.52981,0.94056,7.55868,2.32293,32.07616,13.98605,67.35980,7.27708,-43.64540,15.98448,-7.73018,-80.67328,16.53148,7.80772,41.29069,4.18411,497.10851,323.98288,2027.90100,108.43052,0.00018,0.00652,0.02378,-0.01855,0.80765,0.04465,0.94148,0.67665,1.00741,0.06278,1.27076,0.83446,1.81486,0.00190,1.81700,1.80532,-5.07982,1.23307,-2.70066,-9.22227,-1.82735,0.00008,-1.82722,-1.82753,0.01013,0.00025,0.01048,0.00975,-1.82019,0.00023,-1.81981,-1.82053,-1.83452,0.00015,-1.83423,-1.83469,1.69507,0.34283,3.13413,1.01498,0.56742,0.14641,0.98771,0.17519,5.95209,1.92458,13.10291,2.23828
1330,1517.6250476837158,10903552,320.14401,4654.61449,210.70688,1080.29041,23.20564,414.12886,541.21875,0.04469,0.28483,1.00667,-1.09026,4.95594,1.22324,8.48077,2.38366,36.34317,16.18388,72.44214,9.01395,-47.35834,16.37675,-10.07859,-86.48420,20.44310,10.75713,63.25273,3.85947,578.38393,418.80050,3145.03857,68.42726,0.00015,0.00619,0.02358,-0.01700,0.81469,0.04427,0.95517,0.69107,1.00210,0.06252,1.18841,0.84197,1.81496,0.00204,1.81714,1.80397,-5.15379,1.28213,-2.57430,-9.37607,-1.82740,0.00006,-1.82728,-1.82754,0.00979,0.00014,0.01003,0.00955,-1.82048,0.00014,-1.82023,-1.82072,-1.83432,0.00009,-1.83406,-1.83446,1.65767,0.38899,4.55941,1.01617,0.58922,0.16047,0.98637,0.16647,5.64570,1.88887,16.50107,2.10542
1340,1522.0886557102203,10985472,292.01338,4781.97148,219.05875,1081.30695,23.19838,417.58320,500.81250,0.10144,0.29111,1.09627,-0.59583,4.53474,0.97901,7.68826,2.60955,31.44137,14.46480,72.99275,9.16252,-45.50287,16.17435,-7.65121,-79.10372,17.10941,8.37864,54.78720,4.94660,463.56042,305.77583,2335.02002,78.95666,0.00048,0.00632,0.02791,-0.01723,0.81064,0.04197,0.91456,0.67227,0.99946,0.05954,1.16870,0.83723,1.81445,0.00231,1.81702,1.79779,-4.86998,1.31864,-2.56303,-10.28980,-1.82720,0.00012,-1.82705,-1.82745,0.00949,0.00017,0.00983,0.00929,-1.82049,0.00016,-1.82028,-1.82086,-1.83391,0.00018,-1.83369,-1.83422,1.67983,0.52285,6.89039,1.01181,0.58234,0.14300,0.99193,0.10682,5.89575,1.96180,15.25226,2.15149
1350,1522.4030756950378,11067392,249.70628,4781.59097,167.95154,1084.26965,23.36841,414.76489,422.15625,-0.06071,0.36000,1.19204,-1.18734,4.70209,1.02467,8.13827,2.64453,31.57087,13.76088,67.19308,8.99039,-44.19022,16.21437,-8.84815,-78.25935,18.96461,9.46593,62.80857,4.47127,504.49470,303.51277,2081.27954,98.26878,-0.00049,0.00589,0.02338,-0.01942,0.80693,0.04420,0.93440,0.66380,1.00337,0.06187,1.19740,0.82022,1.81363,0.00214,1.81663,1.80263,-5.04043,1.34006,-2.32030,-10.07106,-1.82688,0.00024,-1.82654,-1.82740,0.00952,0.00018,0.00982,0.00923,-1.82014,0.00036,-1.81965,-1.82077,-1.83361,0.00015,-1.83342,-1.83402,1.61215,0.33003,3.39349,1.01268,0.59367,0.15242,0.98939,0.26953,5.65327,1.91950,13.01203,2.25889
1360,1519.7598695755005,11149312,335.52872,4858.25384,221.78946,1082.07911,23.10903,414.57161,573.65625,0.02418,0.39627,0.90166,-0.86474,4.79592,1.00194,7.56079,2.43491,32.46823,13.10228,69.10778,10.26362,-45.41784,16.15665,-9.55366,-74.19565,19.64759,8.82337,55.34946,4.19958,470.74205,316.42769,2162.28711,74.00383,0.00040,0.00544,0.01526,-0.01484,0.80945,0.04776,0.97108,0.64219,1.00675,0.06414,1.19751,0.82122,1.81313,0.00205,1.81524,1.79642,-5.08188,1.25385,-2.72210,-9.17724,-1.82647,0.00006,-1.82636,-1.82657,0.00950,0.00021,0.00975,0.00916,-1.81976,0.00015,-1.81954,-1.82003,-1.83319,0.00017,-1.83291,-1.83342,1.57795,0.33346,4.24540,1.01383,0.61147,0.14692,0.98826,0.13996,5.63717,1.76022,13.04647,2.19549
1370,1610.398442029953,11231232,313.40939,4804.44852,190.05341,1139.01573,23.61574,447.76684,554.06250,-0.00001,0.35444,1.14644,-1.12595,4.52620,0.94998,7.42722,2.66748,29.21223,12.69159,68.07877,7.47263,-44.40711,17.31420,-11.22205,-79.38326,18.28605,8.48785,52.99754,4.98321,451.14604,293.99562,2638.20728,103.39074,0.00038,0.00559,0.01511,-0.01793,0.80751,0.04610,0.95050,0.65364,1.00751,0.06385,1.17616,0.83857,1.81290,0.00184,1.81509,1.80325,-4.96039,1.20355,-2.78404,-9.26512,-1.82633,0.00007,-1.82622,-1.82650,0.00926,0.00007,0.00940,0.00911,-1.81978,0.00008,-1.81965,-1.81993,-1.83288,0.00010,-1.83272,-1.83308,1.54385,0.27593,2.76470,1.01482,0.63614,0.13165,0.98615,0.20552,5.57084,1.83864,14.05036,2.49767
1380,1549.2791600227356,11313152,349.17110,4176.24296,203.36888,1112.19145,23.23602,413.85154,585.09375,0.02618,0.31870,0.71646,-0.85262,4.30048,1.06327,7.06983,2.02722,25.54534,12.36045,66.20088,7.78722,-46.82560,17.90216,-9.33387,-81.80734,16.36307,8.80129,46.90790,3.40445,475.02715,304.38417,1830.20630,77.16112,0.00032,0.00539,0.01857,-0.01574,0.80936,0.04262,0.94466,0.67679,1.00487,0.06274,1.22889,0.84510,1.81210,0.00234,1.81458,1.79097,-5.15848,1.32186,-2.41440,-10.44565,-1.82612,0.00007,-1.82599,-1.82631,0.00920,0.00005,0.00932,0.00911,-1.81961,0.00005,-1.81949,-1.81973,-1.83262,0.00010,-1.83248,-1.83288,1.58854,0.35102,3.61513,1.01005,0.62624,0.14261,0.99245,0.23998,5.46659,1.81643,17.30327,2.22080
1390,1521.9656865596771,11395072,339.98468,4894.12847,198.83704,1084.71922,23.15880,414.08754,552.53125,0.10954,0.27916,0.90761,-0.79373,4.05597,1.05266,6.84612,1.91679,27.80447,11.71360,57.27812,6.72623,-41.38652,17.66403,-5.47695,-79.30965,14.53467,8.51807,45.26851,2.72828,441.51365,293.12416,1754.83386,62.57185,0.00070,0.00532,0.02712,-0.01413,0.81660,0.04646,0.94446,0.69648,0.99544,0.06312,1.19945,0.81596,1.81179,0.00186,1.81394,1.80231,-5.09599,1.35433,-2.52053,-10.05444,-1.82577,0.00010,-1.82560,-1.82599,0.00906,0.00015,0.00921,0.00875,-1.81936,0.00006,-1.81927,-1.81951,-1.83218,0.00020,-1.83185,-1.83248,1.54488,0.31146,4.13938,1.00734,0.64610,0.13600,0.99282,0.15011,5.69424,1.93999,15.04298,2.05703
1400,1521.6634290218353,11476992,335.47526,5007.88198,217.21905,1084.36424,23.07037,414.22870,536.75000,-0.00866,0.31269,1.05538,-0.78954,4.04817,0.99939,7.03437,1.78222,27.10270,14.13473,74.39298,7.65576,-40.75637,18.02185,-5.35632,-77.71104,14.79964,7.86583,42.99317,3.17313,396.34831,268.10379,1983.20142,75.52557,0.00075,0.00511,0.02112,-0.01360,0.80796,0.04394,0.91591,0.61170,0.99974,0.05854,1.17380,0.83944,1.81110,0.00192,1.81343,1.80184,-4.87116,1.18988,-2.72182,-9.30140,-1.82549,0.00011,-1.82533,-1.82570,0.00890,0.00006,0.00900,0.00874,-1.81920,0.00015,-1.81898,-1.81951,-1.83178,0.00008,-1.83165,-1.83189,1.50571,0.32476,3.87543,1.00941,0.66220,0.13917,0.99148,0.28999,5.71012,1.81976,14.69456,2.39240
1410,1518.0893738269806,11558912,369.33821,4891.04266,183.55854,1080.81005,23.13740,414.03045,612.87500,0.05037,0.33004,0.73007,-0.99746,4.41700,1.11472,7.97547,1.87107,29.21404,14.95808,71.05617,6.07430,-45.25145,19.62687,-6.30133,-84.59847,18.06856,9.70900,59.73268,2.88359,497.16692,377.46162,3321.80737,84.69575,0.00012,0.00529,0.01421,-0.01340,0.80813,0.04522,0.94384,0.68301,1.00056,0.06018,1.17771,0.83196,1.81095,0.00183,1.81290,1.80224,-5.03254,1.19990,-2.58623,-9.09739,-1.82537,0.00004,-1.82525,-1.82541,0.00891,0.00004,0.00899,0.00882,-1.81907,0.00005,-1.81894,-1.81915,-1.83166,0.00004,-1.83157,-1.83174,1.45620,0.24250,2.77949,1.00975,0.67087,0.13983,0.99103,0.24362,5.60584,1.82318,13.96451,2.43161
1420,1518.2913331985474,11640832,414.47741,4948.64184,172.60403,1080.90563,23.11312,414.14342,681.00000,0.03177,0.36356,1.14996,-1.11641,4.51469,1.09106,8.42582,1.87068,30.25331,14.04767,66.87453,6.07235,-45.70517,16.57571,-9.96661,-81.67255,18.13420,9.08064,62.98084,3.20066,569.46126,390.45316,2791.27783,101.05367,0.00110,0.00475,0.01700,-0.01558,0.81302,0.04621,0.93952,0.68308,0.99420,0.06378,1.20202,0.84146,1.81026,0.00194,1.81255,1.79893,-4.89244,1.18507,-2.67412,-10.35583,-1.82505,0.00014,-1.82484,-1.82525,0.00896,0.00006,0.00906,0.00882,-1.81871,0.00013,-1.81853,-1.81894,-1.83138,0.00017,-1.83114,-1.83159,1.44749,0.25519,2.82227,1.00854,0.68348,0.13695,0.99088,0.28152,5.75486,1.70158,12.65441,2.53928
1430,1475.6831440925598,11722752,255.68542,4740.52799,228.17175,1080.97163,23.12666,371.58472,441.87500,0.07669,0.28912,0.96494,-0.83786,4.18092,1.26772,7.15077,1.53415,27.16637,13.41532,69.11145,7.46858,-44.47893,19.84884,-4.58809,-81.89700,17.04525,9.98562,50.29381,2.26497,443.27375,319.51885,2291.53857,50.78633,0.00087,0.00447,0.01427,-0.01324,0.80735,0.04558,0.92350,0.65190,1.00612,0.06117,1.22917,0.82649,1.81019,0.00178,1.81225,1.79882,-5.07621,1.21513,-2.80556,-9.53366,-1.82500,0.00005,-1.82492,-1.82507,0.00880,0.00007,0.00890,0.00867,-1.81878,0.00005,-1.81868,-1.81886,-1.83122,0.00009,-1.83108,-1.83135,1.42662,0.23098,2.17059,1.00764,0.69431,0.13048,0.99387,0.36903,5.84205,1.81103,13.80852,2.33085
1440,1520.3346972465515,11804672,271.61512,5112.55630,214.32259,1082.36972,23.10084,414.86401,470.50000,-0.00945,0.36525,0.83641,-0.93988,4.20681,1.09608,8.38892,2.13404,30.51301,15.07789,65.57147,5.12640,-40.15359,17.78495,-6.60245,-85.63461,16.69768,9.51027,59.18114,3.83489,517.47061,329.85004,1969.02051,69.13689,0.00099,0.00412,0.01552,-0.01048,0.81078,0.04225,0.94637,0.68359,0.99834,0.06049,1.22960,0.82782,1.81004,0.00198,1.81216,1.80059,-5.07486,1.21454,-2.65453,-10.83528,-1.82496,0.00004,-1.82489,-1.82503,0.00881,0.00005,0.00890,0.00873,-1.81873,0.00007,-1.81860,-1.81884,-1.83119,0.00004,-1.83111,-1.83127,1.40471,0.23630,2.51263,1.00640,0.70228,0.14164,0.99306,0.21143,6.00436,1.81576,13.04535,2.53937
1450,1525.4487941265106,11886592,381.89872,4484.46425,219.58669,1087.38527,23.18676,414.87663,611.06250,-0.15352,0.32279,0.54995,-1.15095,4.57304,0.96546,7.51781,2.23939,29.31223,11.76088,69.91545,10.01717,-45.74944,16.23479,-10.31648,-76.74511,19.70038,8.59439,53.07930,5.04558,550.16832,330.58600,2473.28809,116.33413,0.00136,0.00409,0.01246,-0.01173,0.80784,0.04464,0.92205,0.65211,0.99871,0.06150,1.17195,0.79427,1.80977,0.00191,1.81189,1.79870,-4.93319,1.27520,-2.67225,-9.28688,-1.82479,0.00005,-1.82472,-1.82490,0.00887,0.00004,0.00895,0.00881,-1.81851,0.00003,-1.81848,-1.81860,-1.83106,0.00008,-1.83096,-1.83121,1.34623,0.19450,2.20803,1.00865,0.73884,0.11993,0.99465,0.39924,5.83463,1.75790,14.31571,2.76377
1460,1523.0605499744415,11968512,351.84793,4678.22846,189.11484,1086.06623,23.17607,413.81812,605.81250,0.03098,0.29230,0.86199,-0.82191,4.51419,0.96183,7.50549,2.40145,29.11715,13.10506,65.88725,7.47328,-47.27283,17.99284,-8.45364,-83.86034,19.26048,8.91352,56.57721,4.58434,553.11369,382.76171,2491.33521,105.24545,0.00171,0.00361,0.01362,-0.00971,0.80710,0.04415,0.97928,0.65432,1.00016,0.06303,1.19468,0.77784,1.80938,0.00203,1.81156,1.79967,-5.00292,1.29418,-2.69263,-9.48164,-1.82469,0.00002,-1.82465,-1.82475,0.00885,0.00002,0.00889,0.00880,-1.81843,0.00002,-1.81840,-1.81850,-1.83095,0.00004,-1.83089,-1.83101,1.33474,0.22068,2.30457,1.00525,0.75429,0.12615,0.99343,0.37107,5.96145,1.89253,13.14762,2.11841
1470,1519.9075841903687,12050432,340.59254,4718.41260,212.26621,1080.99701,24.42104,414.48940,563.28125,0.08399,0.37315,0.90931,-0.82513,4.69263,1.12311,7.91769,2.15378,29.87780,11.62237,58.93336,8.91336,-47.39184,18.71511,-9.24280,-81.07832,22.00481,10.18897,62.58806,4.51831,528.93742,291.70809,2054.87793,109.16097,0.00206,0.00334,0.01739,-0.01041,0.81467,0.04628,0.95921,0.66045,0.99615,0.06569,1.25995,0.83116,1.80937,0.00190,1.81139,1.79826,-5.00216,1.30103,-2.23479,-11.09212,-1.82459,0.00003,-1.82455,-1.82467,0.00881,0.00003,0.00886,0.00876,-1.81836,0.00002,-1.81832,-1.81840,-1.83082,0.00005,-1.83076,-1.83093,1.31132,0.20010,2.30350,1.00495,0.76938,0.11954,0.99430,0.40321,5.99396,1.83516,16.66706,2.38020
1480,1522.7216794490814,12132352,283.69044,5018.20358,180.85482,1085.00567,23.47655,414.23934,511.18750,0.00359,0.39607,0.88208,-1.17875,3.99007,1.26288,8.41837,1.94707,25.05013,13.44139,62.70912,6.05364,-38.66649,17.61426,-8.47456,-73.62240,16.38335,10.87938,70.70218,3.57739,502.47780,369.03918,2831.85376,66.13190,0.00246,0.00310,0.01375,-0.01351,0.80793,0.04447,0.95192,0.65658,1.00618,0.06267,1.20812,0.83637,1.80912,0.00227,1.81120,1.79144,-5.14794,1.41026,-2.69281,-10.49228,-1.82452,0.00002,-1.82450,-1.82455,0.00882,0.00003,0.00886,0.00879,-1.81828,0.00003,-1.81823,-1.81833,-1.83076,0.00001,-1.83074,-1.83077,1.24763,0.16697,2.42149,1.00428,0.79444,0.11808,0.99654,0.39683,6.24736,2.02504,15.58346,2.66720
1490,1519.3576257228851,12214272,398.82281,5083.45591,218.35902,1081.69489,23.18037,414.48223,665.93750,-0.04443,0.34206,0.82476,-0.91729,4.38433,0.83714,6.89353,2.28766,28.75296,13.14295,69.41280,7.02711,-45.21669,15.76484,-8.67094,-79.22037,19.24737,7.43496,46.70880,4.84365,577.03394,308.03944,1813.53809,120.77120,0.00305,0.00184,0.00822,-0.00717,0.81082,0.04235,0.91703,0.67042,0.99634,0.05791,1.26598,0.83575,1.80917,0.00182,1.81112,1.79884,-4.85153,1.08021,-2.39452,-9.51331,-1.82449,0.00001,-1.82447,-1.82451,0.00888,0.00003,0.00891,0.00884,-1.81821,0.00003,-1.81817,-1.81825,-1.83076,0.00001,-1.83074,-1.83078,1.13987,0.11060,1.65555,1.00319,0.88470,0.07863,0.99711,0.62379,6.09312,1.72682,12.57601,2.60039
