EPOCH,Time Consumed,Total Frames,Running_Average_Rewards,Train_Epoch_Reward,Running_Training_Average_Rewards,Explore_Time,Train___Time,Eval____Time,eval_traj_length,advs/mean_Mean,advs/mean_Std,advs/mean_Max,advs/mean_Min,advs/std_Mean,advs/std_Std,advs/std_Max,advs/std_Min,advs/max_Mean,advs/max_Std,advs/max_Max,advs/max_Min,advs/min_Mean,advs/min_Std,advs/min_Max,advs/min_Min,Training/vf_loss_Mean,Training/vf_loss_Std,Training/vf_loss_Max,Training/vf_loss_Min,grad_norm/vf_Mean,grad_norm/vf_Std,grad_norm/vf_Max,grad_norm/vf_Min,Training/policy_loss_Mean,Training/policy_loss_Std,Training/policy_loss_Max,Training/policy_loss_Min,logprob/mean_Mean,logprob/mean_Std,logprob/mean_Max,logprob/mean_Min,logprob/std_Mean,logprob/std_Std,logprob/std_Max,logprob/std_Min,logprob/max_Mean,logprob/max_Std,logprob/max_Max,logprob/max_Min,logprob/min_Mean,logprob/min_Std,logprob/min_Max,logprob/min_Min,log_std/mean_Mean,log_std/mean_Std,log_std/mean_Max,log_std/mean_Min,log_std/std_Mean,log_std/std_Std,log_std/std_Max,log_std/std_Min,log_std/max_Mean,log_std/max_Std,log_std/max_Max,log_std/max_Min,log_std/min_Mean,log_std/min_Std,log_std/min_Max,log_std/min_Min,ratio/max_Mean,ratio/max_Std,ratio/max_Max,ratio/max_Min,ratio/min_Mean,ratio/min_Std,ratio/min_Max,ratio/min_Min,grad_norm/pf_Mean,grad_norm/pf_Std,grad_norm/pf_Max,grad_norm/pf_Min
0,410.95190954208374,8192,-123.63062,-1069.57586,nan,48.22711,4.03683,355.71717,1000.00000,-2.06470,0.08607,-1.88064,-2.20269,0.48798,0.09705,0.70756,0.34713,-0.44805,0.40119,0.19432,-1.26660,-3.23306,0.10480,-2.94842,-3.38511,3.51092,1.05807,4.83953,0.74209,17.63469,8.10973,35.18900,9.10939,-0.01034,0.00830,0.00674,-0.02672,1.30029,0.04176,1.40486,1.19140,1.01710,0.05808,1.15599,0.83741,2.31915,0.00140,2.32088,2.31425,-4.66161,1.29628,-1.82675,-7.64616,-2.07942,0.00007,-2.07930,-2.07952,0.00023,0.00012,0.00041,0.00000,-2.07926,0.00005,-2.07915,-2.07944,-2.07958,0.00014,-2.07931,-2.07975,1.55824,0.18391,2.09648,1.00253,0.63736,0.08689,0.99740,0.52028,1.58210,1.21985,5.03208,0.15108
10,874.9625988006592,90112,1.69309,131.29721,-7.02506,468.34286,35.86533,370.38272,853.45312,-0.10008,0.80947,1.00035,-1.79863,0.49027,0.18787,1.37609,0.35895,1.30826,0.90057,3.03587,-0.65914,-2.42364,3.27761,-0.26706,-15.28348,0.35859,0.37339,3.10796,0.12782,18.63899,20.63799,116.95783,0.20162,-0.01197,0.01172,0.04023,-0.04742,1.30471,0.04420,1.42017,1.15064,1.01131,0.06342,1.22434,0.84953,2.32058,0.00345,2.32759,2.30824,-4.55637,1.30181,-1.71115,-9.07055,-2.08017,0.00150,-2.07847,-2.08286,0.00504,0.00227,0.00744,0.00033,-2.07660,0.00101,-2.07537,-2.07921,-2.08373,0.00293,-2.07965,-2.08812,1.70139,0.39108,3.90131,1.00136,0.58849,0.14840,0.99903,0.23709,3.81879,2.36568,16.00320,0.19262
20,974.9430470466614,172032,70.93354,851.97587,28.40887,539.09197,36.29128,399.12263,598.04688,0.83607,0.24774,1.57842,0.39196,1.71611,0.49239,3.02131,0.42985,4.36020,1.78949,9.17970,2.21673,-15.83136,4.84186,0.26898,-27.49775,3.14171,1.62086,9.26377,0.21571,145.62183,166.98365,995.90564,2.07338,0.00596,0.00899,0.07349,-0.01809,1.31115,0.04599,1.44968,1.14501,1.00902,0.06258,1.20543,0.84132,2.32166,0.00298,2.32634,2.30966,-4.57885,1.20521,-2.13511,-8.82190,-2.08071,0.00114,-2.07844,-2.08218,0.00739,0.00037,0.00799,0.00654,-2.07548,0.00102,-2.07299,-2.07710,-2.08594,0.00130,-2.08371,-2.08740,2.00693,0.70703,9.52376,1.00591,0.48901,0.15929,0.99511,0.09024,4.55959,2.23434,15.76132,0.73570
30,799.9894816875458,253952,83.22418,1440.71292,62.17325,542.40711,37.77260,219.55023,398.43750,0.34844,0.17750,0.79882,-0.15509,2.54227,0.42007,3.73626,1.50448,6.81107,2.56674,13.35136,3.03132,-24.20196,5.10327,-9.65789,-37.86999,6.48909,2.19316,13.87771,2.34521,332.21239,204.43098,1209.91711,28.42424,0.00806,0.00824,0.04481,-0.01163,1.29573,0.04442,1.42457,1.13839,1.02380,0.06385,1.23332,0.84123,2.31566,0.00210,2.31885,2.30234,-4.73995,1.26168,-2.33149,-9.29327,-2.07770,0.00050,-2.07656,-2.07845,0.00891,0.00096,0.01054,0.00748,-2.07139,0.00107,-2.06950,-2.07308,-2.08400,0.00052,-2.08291,-2.08515,2.17189,0.74966,8.55515,1.02333,0.43864,0.14867,0.98042,0.11238,5.00074,2.51732,17.10446,0.96289
40,788.2255532741547,335872,93.99035,1636.41769,97.02449,548.10372,36.83007,203.09648,361.93750,0.36213,0.15465,0.73157,-0.04700,2.39034,0.46727,4.39543,1.39009,7.64629,2.38686,14.36483,3.68565,-24.40548,7.02349,-5.90070,-38.60829,5.83595,2.12038,16.47787,1.74709,365.44720,237.16863,1319.46082,40.47689,0.00940,0.00942,0.06153,-0.01110,1.29667,0.04693,1.42991,1.16159,1.01415,0.06673,1.22865,0.84367,2.31054,0.00261,2.31561,2.29900,-4.65524,1.31892,-2.06625,-10.04920,-2.07525,0.00075,-2.07397,-2.07691,0.01251,0.00169,0.01557,0.01053,-2.06641,0.00185,-2.06336,-2.06947,-2.08410,0.00076,-2.08323,-2.08571,2.24937,0.80449,8.10445,1.03510,0.41505,0.15486,0.97137,0.05550,5.33387,2.47554,15.61399,1.28984
50,872.394558429718,417792,99.95614,2118.03704,86.86290,543.99003,36.39606,291.80268,354.25000,0.24546,0.19455,0.83818,-0.27366,2.78232,0.54581,4.33513,1.63133,10.89728,5.51244,28.14581,4.11646,-25.90584,8.72777,-6.31673,-49.08491,7.43957,3.06507,19.23096,2.31507,426.14498,302.78901,2035.17981,47.18699,0.01022,0.00954,0.05812,-0.00906,1.29316,0.04774,1.41402,1.15902,1.01455,0.06762,1.24017,0.80564,2.30710,0.00222,2.31101,2.29611,-4.69163,1.48899,-1.99705,-12.60349,-2.07354,0.00055,-2.07232,-2.07451,0.01444,0.00084,0.01565,0.01304,-2.06333,0.00059,-2.06207,-2.06427,-2.08375,0.00099,-2.08197,-2.08504,2.18922,0.69102,5.27430,1.01326,0.43298,0.15533,0.98544,0.07451,6.08116,3.18800,18.63181,1.36983
60,817.9859023094177,499712,100.84871,2385.72704,91.44830,547.57829,36.74496,233.56894,327.09375,0.17894,0.18027,0.66996,-0.34292,2.87305,0.45214,4.34109,1.81684,10.23449,3.61898,19.75366,3.73613,-27.14489,7.69419,-7.93053,-45.27536,7.78129,2.51330,17.26681,3.08779,544.58117,397.72115,2215.03516,45.27121,0.01054,0.00925,0.04493,-0.01114,1.29281,0.04512,1.42057,1.14105,1.01880,0.06234,1.24360,0.85666,2.30426,0.00225,2.30807,2.28793,-4.73503,1.17894,-1.95994,-9.83253,-2.07204,0.00051,-2.07094,-2.07307,0.01439,0.00105,0.01582,0.01259,-2.06186,0.00054,-2.06102,-2.06310,-2.08221,0.00115,-2.08036,-2.08412,2.19887,0.75728,6.74870,1.02543,0.43429,0.14872,0.97207,0.03921,6.61266,3.25460,18.13769,1.39388
70,748.0060572624207,581632,86.70085,2253.48545,87.43290,547.98221,37.25263,162.65421,280.18750,0.28855,0.25567,0.87251,-0.40724,2.89006,0.53257,4.42649,1.74211,12.80140,5.52137,34.82592,5.30005,-27.94595,8.79255,-9.25130,-48.26506,7.88726,2.75427,17.95831,2.58634,580.34365,381.31709,1777.42627,58.69784,0.01082,0.00993,0.06063,-0.00912,1.28042,0.04167,1.40296,1.16325,1.01744,0.05904,1.18535,0.85050,2.29686,0.00344,2.30394,2.28237,-4.63807,1.30654,-2.53409,-8.93354,-2.06839,0.00138,-2.06635,-2.07093,0.01519,0.00079,0.01680,0.01339,-2.05764,0.00189,-2.05448,-2.06146,-2.07913,0.00094,-2.07794,-2.08057,2.28373,0.83901,7.90516,1.02523,0.42024,0.15975,0.97717,0.07620,6.44642,3.18209,21.65072,1.27079
80,850.4255747795105,663552,102.42586,2325.37042,84.50493,547.27208,37.40366,265.36607,353.57812,0.08842,0.35787,1.06519,-0.67322,2.97708,0.59315,5.05250,1.84081,13.87271,4.61730,30.28435,4.64608,-26.71757,9.17523,-7.30944,-52.03994,8.38746,3.67929,26.65772,2.60239,677.61442,467.09994,2570.09521,58.28230,0.00970,0.00871,0.05162,-0.01294,1.27116,0.04457,1.38872,1.13678,1.02083,0.06269,1.22265,0.84754,2.29162,0.00227,2.29527,2.28223,-4.61487,1.19550,-2.34428,-10.23343,-2.06576,0.00046,-2.06497,-2.06663,0.01872,0.00115,0.02024,0.01652,-2.05252,0.00120,-2.05090,-2.05456,-2.07900,0.00055,-2.07776,-2.08013,2.08571,0.65470,7.17344,1.01477,0.44382,0.14683,0.98315,0.08504,6.74309,3.31871,19.08955,1.08309
90,826.396374464035,745472,112.18509,2716.70443,93.85872,547.74474,37.79352,240.51328,322.20312,-0.01373,0.18886,0.52647,-0.75983,2.98224,0.71385,5.14356,1.52813,11.75593,5.62379,31.67302,4.05019,-28.20954,9.06716,-6.57198,-47.02076,8.14116,3.56598,21.64417,2.15588,505.41710,339.36329,1851.31384,65.83042,0.00920,0.00893,0.05278,-0.01045,1.27537,0.04580,1.42292,1.14779,1.01732,0.06019,1.19802,0.86209,2.28956,0.00274,2.29387,2.28083,-4.67229,1.28130,-2.10835,-9.36807,-2.06465,0.00103,-2.06251,-2.06600,0.02225,0.00155,0.02474,0.01988,-2.04892,0.00206,-2.04558,-2.05162,-2.08038,0.00053,-2.07929,-2.08152,2.17881,0.71261,8.70002,1.04379,0.41261,0.14796,0.97055,0.03405,5.80315,2.83094,21.97883,1.02269
100,856.6626718044281,827392,111.92017,2375.63332,95.61730,548.52227,37.49653,270.44480,367.89062,-0.14190,0.17136,0.34056,-0.57770,2.83884,0.63090,4.65013,1.60598,12.34287,4.63320,27.92487,4.32804,-27.24942,10.06890,-5.85952,-47.14664,7.16254,3.42135,25.34321,2.00074,488.07339,338.71567,2005.77112,47.96745,0.00921,0.00888,0.04471,-0.01140,1.26224,0.04465,1.39568,1.11717,1.01529,0.06222,1.24032,0.85451,2.28286,0.00247,2.28704,2.26846,-4.57752,1.29972,-2.14887,-11.36880,-2.06149,0.00036,-2.06045,-2.06249,0.02382,0.00071,0.02537,0.02266,-2.04464,0.00057,-2.04321,-2.04564,-2.07833,0.00066,-2.07670,-2.07936,2.23372,0.65408,7.34689,1.03139,0.40557,0.15444,0.97614,0.06307,5.92262,2.89159,18.52644,1.32576
110,865.0858824253082,909312,121.02754,2797.91962,106.88598,544.86607,45.51580,274.42517,366.10938,0.21390,0.42920,1.08855,-0.93240,2.66408,0.56297,4.20932,1.56781,11.96541,4.67865,30.32609,4.27267,-27.88479,9.64447,-6.96468,-45.18361,6.84819,2.79247,16.85537,1.90674,505.67966,375.00387,2155.69873,41.03102,0.00972,0.01097,0.12523,-0.01195,1.26205,0.04827,1.38868,1.11987,1.01439,0.06720,1.28102,0.84336,2.27640,0.00244,2.28295,2.26443,-4.59619,1.22762,-2.08501,-8.53983,-2.05805,0.00081,-2.05715,-2.06044,0.02330,0.00046,0.02402,0.02230,-2.04157,0.00097,-2.04050,-2.04418,-2.07453,0.00078,-2.07335,-2.07677,2.33552,0.91262,8.68432,1.02027,0.41133,0.15392,0.97406,0.03824,5.73282,3.10187,32.39072,0.97380
120,899.3596522808075,991232,119.14791,2809.46275,97.56613,548.00799,38.74371,312.49099,348.71875,0.43668,0.27532,1.09514,-0.33804,2.99097,0.62041,4.86280,1.68623,13.65877,5.23057,28.16776,5.50353,-29.00512,11.54527,-6.01196,-54.33429,8.17010,3.35393,20.91229,2.68025,501.75173,342.23665,2323.61646,57.11109,0.01006,0.01050,0.05012,-0.01471,1.25220,0.04598,1.38235,1.10242,1.02005,0.06097,1.22973,0.83477,2.27157,0.00430,2.27841,2.25932,-4.60917,1.16283,-2.14669,-9.18215,-2.05575,0.00194,-2.05145,-2.05820,0.01975,0.00187,0.02231,0.01654,-2.04179,0.00068,-2.03975,-2.04286,-2.06972,0.00325,-2.06316,-2.07394,2.46132,0.99213,15.32347,1.04140,0.36116,0.15461,0.97116,0.03221,6.23764,3.01142,19.67427,1.20480
130,874.2834467887878,1073152,114.77175,3010.88459,136.84218,563.73462,45.97409,264.42663,321.10938,0.08491,0.25261,0.80850,-0.72525,3.31392,0.66600,5.71134,1.92770,16.63906,6.35401,36.76611,6.41149,-32.57595,10.06902,-8.13200,-55.01942,9.28072,4.15414,25.62700,2.88521,488.84799,354.10248,2058.40771,52.86354,0.00950,0.00873,0.04323,-0.01595,1.23649,0.04595,1.38675,1.11580,1.02144,0.06131,1.18598,0.82788,2.25757,0.00334,2.26447,2.24476,-4.68642,1.25528,-1.38556,-8.91184,-2.04873,0.00133,-2.04661,-2.05143,0.01472,0.00111,0.01656,0.01228,-2.03833,0.00084,-2.03679,-2.03973,-2.05914,0.00201,-2.05542,-2.06314,2.43390,0.79389,7.61879,1.04585,0.36476,0.15837,0.96627,0.05900,6.15149,2.81252,16.45048,1.02743
140,878.5787889957428,1155072,112.18128,2999.54146,124.99998,579.46953,48.54202,250.39415,327.85938,0.30051,0.22114,0.80720,-0.44757,3.46443,0.56833,5.71699,1.96571,15.65118,5.52114,35.84964,6.90859,-34.05901,8.67694,-9.44464,-50.75930,10.16437,3.64545,28.53545,3.83253,568.58733,407.65181,2312.32690,73.51972,0.01002,0.00989,0.06062,-0.01038,1.22930,0.05137,1.39330,1.06519,1.02134,0.06850,1.22749,0.82941,2.24763,0.00360,2.25543,2.23310,-4.73499,1.28626,-2.35334,-8.68384,-2.04364,0.00155,-2.04114,-2.04674,0.01100,0.00066,0.01229,0.00999,-2.03587,0.00123,-2.03325,-2.03821,-2.05142,0.00193,-2.04833,-2.05538,2.59597,1.25716,14.04379,1.05925,0.33931,0.15606,0.96424,0.01507,6.50442,3.12174,19.72926,1.68091
150,834.5177683830261,1236992,160.76661,3189.72123,124.34216,557.66449,44.63057,232.00494,338.89062,0.29554,0.22414,0.86593,-0.56077,3.53800,0.68389,5.88543,1.98414,18.24759,8.23498,50.12532,5.31234,-32.18995,9.26837,-7.55580,-55.99184,10.24999,4.22979,29.15164,2.89384,450.25862,310.55513,2506.41968,56.71137,0.00876,0.00823,0.04248,-0.01103,1.21932,0.04684,1.35385,1.04183,1.01940,0.06644,1.23285,0.83871,2.23428,0.00483,2.24406,2.22307,-4.85716,1.28183,-2.18133,-9.21852,-2.03704,0.00219,-2.03393,-2.04112,0.00939,0.00128,0.01149,0.00751,-2.03040,0.00142,-2.02785,-2.03321,-2.04368,0.00303,-2.03995,-2.04918,2.46018,0.92760,8.87938,1.02603,0.36305,0.16154,0.97369,0.02278,6.17154,2.89632,17.01759,1.60342
160,821.7470030784607,1318912,116.79782,3430.35478,124.66897,569.19917,39.60102,212.85715,286.48438,0.25793,0.38930,1.21934,-0.85030,3.87670,0.68619,5.95290,2.13795,19.13199,7.52135,38.22677,6.90827,-35.86912,9.36495,-9.67893,-54.29688,11.73505,4.68489,31.04866,3.04074,507.25937,331.52825,2133.02393,87.64388,0.00875,0.00874,0.03997,-0.01381,1.20956,0.04666,1.36860,1.04634,1.01569,0.06541,1.29562,0.85333,2.22781,0.00226,2.23168,2.21478,-4.69905,1.36430,-2.01137,-10.19433,-2.03381,0.00062,-2.03196,-2.03481,0.00854,0.00108,0.00995,0.00604,-2.02778,0.00068,-2.02650,-2.02935,-2.03985,0.00121,-2.03624,-2.04106,2.45950,0.84000,7.69137,1.03827,0.34907,0.16097,0.96652,0.02911,6.02577,2.88347,16.74665,1.44613
170,842.4787771701813,1400832,151.99605,3110.22845,111.46411,568.70682,39.04157,234.52028,342.32812,0.21811,0.30892,0.88641,-0.66532,3.47150,0.59659,5.14505,2.07076,19.76873,6.57029,41.43816,7.39571,-33.56483,10.08507,-8.67918,-56.71472,9.31087,3.68303,25.63109,2.65887,435.71035,310.43176,1894.69629,62.99171,0.00856,0.00917,0.05295,-0.01369,1.20368,0.04775,1.31486,1.00265,1.01302,0.06355,1.27329,0.84306,2.21761,0.00502,2.22596,2.20282,-4.70432,1.26037,-2.26103,-10.72901,-2.02878,0.00220,-2.02573,-2.03195,0.00403,0.00102,0.00604,0.00082,-2.02593,0.00189,-2.02315,-2.02881,-2.03163,0.00267,-2.02632,-2.03622,2.58461,1.80959,36.33356,1.03038,0.34439,0.16933,0.97370,0.01044,5.50173,2.58658,16.76164,1.20774
180,871.1718542575836,1482752,104.51543,3257.84601,126.40968,566.43497,40.45078,264.20023,254.04688,0.23268,0.31375,1.00011,-0.75838,3.85330,0.59422,5.42263,2.51145,20.57665,6.27891,39.57376,7.96222,-33.19129,8.10487,-12.02391,-52.47793,12.19906,4.33485,28.16344,3.67229,468.90428,286.15050,1649.91284,80.95544,0.00938,0.00976,0.05598,-0.01359,1.18032,0.04684,1.32071,1.04179,1.02487,0.06409,1.23877,0.84512,2.20627,0.00290,2.21343,2.19633,-4.87754,1.34119,-2.54008,-10.28286,-2.02307,0.00108,-2.02160,-2.02572,0.00168,0.00093,0.00308,0.00001,-2.02188,0.00104,-2.01979,-2.02515,-2.02426,0.00146,-2.02188,-2.02636,2.57563,1.03146,10.62919,1.04703,0.34507,0.16361,0.96553,0.00669,5.94197,2.88791,20.67218,1.41620
190,835.4527084827423,1564672,128.13188,3539.83631,145.09608,571.62734,41.52359,222.19717,289.82812,0.27301,0.27930,0.85961,-0.44826,3.71900,0.69335,6.00714,2.23527,21.40979,7.71177,43.38670,7.90683,-32.58607,10.83022,-7.70760,-63.06878,10.99627,4.77841,30.47793,3.14909,490.75762,278.12195,1675.51855,76.17581,0.00989,0.00956,0.05864,-0.01296,1.17403,0.04759,1.30672,0.99908,1.01931,0.06246,1.21585,0.78509,2.20045,0.00280,2.20590,2.19012,-4.64423,1.26523,-2.21768,-9.49050,-2.02012,0.00098,-2.01834,-2.02191,0.00126,0.00092,0.00280,0.00000,-2.01923,0.00065,-2.01689,-2.02015,-2.02101,0.00152,-2.01885,-2.02382,2.54867,0.86769,7.06205,1.04771,0.34102,0.15457,0.97073,0.03886,6.83119,3.00859,22.75920,1.52368
200,865.4278461933136,1646592,149.29363,3530.42410,147.36193,573.33247,39.48658,252.51940,310.09375,0.21865,0.31261,1.05406,-0.60189,3.40539,0.56923,5.69178,1.99835,18.81149,7.68248,40.84074,6.34260,-31.25596,10.87253,-8.12118,-60.88251,8.88509,3.52595,21.95897,2.82641,423.59114,235.44971,1466.57727,87.04166,0.00909,0.00906,0.06037,-0.01107,1.18034,0.04937,1.30193,0.99868,1.02375,0.06781,1.25298,0.83910,2.19546,0.00302,2.20042,2.18023,-4.85532,1.41170,-2.10285,-10.81077,-2.01772,0.00109,-2.01510,-2.01919,0.00379,0.00070,0.00488,0.00207,-2.01504,0.00142,-2.01222,-2.01691,-2.02040,0.00092,-2.01797,-2.02193,2.60173,1.01201,7.68661,1.01887,0.32687,0.16048,0.95739,0.00089,6.81380,3.05937,19.39450,1.41942
210,843.7501862049103,1728512,141.71650,3440.79480,121.70353,571.46304,38.75212,233.40201,332.67188,-0.03916,0.24792,0.63077,-0.72572,3.81787,0.67561,5.88807,2.35822,21.56585,8.20953,54.19353,7.63874,-33.46123,11.12294,-6.05130,-60.92367,11.22861,4.37088,30.63380,4.03950,518.44953,306.11471,1872.09497,91.04569,0.01054,0.01207,0.10735,-0.01507,1.15901,0.04786,1.28297,0.91520,1.02668,0.06720,1.31042,0.84243,2.18499,0.00354,2.19195,2.17145,-4.93321,1.40523,-1.94358,-10.41693,-2.01235,0.00150,-2.00990,-2.01508,0.00180,0.00124,0.00427,0.00000,-2.01107,0.00117,-2.00943,-2.01330,-2.01362,0.00216,-2.00990,-2.01795,2.73114,1.46636,16.87049,1.05568,0.29776,0.16862,0.96240,0.00059,6.72922,3.08411,33.53400,1.56602
220,941.4723303318024,1810432,137.60613,3211.51490,141.50264,573.49265,41.03438,326.86434,343.65625,0.05094,0.30751,0.95414,-0.79374,3.37178,0.54908,5.59128,1.98650,20.68684,8.61630,60.23592,6.16391,-31.21777,10.62890,-6.51431,-60.75081,8.42484,3.22163,20.85284,3.06657,445.28439,249.23904,1489.21716,86.39940,0.00912,0.01023,0.05065,-0.01683,1.14584,0.04659,1.27049,1.00643,1.03236,0.06286,1.20710,0.85296,2.17132,0.00408,2.18181,2.16043,-4.98918,1.40885,-2.50214,-11.63087,-2.00557,0.00177,-2.00317,-2.00989,0.00122,0.00066,0.00254,0.00001,-2.00470,0.00220,-2.00158,-2.00987,-2.00643,0.00138,-2.00422,-2.00995,2.68959,1.65249,27.05901,1.04098,0.31575,0.17548,0.95525,0.00041,6.55071,2.75027,16.13066,1.47879
230,852.5222947597504,1892352,140.49258,3630.19076,109.76258,552.57321,37.22901,262.51982,340.57812,0.08333,0.27821,0.77024,-0.82169,4.08646,0.72281,6.43441,2.48067,23.10755,10.58810,54.25077,5.90037,-37.41077,11.10043,-8.04671,-59.59681,12.52225,5.00509,33.81113,3.64501,458.00814,292.10362,2184.96460,85.96130,0.01019,0.01139,0.09116,-0.01443,1.13224,0.04485,1.23715,0.99399,1.02898,0.06422,1.24472,0.83216,2.15880,0.00470,2.16828,2.14513,-4.95122,1.28818,-2.38550,-8.96491,-1.99931,0.00218,-1.99603,-2.00322,0.00108,0.00081,0.00341,0.00002,-1.99855,0.00244,-1.99362,-2.00248,-2.00008,0.00205,-1.99772,-2.00419,3.04365,2.66852,47.35125,1.06193,0.27526,0.17466,0.93510,0.00004,6.13993,3.02643,25.78196,1.50850
240,935.3246536254883,1974272,140.70894,3529.98722,154.88995,578.97908,38.87122,317.38512,303.23438,0.21006,0.25561,0.94598,-0.63170,3.82962,0.75357,6.02855,2.14592,24.22457,11.13992,58.40550,7.13430,-33.37751,11.09038,-10.04451,-58.01160,11.08582,5.05637,29.84809,3.16810,443.88999,270.91428,1623.61572,85.56993,0.00845,0.01053,0.05483,-0.01519,1.13079,0.04744,1.26448,0.97848,1.02301,0.06654,1.26448,0.86069,2.14896,0.00248,2.15409,2.13695,-4.80539,1.27358,-2.31681,-10.23291,-1.99438,0.00088,-1.99310,-1.99606,0.00443,0.00090,0.00615,0.00288,-1.99125,0.00134,-1.98989,-1.99395,-1.99752,0.00074,-1.99608,-1.99859,2.68478,1.26583,12.20050,1.04324,0.31880,0.16200,0.93842,0.00074,6.28935,2.82495,17.19244,1.38046
250,950.5568542480469,2056192,143.09413,3436.18292,134.02795,577.11177,40.31827,332.88202,347.71875,0.34110,0.25124,1.04057,-0.40960,3.67031,0.66719,6.12772,2.18920,22.92531,9.46547,48.86928,7.50709,-32.40568,12.11416,-8.45489,-59.85124,9.88284,4.31333,27.16037,3.79663,462.88799,303.30539,1760.98425,79.82448,0.00998,0.01070,0.05102,-0.01631,1.12328,0.04633,1.24001,0.97104,1.02205,0.06088,1.20834,0.84850,2.14385,0.00275,2.14899,2.13283,-4.68931,1.15375,-2.52913,-10.60995,-1.99188,0.00102,-1.99024,-1.99356,0.00444,0.00055,0.00547,0.00371,-1.98875,0.00097,-1.98738,-1.99078,-1.99502,0.00120,-1.99297,-1.99654,2.85999,1.27163,12.46420,1.03307,0.28819,0.15764,0.94490,0.00204,6.69960,2.92758,19.80581,1.83065
260,1020.2091431617737,2138112,162.19835,3212.61585,133.58379,541.64929,38.17829,440.18416,406.64062,0.06887,0.24206,0.78703,-1.01326,4.01931,0.85292,7.40739,2.39681,24.12829,11.34024,54.96236,5.88844,-36.52177,11.67183,-11.50442,-63.97515,12.56590,6.53030,41.79465,3.87160,464.91851,281.92057,1929.17078,83.88024,0.00933,0.01081,0.09004,-0.01589,1.11258,0.04577,1.23978,0.97479,1.02644,0.06132,1.24966,0.86625,2.13740,0.00412,2.14487,2.12548,-4.92109,1.33151,-2.27094,-11.59060,-1.98863,0.00176,-1.98510,-1.99144,0.00361,0.00063,0.00557,0.00230,-1.98608,0.00207,-1.98116,-1.98930,-1.99119,0.00151,-1.98903,-1.99415,2.58825,1.28090,16.84340,1.06633,0.33411,0.16712,0.94647,0.00345,6.52794,2.66758,17.73597,1.58149
270,947.3747727870941,2220032,125.57980,2676.43238,123.03084,557.15692,36.09183,354.05251,382.00000,0.23261,0.33433,1.09282,-0.79762,4.09752,0.79893,6.96501,2.38603,28.23669,11.47200,56.73776,7.69060,-34.67470,11.11698,-8.41345,-58.09721,12.28078,5.53389,33.91287,4.02374,398.72386,205.77226,1157.63989,74.13381,0.00927,0.01043,0.06666,-0.01283,1.09853,0.04852,1.23704,0.94295,1.03010,0.06860,1.26145,0.84991,2.12599,0.00298,2.13209,2.11638,-4.97114,1.45099,-2.42872,-14.42053,-1.98286,0.00114,-1.98091,-1.98508,0.00578,0.00097,0.00721,0.00397,-1.97878,0.00167,-1.97619,-1.98112,-1.98695,0.00088,-1.98551,-1.98910,2.81093,1.46669,13.96114,1.04812,0.28364,0.17030,0.95636,0.00000,6.24578,2.80771,25.77131,1.72162
280,1044.7488083839417,2301952,139.43010,3093.20352,138.42155,587.96159,41.73010,414.96352,347.57812,0.14643,0.31466,0.95795,-0.82137,3.97153,0.69352,6.46374,2.26289,23.84821,10.58737,60.91605,6.41470,-34.95005,11.16509,-10.65487,-64.22121,11.21168,4.73870,33.48509,3.71848,353.35979,188.51052,1444.83911,89.23328,0.00898,0.01096,0.09124,-0.01617,1.08439,0.04813,1.21513,0.92054,1.02736,0.06193,1.22872,0.84662,2.11289,0.00594,2.12415,2.09302,-4.91182,1.24321,-2.39083,-9.89509,-1.97646,0.00272,-1.97160,-1.98111,0.00592,0.00047,0.00685,0.00527,-1.97227,0.00259,-1.96717,-1.97675,-1.98065,0.00288,-1.97603,-1.98550,2.92489,1.70407,30.29004,1.04755,0.25201,0.16913,0.95678,0.00002,5.87741,2.35962,14.59110,1.90185
290,1038.968675851822,2383872,152.66085,2650.18806,153.83565,578.88354,44.64320,415.33232,582.23438,0.15518,0.23974,0.78204,-0.55809,3.71623,0.76580,5.89978,1.93867,21.37824,8.46981,48.78782,7.37065,-35.33188,11.34962,-8.74692,-66.65524,10.47398,5.00527,32.60388,2.71285,352.42657,213.65632,1407.52722,86.91943,0.00806,0.00974,0.06400,-0.01505,1.07129,0.04743,1.17599,0.91810,1.02925,0.06819,1.26711,0.85736,2.09536,0.00496,2.10510,2.07711,-5.05513,1.42414,-2.14058,-12.53121,-1.96763,0.00215,-1.96520,-1.97158,0.00693,0.00062,0.00813,0.00592,-1.96273,0.00210,-1.96003,-1.96719,-1.97253,0.00229,-1.96979,-1.97601,2.84340,1.49133,20.76085,1.06595,0.29310,0.16914,0.92676,0.00000,6.17085,2.38242,18.62345,2.03019
300,1043.7233657836914,2465792,142.17027,3364.19822,134.62413,586.34102,44.67739,412.60900,404.18750,0.11139,0.25015,0.98029,-0.78697,3.96188,0.61059,5.87529,2.26890,27.12694,9.59996,68.39318,9.18027,-34.67061,11.79033,-8.73530,-59.37180,10.66868,4.19977,25.16134,3.91149,348.23859,182.34784,1239.26489,75.28064,0.00945,0.01060,0.07668,-0.01933,1.06160,0.04517,1.19812,0.91050,1.03138,0.06598,1.23432,0.86425,2.08812,0.00258,2.09277,2.07682,-5.10317,1.46771,-2.46306,-12.32995,-1.96400,0.00083,-1.96267,-1.96543,0.01026,0.00145,0.01196,0.00741,-1.95675,0.00180,-1.95440,-1.96011,-1.97126,0.00051,-1.97049,-1.97217,2.77585,1.20267,12.57896,1.05151,0.29056,0.16976,0.96662,0.00000,6.24326,2.62368,24.91072,1.89948
310,949.7768244743347,2547712,151.98754,3137.13471,142.56849,554.02304,45.24291,350.42324,370.40625,0.22299,0.25156,0.97839,-0.46325,3.80255,0.73362,6.03813,2.06227,22.33924,8.66495,53.89049,7.46444,-35.46381,11.63108,-7.41390,-67.37270,10.19270,4.70362,28.01223,3.30849,380.31191,220.25867,1879.12817,74.66626,0.00748,0.01000,0.07015,-0.01401,1.05419,0.04691,1.18434,0.92158,1.02659,0.06315,1.25032,0.84593,2.07970,0.00391,2.08739,2.06729,-4.88919,1.23466,-2.08206,-9.07860,-1.95980,0.00167,-1.95625,-1.96268,0.01179,0.00050,0.01262,0.01079,-1.95146,0.00172,-1.94793,-1.95439,-1.96813,0.00170,-1.96433,-1.97097,2.46527,0.96227,13.62524,1.02651,0.34592,0.15427,0.95816,0.00697,5.92067,2.48714,16.67457,1.86182
320,953.2897505760193,2629632,142.26283,3581.64009,142.46208,555.07353,61.85152,336.25687,411.46875,0.22441,0.29251,1.24309,-0.51910,4.24765,0.68983,6.14298,2.53383,23.93138,9.10279,48.60184,6.78458,-36.88773,10.66005,-9.09716,-59.39411,12.68548,5.12281,32.86993,3.55296,415.27382,217.47419,1443.79382,85.52298,0.00833,0.01121,0.05278,-0.01878,1.04205,0.04552,1.16594,0.87753,1.02053,0.05797,1.17159,0.85367,2.06688,0.00441,2.07531,2.05308,-4.92493,1.26428,-2.35357,-10.95851,-1.95331,0.00202,-1.95015,-1.95667,0.01002,0.00044,0.01098,0.00928,-1.94623,0.00215,-1.94279,-1.94898,-1.96040,0.00194,-1.95732,-1.96443,2.64887,1.49652,27.73547,1.04518,0.31175,0.16511,0.95567,0.00869,6.08227,2.65784,17.52938,1.43535
330,979.9128375053406,2711552,188.25273,3532.31054,138.11368,581.53556,46.55997,351.65087,372.67188,0.07436,0.26723,0.90768,-0.90958,3.94126,0.64269,5.81196,2.44449,23.86090,10.05106,61.74704,8.23514,-36.01450,12.35612,-10.17189,-64.41042,11.27033,4.67966,32.71242,3.61611,385.68727,213.04413,1453.89771,93.35563,0.00771,0.01088,0.05814,-0.01473,1.03588,0.04802,1.15174,0.88811,1.02193,0.06601,1.32863,0.86821,2.05738,0.00340,2.06299,2.04299,-4.99734,1.47322,-2.40729,-15.44519,-1.94864,0.00141,-1.94624,-1.95049,0.01002,0.00115,0.01230,0.00833,-1.94156,0.00216,-1.93757,-1.94379,-1.95573,0.00079,-1.95437,-1.95731,2.91975,2.88119,50.31528,1.05770,0.30031,0.16728,0.95661,0.00045,6.12840,2.54975,18.17305,1.74803
340,1037.5121994018555,2793472,135.45252,3257.01994,140.32801,577.77644,45.41672,414.24066,381.34375,0.10454,0.29127,1.01225,-0.77812,4.49942,0.77164,6.75190,2.71575,25.51224,9.03514,55.51518,10.48583,-39.76873,12.42473,-12.38669,-73.92123,14.81577,6.59467,38.51658,3.85186,396.21527,229.34300,1682.05688,95.63284,0.00720,0.01002,0.05432,-0.01884,1.03406,0.04681,1.16453,0.88878,1.01842,0.06796,1.24244,0.85669,2.05307,0.00205,2.05649,2.04389,-4.88549,1.28203,-2.58618,-10.50424,-1.94639,0.00047,-1.94582,-1.94725,0.01332,0.00034,0.01395,0.01227,-1.93697,0.00054,-1.93629,-1.93792,-1.95581,0.00051,-1.95475,-1.95658,2.68090,1.65396,24.22220,1.07386,0.33085,0.16312,0.94497,0.00031,6.26819,2.78318,17.47896,1.62940
350,1184.0958983898163,2875392,145.24658,2799.17816,105.88616,558.40617,39.73691,585.86057,428.39062,0.14091,0.23825,0.79889,-0.55817,3.97595,0.80177,6.54387,2.33011,24.78508,11.51463,59.03756,6.68156,-38.68388,12.62920,-8.60614,-69.94085,11.68579,5.72735,39.63343,3.37794,365.28597,237.10593,1937.61646,84.95576,0.00628,0.01023,0.03992,-0.01642,1.03205,0.04721,1.18070,0.84777,1.01725,0.06629,1.26873,0.82793,2.04913,0.00288,2.05440,2.03537,-4.86790,1.39156,-2.14475,-11.56305,-1.94458,0.00094,-1.94214,-1.94634,0.01289,0.00069,0.01495,0.01214,-1.93547,0.00133,-1.93157,-1.93726,-1.95369,0.00067,-1.95270,-1.95542,2.41434,0.77955,7.74896,1.05228,0.36226,0.16013,0.93962,0.00104,5.46535,2.31311,17.31044,1.43060
360,970.9806997776031,2957312,126.45106,3176.82681,132.23360,554.54671,37.80973,378.53726,356.06250,0.18316,0.31270,1.20762,-0.76984,4.12762,0.88806,6.46961,2.08742,22.27051,8.49089,48.71077,7.13063,-38.15031,12.40317,-10.04957,-64.00613,12.34058,6.04939,32.25879,2.93112,314.86092,170.17773,1322.39856,60.06478,0.00681,0.01008,0.06959,-0.01764,1.02103,0.04650,1.14179,0.88075,1.01756,0.06483,1.19934,0.85615,2.03993,0.00420,2.04635,2.02775,-4.88689,1.26390,-1.93856,-10.21628,-1.93990,0.00185,-1.93688,-1.94217,0.01774,0.00116,0.01948,0.01496,-1.92736,0.00262,-1.92340,-1.93154,-1.95244,0.00115,-1.95031,-1.95391,2.58218,1.82254,36.80116,1.04032,0.34354,0.16271,0.95883,0.00031,6.18803,2.55420,21.79782,1.88033
370,986.3804769515991,3039232,138.60330,3089.11895,129.44552,540.74328,34.95768,410.48852,542.76562,0.27378,0.28789,1.05479,-0.39316,3.92567,0.66757,6.27229,2.49511,23.97914,8.05626,52.24478,8.37887,-35.17126,13.09066,-9.66655,-65.97723,10.59313,4.65474,33.37691,3.83864,342.16353,200.53735,1577.45923,73.51328,0.00831,0.01056,0.07117,-0.01243,1.01526,0.04696,1.16864,0.86200,1.01957,0.06178,1.23009,0.82878,2.03135,0.00290,2.03652,2.01716,-4.86567,1.14984,-2.45765,-9.12328,-1.93566,0.00098,-1.93412,-1.93729,0.02023,0.00122,0.02267,0.01855,-1.92136,0.00178,-1.91809,-1.92409,-1.94997,0.00047,-1.94889,-1.95076,2.69591,1.53482,24.74208,1.05189,0.31182,0.16507,0.94783,0.00051,6.37595,2.73599,24.44231,2.15997
380,932.3596901893616,3121152,126.82446,2330.47332,126.48168,543.69695,36.87382,351.69813,423.71875,0.11818,0.24347,0.81557,-0.50881,3.73496,0.91924,6.56993,1.84675,23.04417,12.16142,59.38953,5.09127,-36.20299,12.85591,-8.29208,-62.96888,9.42624,5.34488,38.20025,2.26423,297.20176,146.05559,1280.52417,60.68401,0.00834,0.01153,0.07352,-0.01989,0.99701,0.04830,1.13225,0.85243,1.02417,0.06426,1.23112,0.87367,2.02179,0.00376,2.03024,2.00796,-4.90642,1.26496,-2.73911,-9.75108,-1.93091,0.00155,-1.92773,-1.93410,0.02343,0.00087,0.02530,0.02238,-1.91434,0.00210,-1.91014,-1.91807,-1.94748,0.00106,-1.94530,-1.95014,2.81705,3.36722,55.45372,1.03091,0.33398,0.15948,0.97787,0.02091,6.07368,2.79973,37.58801,1.70811
390,996.5594277381897,3203072,155.99073,2488.31332,153.50013,548.06554,38.47800,409.92357,417.10938,0.17647,0.33034,1.06387,-0.95647,3.56256,0.94118,6.63314,1.71756,24.48462,11.01271,59.20256,5.85792,-31.65159,15.35408,-7.55190,-65.26653,8.98486,5.64280,37.00125,1.56080,337.18200,247.92140,1452.58008,39.03740,0.00762,0.01033,0.04557,-0.02094,0.98388,0.04271,1.12101,0.84663,1.02309,0.06287,1.30571,0.86064,2.00787,0.00499,2.01752,1.99264,-5.00498,1.25972,-2.59178,-12.67189,-1.92391,0.00219,-1.92066,-1.92771,0.02721,0.00117,0.02899,0.02478,-1.90467,0.00299,-1.90018,-1.91015,-1.94315,0.00141,-1.94084,-1.94528,2.79772,1.61550,19.35630,1.06218,0.33403,0.16000,0.93826,0.00125,6.10702,2.54290,21.03586,1.56771
400,993.5750710964203,3284992,164.12558,2336.46229,163.13070,556.58231,37.52775,399.38582,463.09375,-0.00899,0.28350,0.67058,-0.73472,3.67587,0.85174,6.80668,1.71675,24.56822,10.76550,51.76598,6.30602,-36.92051,13.66833,-9.33700,-62.84084,9.51049,4.96738,33.15108,1.94747,321.95028,192.02266,1214.48462,53.22469,0.00723,0.01235,0.09337,-0.01847,0.97817,0.04583,1.10003,0.82322,1.01922,0.06531,1.29095,0.84984,1.99861,0.00265,2.00338,1.98699,-5.02440,1.29046,-2.75048,-9.04289,-1.91917,0.00096,-1.91763,-1.92075,0.03213,0.00173,0.03426,0.02892,-1.89645,0.00212,-1.89350,-1.90030,-1.94189,0.00058,-1.94102,-1.94310,2.84037,1.46440,15.42729,1.03406,0.29146,0.17404,0.96908,0.00222,5.52189,2.30304,25.81482,1.37653
410,1111.1302525997162,3366912,131.97278,2651.92425,137.72046,554.11972,36.48846,520.44384,411.06250,0.10865,0.33483,0.91089,-0.91868,3.99370,0.66599,6.00512,2.41764,26.59526,10.20139,61.11097,8.04178,-35.36887,12.94172,-10.85086,-67.55457,11.34462,4.93901,31.35699,3.72170,350.04293,197.39911,1359.73315,69.68737,0.00584,0.01068,0.06847,-0.01764,0.97249,0.04665,1.10274,0.81525,1.01973,0.06602,1.24698,0.80947,1.99152,0.00319,1.99678,1.97906,-4.82229,1.16218,-2.50485,-11.18773,-1.91571,0.00131,-1.91280,-1.91762,0.03474,0.00064,0.03571,0.03374,-1.89114,0.00169,-1.88761,-1.89361,-1.94027,0.00099,-1.93800,-1.94163,2.55415,1.07180,11.51694,1.05051,0.32063,0.15886,0.97071,0.00147,5.62693,2.24951,16.57365,1.90857
420,999.7523050308228,3448832,145.07692,1817.65006,134.10923,558.87397,37.62238,402.90498,586.85938,0.08917,0.26746,0.78508,-0.62478,3.50614,0.75811,5.96525,2.13941,21.38717,9.98310,46.57534,4.31406,-32.06009,13.58635,-7.39317,-65.91708,9.11755,4.76869,34.18760,2.62914,285.89686,181.93604,1193.32581,56.10268,0.00412,0.00964,0.03260,-0.01919,0.95869,0.04610,1.07992,0.81714,1.02593,0.06943,1.24670,0.86750,1.97850,0.00373,1.98724,1.96697,-5.02349,1.42645,-2.50699,-11.66973,-1.90927,0.00165,-1.90608,-1.91279,0.03709,0.00050,0.03780,0.03565,-1.88304,0.00191,-1.87954,-1.88758,-1.93549,0.00143,-1.93251,-1.93813,2.46081,1.13967,12.24591,1.05511,0.34524,0.16083,0.95578,0.00109,5.21595,2.08119,13.46159,1.55500
430,912.6714670658112,3530752,137.25145,2280.42340,158.70646,562.70019,34.85381,315.03250,402.39062,0.09088,0.30973,0.89431,-0.73668,3.57796,0.70264,5.41527,1.97313,24.11097,10.70432,53.35870,6.92372,-31.89219,12.74993,-7.78607,-58.91867,8.89044,4.46566,27.61515,2.06156,264.34834,151.36415,1046.16272,45.20589,0.00518,0.01005,0.03694,-0.01683,0.94801,0.04600,1.09430,0.78699,1.02400,0.06935,1.30562,0.83513,1.97077,0.00230,1.97444,1.95872,-5.12446,1.52577,-2.52712,-12.34383,-1.90532,0.00064,-1.90345,-1.90617,0.04036,0.00105,0.04141,0.03763,-1.87678,0.00103,-1.87421,-1.87953,-1.93386,0.00093,-1.93203,-1.93535,2.43609,0.81568,7.84187,1.07087,0.33297,0.17154,0.93664,0.00462,5.36874,2.00021,11.85387,1.60802
440,1005.7672472000122,3612672,148.76841,1329.72465,144.87334,562.44279,35.57574,407.67423,498.42188,0.17145,0.29590,0.94178,-0.89121,3.80169,0.83176,6.39326,1.55406,24.48407,9.89925,52.00661,5.68147,-37.30615,14.19760,-8.99859,-67.22898,9.76832,4.95448,34.16557,1.96697,304.45214,206.17853,1756.68286,57.43941,0.00708,0.01504,0.22043,-0.01806,0.94687,0.04579,1.08559,0.81819,1.02309,0.06282,1.22708,0.84018,1.96549,0.00233,1.96867,1.94726,-5.13325,1.25340,-2.63492,-9.17108,-1.90272,0.00039,-1.90197,-1.90343,0.04282,0.00051,0.04397,0.04138,-1.87245,0.00053,-1.87155,-1.87417,-1.93300,0.00053,-1.93141,-1.93398,2.72821,1.96636,36.32043,1.04174,0.32747,0.17804,0.97162,0.00128,5.67730,3.88579,74.69183,1.45654
450,1012.1720547676086,3694592,154.34176,2057.67187,110.99796,560.68743,38.34392,413.06349,640.17188,0.08933,0.32656,0.81316,-0.96093,3.41854,0.72107,5.70997,1.69806,22.42620,10.74172,51.38948,4.78527,-32.23614,13.73254,-8.17601,-60.18661,7.86062,3.96850,23.94855,1.92736,241.83941,155.09597,1330.70984,36.33698,0.00518,0.01049,0.05047,-0.01570,0.93895,0.04465,1.06689,0.78786,1.02197,0.06152,1.19943,0.85923,1.95975,0.00410,1.96579,1.94260,-5.03426,1.25780,-2.65344,-10.00959,-1.89983,0.00169,-1.89582,-1.90198,0.04083,0.00062,0.04240,0.03964,-1.87096,0.00197,-1.86586,-1.87293,-1.92870,0.00149,-1.92578,-1.93139,2.46343,0.96201,11.55185,1.02654,0.34425,0.16459,0.95915,0.00443,5.18196,2.16328,15.05686,1.33567
460,999.9127373695374,3776512,154.05184,2060.63306,123.63391,562.40120,35.69544,401.73727,495.96875,0.08133,0.33364,0.96429,-1.08663,2.96796,0.84355,5.34879,1.39275,20.06047,11.44415,54.10075,4.39086,-27.56974,13.51221,-6.75189,-61.44489,6.31578,3.83131,25.47741,1.30749,215.71910,165.20016,1342.59070,29.09245,0.00511,0.00963,0.05531,-0.01922,0.92763,0.04648,1.06697,0.77119,1.01638,0.06357,1.26771,0.86265,1.94680,0.00328,1.95341,1.93678,-5.07498,1.39464,-2.65026,-11.92700,-1.89332,0.00131,-1.89117,-1.89580,0.04328,0.00052,0.04426,0.04220,-1.86271,0.00137,-1.86036,-1.86592,-1.92392,0.00135,-1.92159,-1.92575,2.44610,1.11916,17.18499,1.05745,0.38375,0.16765,0.93833,0.00560,5.11455,2.20773,21.85461,1.40646
470,1155.4776854515076,3858432,146.72081,2702.20713,135.33183,556.58346,37.07367,561.73952,437.31250,0.04691,0.29507,0.89216,-0.62289,3.42819,0.76950,5.76656,1.77884,20.00335,11.13516,54.44926,5.10924,-31.61216,13.26263,-10.83838,-65.32969,7.85397,4.05622,30.52888,2.18183,235.28627,126.61958,769.08307,50.60947,0.00552,0.01087,0.05490,-0.01858,0.92380,0.04783,1.06113,0.79674,1.01383,0.06579,1.20702,0.83140,1.93784,0.00367,1.94435,1.92310,-5.08553,1.42237,-2.53476,-11.88350,-1.88882,0.00160,-1.88609,-1.89120,0.04508,0.00102,0.04715,0.04365,-1.85695,0.00229,-1.85294,-1.86033,-1.92070,0.00095,-1.91923,-1.92218,2.50955,0.93118,9.71985,1.05030,0.33407,0.16223,0.95967,0.00001,5.04824,2.00892,14.42911,1.49763
480,994.8204162120819,3940352,150.71432,2628.41275,141.86124,556.64842,39.00205,399.07916,442.95312,0.07154,0.24160,0.57786,-0.76917,3.42421,0.69218,5.54633,1.95869,19.40961,6.80200,38.54542,5.94101,-31.94940,13.82970,-6.69142,-66.97936,8.17274,4.03519,30.75558,1.70892,255.32838,146.81222,1078.29407,48.07494,0.00460,0.00934,0.04759,-0.01661,0.90285,0.04674,1.02062,0.75081,1.02653,0.06708,1.23449,0.85592,1.93062,0.00370,1.93646,1.92073,-5.11882,1.39092,-2.34634,-13.26975,-1.88519,0.00169,-1.88250,-1.88725,0.04665,0.00069,0.04795,0.04553,-1.85221,0.00141,-1.84932,-1.85389,-1.91818,0.00205,-1.91530,-1.92108,2.37699,0.79707,6.37552,1.04517,0.37525,0.16778,0.95876,0.01817,5.15536,2.15994,14.10196,1.18640
490,991.7686636447906,4022272,160.46509,2447.37213,92.97189,553.64983,39.92552,398.01235,648.82812,0.08924,0.29958,0.95390,-0.63467,4.14424,0.94077,6.68250,2.35569,27.71946,11.56057,56.18358,7.89161,-36.01702,14.40530,-7.43273,-66.18034,11.39763,6.27690,37.19431,2.42102,269.18726,141.70958,969.96509,50.52429,0.00548,0.00948,0.05071,-0.01857,0.90255,0.04444,1.03552,0.75838,1.02411,0.06471,1.30037,0.83520,1.92148,0.00233,1.92689,1.91133,-4.99580,1.08780,-2.49465,-8.00666,-1.88064,0.00070,-1.87959,-1.88249,0.04754,0.00066,0.04859,0.04669,-1.84703,0.00107,-1.84555,-1.84931,-1.91426,0.00051,-1.91327,-1.91566,2.51748,0.95756,11.97447,1.03876,0.34885,0.15988,0.96726,0.02357,5.38601,2.06393,17.36929,1.74771
500,991.0793898105621,4104192,193.36252,2928.88228,180.63653,556.52139,35.22428,399.24843,565.09375,0.09276,0.28054,0.89143,-0.61801,4.12926,0.71288,6.68528,2.00826,27.43926,11.43489,66.60204,8.40804,-37.69182,16.35029,-6.64888,-73.07728,11.28490,5.59466,44.21123,2.76620,332.92410,212.62256,1332.45605,61.78177,0.00529,0.01009,0.05509,-0.01640,0.90101,0.04688,1.01745,0.73033,1.01464,0.06541,1.23595,0.85657,1.91723,0.00260,1.92122,1.90661,-5.01164,1.33259,-2.51687,-11.59131,-1.87855,0.00086,-1.87720,-1.87965,0.04708,0.00045,0.04826,0.04642,-1.84526,0.00107,-1.84317,-1.84652,-1.91185,0.00072,-1.91076,-1.91325,2.46716,0.90218,7.92275,1.05294,0.36081,0.16334,0.96830,0.01791,5.58791,2.23375,15.84656,1.84308
510,994.0593135356903,4186112,210.77364,2557.17091,139.62165,558.80025,35.90863,399.26638,479.15625,0.12803,0.21179,0.79355,-0.53024,3.84741,0.69268,6.33663,2.42178,24.65031,9.57593,57.40896,6.02432,-37.53766,14.88597,-10.85603,-74.14948,9.57904,4.53567,35.63137,2.43532,275.97675,148.11767,908.99146,58.23641,0.00565,0.01098,0.05754,-0.01827,0.89267,0.04813,1.02654,0.69447,1.01982,0.06591,1.23542,0.85777,1.90914,0.00367,1.91666,1.89832,-5.05437,1.37290,-2.45680,-12.14658,-1.87459,0.00154,-1.87267,-1.87730,0.04786,0.00090,0.04910,0.04597,-1.84075,0.00112,-1.83893,-1.84316,-1.90843,0.00207,-1.90543,-1.91143,2.43689,0.98230,8.76789,1.06455,0.34588,0.16906,0.95091,0.01019,5.26504,2.18147,15.72972,1.64706
520,988.7700886726379,4268032,130.53802,3354.38590,147.85195,556.87638,35.94142,395.84204,411.01562,-0.01383,0.28707,0.82932,-0.97325,4.28508,0.73201,6.41444,2.40242,25.85855,11.24186,65.11989,5.89889,-44.14755,13.46361,-10.92515,-74.85865,12.59782,5.60829,37.81411,3.63129,350.39658,176.17682,926.19745,86.98580,0.00416,0.00954,0.05426,-0.01724,0.87823,0.04640,1.03530,0.75408,1.02714,0.06376,1.24467,0.83663,1.90325,0.00300,1.90792,1.88663,-5.16621,1.38522,-2.64860,-10.31328,-1.87159,0.00100,-1.86891,-1.87295,0.04648,0.00060,0.04742,0.04533,-1.83873,0.00102,-1.83685,-1.84052,-1.90446,0.00115,-1.90096,-1.90558,2.40217,0.89341,10.21742,1.02191,0.37332,0.16533,0.96744,0.05059,5.16404,2.19386,15.86291,1.49707
530,1148.3632464408875,4349952,137.39478,3253.44745,163.29580,554.19889,36.48173,557.60081,455.54688,-0.02805,0.40926,0.99120,-1.21103,4.63823,0.77241,7.00321,2.87088,30.00637,12.96460,65.70639,9.33225,-42.93773,15.30519,-10.88380,-80.88668,13.92558,6.04249,43.78997,4.83879,344.61507,169.87429,1161.28259,84.06816,0.00444,0.00927,0.04567,-0.02003,0.87859,0.04728,1.00914,0.74324,1.01554,0.06496,1.23126,0.84892,1.89134,0.00353,1.89915,1.88022,-5.00229,1.30277,-2.29481,-10.56486,-1.86561,0.00152,-1.86308,-1.86889,0.04327,0.00089,0.04532,0.04212,-1.83502,0.00101,-1.83315,-1.83684,-1.89621,0.00210,-1.89301,-1.90093,2.26235,0.73751,8.48240,1.02741,0.39363,0.14586,0.96556,0.06537,5.37928,2.30057,24.82979,1.60519
540,988.5827693939209,4431872,152.84663,2688.06020,117.99620,553.88477,35.66404,398.94995,366.50000,-0.00781,0.25249,0.72351,-0.81661,4.57266,0.89634,7.61207,2.79114,30.95888,9.79701,59.54082,10.20280,-42.88519,13.74553,-11.61536,-70.18539,14.59674,7.19448,46.80058,2.97788,352.57135,189.20915,1187.98547,73.30151,0.00423,0.00949,0.05614,-0.01526,0.86356,0.04470,0.99374,0.72695,1.01097,0.06098,1.21044,0.84362,1.88165,0.00302,1.88819,1.86512,-4.88377,1.07720,-2.48297,-9.13582,-1.86077,0.00098,-1.85918,-1.86307,0.04323,0.00035,0.04393,0.04232,-1.83021,0.00107,-1.82867,-1.83314,-1.89134,0.00095,-1.88969,-1.89300,2.32695,0.76691,7.63518,1.02803,0.38362,0.16551,0.97546,0.00983,5.36261,2.22809,15.66087,1.60942
550,964.5591688156128,4513792,183.64749,3254.54263,148.98928,553.23946,37.95340,373.28921,393.59375,-0.20306,0.42180,0.90772,-1.37091,4.68996,1.00525,8.06578,2.69904,29.88356,10.90215,60.09211,7.60666,-43.20802,14.97037,-10.22839,-76.04054,15.86659,8.44712,56.77849,4.18494,445.76409,228.50706,1596.16833,96.30059,0.00385,0.00930,0.03052,-0.02174,0.86573,0.04314,0.98711,0.73297,1.01330,0.05890,1.18615,0.84889,1.88234,0.00286,1.88682,1.86681,-4.97116,1.21539,-2.54401,-9.96249,-1.86116,0.00090,-1.85913,-1.86242,0.04325,0.00048,0.04399,0.04188,-1.83058,0.00108,-1.82862,-1.83241,-1.89174,0.00082,-1.88963,-1.89270,2.30443,0.71011,8.47410,1.02464,0.38367,0.16009,0.96168,0.01132,5.54081,2.19020,14.54226,1.37539
560,991.2381179332733,4595712,136.77057,2509.82896,157.46379,558.24024,35.76987,397.13306,474.82812,0.02726,0.29284,0.80142,-0.75848,4.07263,0.75223,6.63028,2.29767,29.02172,9.85556,53.88396,8.66259,-36.19091,13.80561,-7.30646,-71.16962,10.90467,5.42683,35.51056,3.56077,280.36713,130.35251,853.75970,65.81005,0.00481,0.01040,0.05542,-0.01620,0.86480,0.04546,0.98409,0.74090,1.01948,0.06400,1.19788,0.83304,1.88306,0.00226,1.88634,1.87342,-5.11028,1.22236,-2.79525,-9.52434,-1.86150,0.00042,-1.86074,-1.86218,0.04196,0.00068,0.04371,0.04086,-1.83183,0.00059,-1.83000,-1.83259,-1.89117,0.00067,-1.88993,-1.89220,2.38457,0.81481,9.20198,1.02476,0.36040,0.16345,0.97808,0.00934,5.44597,2.37198,17.08450,1.83715
570,988.6582508087158,4677632,155.38866,1800.97926,127.50269,553.61335,35.58680,399.36239,433.07812,-0.12355,0.27677,0.60841,-0.89747,4.01992,0.73259,6.44513,2.36693,25.00685,9.77121,59.00791,8.37649,-40.98096,13.63403,-10.56946,-73.46809,10.98963,4.98377,28.35525,2.64450,279.42170,131.80932,952.46466,59.12632,0.00277,0.00892,0.03621,-0.01556,0.85783,0.04490,0.99544,0.73271,1.01750,0.06400,1.20977,0.85650,1.87647,0.00443,1.88387,1.85774,-5.01334,1.38299,-2.44288,-9.82875,-1.85808,0.00203,-1.85441,-1.86094,0.04358,0.00090,0.04508,0.04192,-1.82727,0.00168,-1.82472,-1.83000,-1.88890,0.00249,-1.88409,-1.89191,2.30611,0.78630,7.97489,1.03913,0.38536,0.15696,0.97110,0.03346,4.62933,1.86151,11.29200,1.24099
580,993.5582258701324,4759552,189.29311,2820.68718,155.53439,556.91378,37.08518,399.47456,465.34375,0.16147,0.41469,0.94291,-0.89006,4.34609,0.88840,7.09985,2.45502,25.58068,9.61631,52.61207,6.01951,-38.39398,15.56825,-8.68070,-77.37142,14.00035,6.86646,40.24831,3.56352,309.86071,172.31575,970.44458,54.05244,0.00414,0.00893,0.03931,-0.01820,0.84819,0.04502,0.96626,0.74396,1.02509,0.06148,1.20930,0.83523,1.86914,0.00237,1.87254,1.85088,-5.18000,1.27746,-2.75174,-11.20547,-1.85454,0.00036,-1.85391,-1.85529,0.04179,0.00022,0.04233,0.04130,-1.82498,0.00036,-1.82433,-1.82570,-1.88409,0.00041,-1.88343,-1.88495,2.42929,0.94013,8.02520,1.02995,0.36226,0.16942,0.96612,0.00977,5.31450,2.08105,14.85479,1.75288
590,1157.7210614681244,4841472,161.72926,2594.31288,139.49342,581.26014,40.11752,536.23743,420.90625,0.27362,0.31623,0.98926,-0.41556,3.75469,0.89552,6.33320,2.05935,25.01668,10.77601,59.13953,5.78033,-33.91932,15.06094,-6.41976,-64.78577,10.50635,5.84053,37.91483,2.95570,269.62039,132.26779,845.12756,55.26465,0.00288,0.01003,0.04177,-0.02128,0.84636,0.04425,0.96512,0.68603,1.01762,0.06011,1.22154,0.86484,1.86550,0.00374,1.87145,1.84688,-5.04518,1.21765,-2.75076,-9.76288,-1.85266,0.00157,-1.84991,-1.85480,0.04308,0.00114,0.04515,0.04159,-1.82219,0.00234,-1.81801,-1.82490,-1.88312,0.00085,-1.88180,-1.88481,2.42498,2.02479,32.48985,1.01725,0.38188,0.16187,0.97145,0.01390,4.98218,2.04731,14.28148,1.89940
600,999.8346176147461,4923392,171.15706,2958.66706,153.03578,561.12156,37.30568,401.23473,405.95312,0.19150,0.23035,0.84486,-0.38866,4.00864,0.76506,6.19726,2.33856,25.50221,9.74732,54.48397,6.97206,-38.86585,13.11252,-10.82050,-65.88649,12.08024,5.50663,34.49136,2.80836,307.64321,156.43119,1378.53979,92.87086,0.00198,0.00943,0.04794,-0.01915,0.84283,0.04792,0.96748,0.70365,1.01934,0.06535,1.25287,0.82625,1.86359,0.00210,1.86702,1.85369,-5.19060,1.33016,-2.61668,-11.47831,-1.85167,0.00059,-1.85040,-1.85254,0.04613,0.00074,0.04776,0.04505,-1.81905,0.00044,-1.81821,-1.81998,-1.88429,0.00102,-1.88227,-1.88609,2.17546,0.71904,7.28582,1.02357,0.40754,0.16642,0.97113,0.01785,5.01965,2.03045,14.36330,1.52729
610,994.0000469684601,5005312,177.53299,3354.40452,187.16113,558.62625,37.16690,398.05202,491.90625,0.28876,0.25124,1.06552,-0.53828,4.03481,0.76221,6.32571,2.22655,26.55689,9.91879,55.08740,7.55652,-37.37705,15.56665,-9.01055,-73.85161,11.69238,5.28458,31.58177,2.87368,262.10059,138.00649,954.82538,40.42414,0.00439,0.00938,0.04611,-0.01761,0.84942,0.04701,0.98606,0.65852,1.01815,0.06420,1.23281,0.83955,1.86434,0.00215,1.86718,1.85277,-5.17084,1.31968,-2.53247,-11.07672,-1.85208,0.00048,-1.85113,-1.85260,0.04897,0.00077,0.05001,0.04764,-1.81746,0.00084,-1.81596,-1.81859,-1.88671,0.00059,-1.88559,-1.88774,2.31927,0.80831,11.76862,1.02546,0.37775,0.16039,0.97782,0.02373,5.44077,2.22582,14.06690,1.42285
620,989.0615334510803,5087232,243.55039,2611.68313,141.84250,556.11291,35.08072,397.72372,528.64062,0.13453,0.23443,0.94745,-0.52230,3.92749,0.78894,6.71613,2.08481,25.64001,12.08569,56.50570,7.63720,-37.11294,12.65345,-10.11809,-66.95864,11.31017,5.34594,33.01381,3.02946,300.21760,158.44626,1430.67139,62.25191,0.00239,0.00950,0.03380,-0.02051,0.83938,0.04436,0.97925,0.71620,1.02027,0.06478,1.28813,0.82162,1.85961,0.00253,1.86441,1.84932,-5.24769,1.48546,-2.67541,-11.03995,-1.84982,0.00078,-1.84819,-1.85119,0.04877,0.00054,0.04949,0.04787,-1.81533,0.00052,-1.81398,-1.81645,-1.88431,0.00111,-1.88240,-1.88595,2.28584,0.92964,11.34973,1.04964,0.39397,0.17161,0.95545,0.00763,4.93388,1.96165,12.87875,1.57211
630,990.8339111804962,5169152,193.65227,2839.83280,157.08809,555.23021,36.48529,399.04501,511.90625,0.13179,0.23802,0.88493,-0.52037,3.80479,0.91092,7.31900,2.17026,23.94363,9.79395,53.94065,6.65319,-35.13666,14.44032,-10.04060,-66.80533,10.83230,6.14875,53.76456,2.94253,264.68150,166.55782,1696.04358,41.87260,0.00295,0.00965,0.05373,-0.02014,0.83910,0.04962,0.98745,0.70338,1.02306,0.06587,1.24764,0.86265,1.85757,0.00204,1.86044,1.84147,-5.13035,1.26240,-2.38619,-9.02069,-1.84869,0.00035,-1.84815,-1.84925,0.04834,0.00060,0.05007,0.04759,-1.81451,0.00056,-1.81275,-1.81544,-1.88287,0.00054,-1.88207,-1.88407,2.27740,0.89052,10.41325,1.01736,0.38091,0.17643,0.96248,0.00753,4.99983,2.07560,17.91528,1.69852
640,1004.1315262317657,5251072,211.46575,3039.48955,146.70764,563.79823,36.77553,403.47687,466.43750,-0.12462,0.23896,0.59310,-0.87560,4.49816,0.86244,7.14193,1.94853,24.65580,9.06780,55.60041,4.30189,-44.14792,13.36737,-10.94728,-72.82021,14.41969,6.65170,51.08749,3.08117,302.52515,155.93630,1212.46619,70.80549,0.00327,0.00963,0.04551,-0.02247,0.83346,0.04674,0.94225,0.66716,1.01653,0.06379,1.32687,0.84641,1.85344,0.00252,1.85809,1.83350,-5.01525,1.31281,-2.53373,-9.79197,-1.84667,0.00080,-1.84573,-1.84814,0.05012,0.00036,0.05094,0.04941,-1.81123,0.00089,-1.80986,-1.81275,-1.88211,0.00078,-1.88102,-1.88355,2.28829,0.81907,12.38251,1.03200,0.39002,0.16260,0.97406,0.00722,4.96384,2.00503,16.69267,1.51135
650,1221.1698694229126,5332992,171.51372,3706.53706,161.45027,762.43316,60.71126,397.74596,505.82812,0.10748,0.24810,0.71681,-0.67816,4.67663,0.84870,7.16257,2.67960,26.48356,11.78432,69.94409,7.27862,-45.04512,12.92427,-11.66113,-68.93896,15.30657,7.08175,40.37955,3.38844,330.75789,172.33252,1320.99194,56.14956,0.00248,0.00983,0.06599,-0.01819,0.83871,0.04430,0.95736,0.66694,1.00428,0.05948,1.20293,0.83336,1.84991,0.00267,1.85468,1.83449,-4.81616,1.15801,-2.37353,-8.53227,-1.84495,0.00067,-1.84392,-1.84638,0.04840,0.00041,0.04940,0.04763,-1.81073,0.00059,-1.80973,-1.81159,-1.87917,0.00085,-1.87809,-1.88131,2.17864,0.67781,6.34311,1.03357,0.41883,0.16240,0.97367,0.03163,4.73734,1.96262,14.02519,1.60798
660,995.5154042243958,5414912,171.52009,3436.58421,164.29888,552.57306,35.54450,407.29216,388.39062,0.01682,0.38968,0.98654,-1.33272,4.86217,0.91761,8.08375,3.01358,29.60948,10.15563,57.05555,8.68826,-44.01806,13.91394,-8.65890,-75.64856,17.50658,8.30153,60.78049,4.84308,393.81455,212.78175,1620.18652,92.53828,0.00234,0.00954,0.05011,-0.02247,0.83251,0.04529,0.94164,0.69792,1.01576,0.06500,1.28063,0.85027,1.84732,0.00232,1.85096,1.83543,-5.14746,1.31406,-2.59980,-11.97827,-1.84361,0.00046,-1.84282,-1.84449,0.05094,0.00111,0.05327,0.04918,-1.80759,0.00122,-1.80515,-1.80972,-1.87963,0.00042,-1.87912,-1.88049,2.19533,0.63848,6.32208,1.05331,0.40207,0.16190,0.95718,0.02688,5.16994,2.03817,15.04136,1.85755
670,992.2774126529694,5496832,186.45868,3794.60509,125.64427,553.18768,35.40634,403.57551,399.35938,0.21392,0.45798,1.25649,-1.17745,4.81173,0.96499,7.62991,2.50450,30.70157,10.33211,60.70117,7.60438,-43.90219,15.74526,-7.45108,-78.42809,16.97485,7.76146,52.10456,4.48165,382.19624,191.97609,1172.16406,71.08068,0.00282,0.00982,0.06130,-0.01861,0.83001,0.04759,0.98625,0.61792,1.01856,0.06316,1.20904,0.85501,1.84386,0.00204,1.84767,1.83265,-5.12659,1.37260,-2.71154,-10.59409,-1.84180,0.00039,-1.84117,-1.84282,0.05403,0.00040,0.05498,0.05328,-1.80360,0.00057,-1.80282,-1.80514,-1.88001,0.00037,-1.87929,-1.88058,2.21228,0.67613,7.92907,1.02274,0.39450,0.16719,0.96992,0.03482,5.26041,2.34353,27.12737,1.82996
680,1209.7336401939392,5578752,195.50132,3073.57466,150.88101,552.40345,36.60786,620.62685,511.06250,0.08761,0.28897,0.80988,-0.69374,4.26788,0.89305,6.88962,2.22000,31.65871,12.00363,71.09997,9.32386,-40.01171,15.74080,-8.16136,-79.76383,12.89597,6.37072,46.97242,2.96300,332.69423,173.30675,1286.87427,72.37099,0.00172,0.00940,0.04613,-0.01920,0.82705,0.04989,0.97711,0.67197,1.01413,0.06442,1.25120,0.84884,1.84123,0.00242,1.84640,1.83232,-5.08114,1.21204,-2.82853,-9.32774,-1.84046,0.00081,-1.83940,-1.84217,0.05474,0.00037,0.05549,0.05377,-1.80176,0.00085,-1.80070,-1.80386,-1.87917,0.00085,-1.87802,-1.88063,2.23432,0.68016,5.71570,1.02357,0.40244,0.16799,0.96848,0.00670,5.06437,1.92335,15.15755,1.63379
690,994.96644115448,5660672,183.94471,3158.30653,130.29198,557.40992,40.04939,397.42373,469.81250,0.14040,0.33204,1.02996,-0.78643,4.54027,0.92504,8.00194,2.45814,30.19600,13.50076,74.65149,9.28211,-43.19677,14.13947,-11.92393,-69.01119,15.09897,7.63834,50.87311,3.51487,385.54945,205.06427,1275.26599,62.77993,0.00130,0.00885,0.05014,-0.01860,0.82522,0.04284,0.95568,0.70608,1.01616,0.06492,1.31376,0.82494,1.83775,0.00268,1.84269,1.82666,-5.18951,1.46087,-2.65797,-12.29436,-1.83887,0.00090,-1.83708,-1.84038,0.05190,0.00078,0.05375,0.05090,-1.80217,0.00075,-1.80019,-1.80320,-1.87557,0.00129,-1.87375,-1.87838,2.16217,0.66709,6.61447,1.03971,0.40484,0.17565,0.96996,0.00028,4.83045,1.96965,20.17592,1.63596
700,995.7236680984497,5742592,178.75754,2991.78654,143.51232,558.67501,38.45098,398.51499,524.81250,0.09888,0.34370,0.77514,-1.00072,4.77083,0.87761,7.51370,2.67449,29.53194,9.73488,61.12687,11.67372,-43.13205,14.27227,-9.64037,-70.80926,16.24325,7.51860,50.34188,4.01297,332.62599,154.53672,957.37866,63.28101,0.00276,0.00914,0.03337,-0.02273,0.82380,0.04128,0.94329,0.68314,1.00551,0.06062,1.22621,0.83330,1.83254,0.00222,1.83638,1.82304,-5.02750,1.18714,-2.54469,-9.33459,-1.83621,0.00044,-1.83536,-1.83714,0.05272,0.00023,0.05327,0.05226,-1.79893,0.00055,-1.79772,-1.80018,-1.87348,0.00037,-1.87285,-1.87415,2.29674,0.76556,10.24736,1.04301,0.38987,0.14929,0.95816,0.00462,5.21545,1.86845,12.24455,1.63906
710,991.6950426101685,5824512,158.77159,3422.18626,157.77870,554.50070,36.64393,400.47390,414.06250,0.01095,0.28176,0.63997,-0.99543,4.69755,0.86290,7.70409,2.14759,26.90824,11.37379,68.67257,5.42649,-47.07375,14.58008,-10.66866,-77.34483,15.56898,6.81504,50.43143,3.11913,345.86379,154.01659,1168.65759,80.16949,0.00307,0.00952,0.04211,-0.01792,0.80848,0.04585,0.93833,0.68149,1.02743,0.06534,1.21324,0.85784,1.82885,0.00237,1.83295,1.81952,-5.35039,1.52749,-2.72314,-13.25604,-1.83429,0.00076,-1.83275,-1.83545,0.05485,0.00093,0.05620,0.05321,-1.79550,0.00138,-1.79302,-1.79782,-1.87307,0.00034,-1.87249,-1.87381,2.37228,0.90059,8.22653,1.04253,0.38309,0.16531,0.96102,0.01409,5.27913,2.12182,12.87390,1.53528
720,991.2619943618774,5906432,177.28781,3027.87758,151.52886,555.64082,35.05427,400.48732,443.35938,0.01776,0.33746,1.04497,-0.74427,5.06825,0.90835,7.57577,2.69300,30.65855,10.08163,68.06026,9.73139,-45.65194,13.40868,-10.22123,-72.91535,18.66333,7.89044,54.46567,4.63850,397.02835,212.57551,2027.28918,99.73541,0.00317,0.00890,0.03493,-0.01999,0.81880,0.04865,0.96225,0.64235,1.01059,0.06619,1.23608,0.83870,1.82479,0.00227,1.82775,1.80935,-5.04246,1.30798,-2.51199,-10.19730,-1.83232,0.00054,-1.83103,-1.83288,0.05570,0.00042,0.05639,0.05489,-1.79294,0.00047,-1.79186,-1.79366,-1.87171,0.00073,-1.86996,-1.87254,2.33640,0.81182,8.15519,1.03064,0.39361,0.16825,0.97075,0.04704,5.52253,1.98834,12.57626,1.80320
730,996.3298232555389,5988352,183.14848,3089.08558,141.27350,555.58688,36.91718,403.74412,561.12500,0.08105,0.36127,0.98559,-1.01119,4.49680,0.69660,7.58472,3.06245,32.88378,10.04137,71.71549,12.17782,-37.22761,11.89384,-10.05712,-66.21669,13.51448,5.89126,36.84768,3.65011,375.94410,188.80748,1108.45374,78.89124,0.00139,0.00927,0.03148,-0.02236,0.81381,0.04333,0.92896,0.68990,1.01475,0.06591,1.29030,0.85787,1.82149,0.00201,1.82476,1.81149,-5.14150,1.28598,-2.80035,-10.36884,-1.83059,0.00047,-1.82980,-1.83136,0.05451,0.00034,0.05522,0.05373,-1.79205,0.00060,-1.79083,-1.79305,-1.86914,0.00045,-1.86842,-1.87004,2.18529,0.67588,7.44450,1.03542,0.38872,0.18069,0.96565,0.01473,5.07703,1.89679,12.54981,1.64784
740,988.9340636730194,6070272,172.85175,3319.88740,138.75581,553.45986,37.58916,397.63218,375.73438,0.13704,0.27499,0.82345,-0.59034,4.56346,0.86213,7.13860,2.33408,32.34965,11.40886,77.74149,11.42211,-41.11743,14.33913,-9.33689,-73.74708,14.88237,6.38695,35.70892,2.79688,346.06498,167.00920,1183.79944,73.51951,0.00262,0.00999,0.08287,-0.02122,0.81001,0.04734,0.94990,0.62765,1.01305,0.06167,1.19153,0.82555,1.82174,0.00223,1.82490,1.81100,-5.02576,1.18156,-2.46598,-9.43562,-1.83083,0.00050,-1.82935,-1.83144,0.05230,0.00107,0.05370,0.05009,-1.79385,0.00035,-1.79308,-1.79452,-1.86781,0.00124,-1.86477,-1.86913,2.30077,1.01479,16.07032,1.03221,0.39888,0.16150,0.95006,0.01711,5.23038,2.17877,25.23681,1.27629
750,988.6008026599884,6152192,136.70881,3925.64864,124.22054,553.86499,37.31181,397.08743,370.06250,0.14624,0.29629,1.10657,-0.77477,4.96598,0.81700,8.31686,3.05085,33.04313,9.58608,63.86367,8.79790,-43.95722,13.51550,-10.91892,-71.64952,17.60700,8.46834,49.51593,4.53262,428.99242,197.17105,1412.37622,95.61185,0.00235,0.00883,0.03799,-0.02321,0.80997,0.04103,0.95111,0.69808,1.00287,0.05975,1.21882,0.85068,1.81636,0.00246,1.82058,1.80688,-4.96533,1.30554,-2.42258,-10.81837,-1.82811,0.00086,-1.82681,-1.82934,0.05009,0.00051,0.05088,0.04933,-1.79269,0.00118,-1.79083,-1.79414,-1.86353,0.00057,-1.86267,-1.86475,2.29429,1.04829,13.48607,1.03582,0.40447,0.14870,0.97312,0.04340,5.43773,2.03720,14.64616,1.88760
760,988.6168439388275,6234112,212.91952,2675.63327,141.47919,554.30259,37.20856,396.62873,434.76562,0.16706,0.33833,0.80731,-0.95909,4.70503,0.85141,6.96466,2.73910,30.99894,10.88916,63.41061,11.35586,-42.51056,15.17737,-10.35898,-73.22420,16.23619,7.65375,42.82526,3.73426,396.59935,211.05818,1164.32520,81.87735,0.00151,0.00884,0.03658,-0.02209,0.80096,0.04751,0.92783,0.66806,1.01906,0.06529,1.24541,0.84851,1.81497,0.00202,1.81822,1.80666,-5.09558,1.30702,-2.70720,-12.20511,-1.82739,0.00036,-1.82687,-1.82808,0.04938,0.00089,0.05064,0.04747,-1.79247,0.00070,-1.79106,-1.79429,-1.86231,0.00076,-1.86105,-1.86334,2.14930,0.67556,7.07140,1.03665,0.42835,0.15834,0.96202,0.01818,5.29886,2.07397,13.23655,1.39093
770,992.8015048503876,6316032,228.32631,3580.21494,136.79362,551.95521,36.95118,403.45496,570.35938,0.16231,0.31869,1.21755,-0.86041,4.71792,0.84121,7.74223,2.58524,30.38340,11.38075,63.99168,9.52242,-43.51195,14.86302,-11.07046,-76.78678,15.44730,6.48845,53.91228,5.39630,359.23114,170.17999,1176.75623,85.21607,0.00239,0.00937,0.04323,-0.02162,0.79707,0.04347,0.91916,0.65903,1.01935,0.06618,1.28400,0.83408,1.81457,0.00259,1.81832,1.80042,-5.21758,1.46221,-2.54552,-14.07995,-1.82715,0.00084,-1.82567,-1.82815,0.04765,0.00019,0.04805,0.04724,-1.79345,0.00088,-1.79187,-1.79469,-1.86084,0.00083,-1.85939,-1.86183,2.29145,0.77150,6.98551,1.03789,0.38917,0.15989,0.95821,0.02836,5.19855,1.89951,15.43966,1.66688
780,986.4125938415527,6397952,199.76829,3436.26674,155.28067,550.21881,37.99748,398.09971,506.21875,0.07032,0.28466,0.82190,-0.74748,4.38140,0.79935,6.92842,2.39531,28.85846,11.43620,67.18498,7.36162,-43.43832,14.08806,-12.46444,-78.51042,13.11724,6.42840,42.89539,3.30811,335.43010,159.65408,1068.09900,82.03596,0.00300,0.01032,0.06307,-0.01699,0.79498,0.04270,0.91849,0.64846,1.00537,0.06060,1.17974,0.82543,1.80742,0.00314,1.81355,1.78945,-4.96906,1.28360,-2.53144,-10.08611,-1.82365,0.00107,-1.82164,-1.82574,0.04807,0.00035,0.04864,0.04757,-1.78966,0.00128,-1.78775,-1.79203,-1.85764,0.00089,-1.85551,-1.85946,2.20389,0.62375,5.32180,1.03485,0.40919,0.15856,0.97545,0.05998,5.37675,2.23218,14.60702,1.64416
790,991.4564943313599,6479872,182.63642,3384.81148,131.62670,556.22403,38.04370,397.09199,416.79688,0.03907,0.31889,0.98759,-0.67948,4.36204,0.85842,7.21339,2.56681,29.87967,10.32738,55.71903,8.36940,-38.84333,13.89641,-9.79240,-71.25945,13.47158,7.01999,49.55560,3.41786,329.83144,172.91299,1759.37756,67.69750,0.00289,0.00941,0.05699,-0.01847,0.78475,0.04387,0.90718,0.65381,1.02332,0.06223,1.20950,0.83948,1.80040,0.00238,1.80528,1.78931,-5.28166,1.25948,-2.73195,-9.37607,-1.82014,0.00074,-1.81920,-1.82163,0.04760,0.00045,0.04830,0.04667,-1.78649,0.00065,-1.78550,-1.78777,-1.85380,0.00094,-1.85223,-1.85549,2.21498,0.69043,7.24394,1.03310,0.40266,0.17360,0.96965,0.00006,5.41018,2.00989,20.78128,2.05848
800,1238.5196468830109,6561792,182.01548,3564.19442,196.62544,557.59360,39.79992,640.98302,437.51562,0.25036,0.32917,1.32591,-0.79660,4.84873,0.83235,7.32090,2.88375,31.72568,9.43702,66.98207,9.53284,-46.06273,14.61858,-5.15433,-72.91921,16.58561,7.51802,46.40926,5.06770,388.50023,213.35384,1760.60974,92.35579,0.00280,0.00888,0.04082,-0.02128,0.78705,0.04371,0.89699,0.64685,1.01364,0.05842,1.19903,0.86872,1.79980,0.00224,1.80285,1.78441,-5.20423,1.26491,-3.03395,-11.47351,-1.81983,0.00046,-1.81862,-1.82052,0.04630,0.00043,0.04738,0.04562,-1.78709,0.00073,-1.78511,-1.78795,-1.85257,0.00026,-1.85207,-1.85309,2.39748,2.16191,37.27112,1.04193,0.39642,0.16339,0.96246,0.00795,5.56512,2.23838,14.79422,2.00184
810,991.0521569252014,6643712,165.41851,3894.30039,172.06496,552.30861,38.01314,400.64071,383.93750,0.15828,0.27538,0.81551,-0.79274,4.31178,0.79769,6.74591,2.28028,27.86357,10.43531,59.05847,9.23155,-38.41305,14.15162,-6.94379,-70.48331,13.23444,5.98353,39.75728,3.99146,327.27232,202.79927,1940.46045,67.90993,0.00279,0.00954,0.04271,-0.01835,0.78467,0.04699,0.93140,0.65119,1.01414,0.06878,1.29438,0.80955,1.79649,0.00201,1.79946,1.78365,-5.27209,1.43983,-2.65604,-10.91454,-1.81815,0.00030,-1.81756,-1.81872,0.04663,0.00036,0.04740,0.04603,-1.78518,0.00024,-1.78462,-1.78567,-1.85112,0.00050,-1.85049,-1.85213,2.28488,0.74149,7.02100,1.02675,0.37943,0.16003,0.97856,0.00418,5.88469,2.30174,17.13430,2.49521
820,985.9560098648071,6725632,186.30864,3084.35421,163.03928,551.76857,36.91904,397.18960,531.03125,0.07327,0.29859,0.76183,-1.03891,4.48211,0.90123,7.56464,2.49526,30.86734,13.62421,75.62463,9.50092,-41.28912,15.70703,-8.96091,-79.90941,14.02589,7.11949,45.49366,3.80801,339.29010,183.23091,1194.37634,81.02921,0.00268,0.00979,0.04770,-0.01970,0.77878,0.04708,0.89743,0.61850,1.01659,0.06623,1.19090,0.81296,1.79445,0.00236,1.79752,1.78346,-5.12642,1.31194,-2.42050,-10.09141,-1.81715,0.00057,-1.81572,-1.81775,0.04638,0.00077,0.04740,0.04500,-1.78435,0.00029,-1.78367,-1.78491,-1.84995,0.00108,-1.84775,-1.85096,2.31980,0.76514,8.43446,1.04455,0.37726,0.16220,0.94956,0.02772,5.89363,2.41222,19.88777,1.88165
830,996.1476380825043,6807552,213.49541,2663.06323,134.84794,558.21367,37.60580,400.13624,605.21875,0.13293,0.30968,0.82651,-0.95407,4.00983,0.98043,7.59839,2.04880,25.68729,11.68094,63.10817,4.76694,-37.54515,15.63269,-8.77080,-74.71969,11.31152,6.99078,45.90316,2.83716,312.91748,202.07446,1511.99988,58.76609,0.00212,0.00955,0.04699,-0.01987,0.77325,0.04407,0.90944,0.65600,1.02153,0.06727,1.24628,0.82600,1.78894,0.00263,1.79368,1.77207,-5.33829,1.45287,-2.56289,-13.81109,-1.81453,0.00059,-1.81380,-1.81580,0.04477,0.00037,0.04540,0.04410,-1.78287,0.00049,-1.78202,-1.78380,-1.84619,0.00077,-1.84520,-1.84785,2.21953,0.72960,8.53638,1.02608,0.38547,0.17141,0.97028,0.02319,5.44622,2.18428,17.93961,1.82360
840,991.6614558696747,6889472,254.42094,3093.92197,143.14069,557.26039,36.58026,397.73571,524.65625,0.25056,0.29890,1.02786,-0.74670,4.03144,0.82018,6.83267,2.35849,28.15284,10.23729,56.45809,6.47543,-34.78765,15.68606,-10.17701,-72.13224,11.28266,5.90627,44.12148,3.56308,294.02691,191.68990,1407.30566,67.63605,0.00215,0.01036,0.04080,-0.02441,0.77403,0.04557,0.90457,0.65048,1.01495,0.06627,1.22714,0.81371,1.78748,0.00196,1.79042,1.77894,-5.19112,1.25893,-2.59608,-10.27391,-1.81365,0.00033,-1.81311,-1.81420,0.04593,0.00043,0.04642,0.04485,-1.78118,0.00059,-1.78031,-1.78224,-1.84613,0.00022,-1.84563,-1.84664,2.28565,0.73452,7.69860,1.05092,0.36162,0.18147,0.97167,0.00009,5.48611,2.13362,14.51852,1.73483
850,996.6348586082458,6971392,238.67255,3167.11138,190.66138,558.66725,39.55468,398.23935,543.23438,0.13055,0.28158,0.81144,-0.85893,4.38187,1.06093,7.33752,2.51107,28.90342,11.44522,69.60439,6.65991,-41.87288,17.29765,-9.08286,-73.39784,14.28693,8.03851,41.17233,2.82188,314.22747,179.78651,1839.67908,83.58250,0.00256,0.00955,0.03900,-0.02268,0.77277,0.04726,0.90837,0.62223,1.00848,0.06630,1.22920,0.80997,1.78636,0.00203,1.78983,1.77773,-5.09649,1.31683,-2.28491,-10.31477,-1.81314,0.00044,-1.81235,-1.81387,0.04665,0.00035,0.04725,0.04607,-1.78015,0.00051,-1.77941,-1.78117,-1.84612,0.00049,-1.84493,-1.84669,2.28971,0.68895,6.14136,1.03939,0.37064,0.17956,0.97070,0.00755,5.46443,2.06980,19.14295,1.68929
860,991.2368016242981,7053312,239.87523,3449.49914,159.80891,554.72178,36.59101,399.84430,479.45312,0.10732,0.33684,1.00983,-0.80152,4.42412,0.97991,7.16726,2.01197,28.69551,13.30838,65.99442,7.94173,-41.11711,15.01225,-8.74537,-75.15437,14.19749,7.88863,48.32924,2.72963,335.78191,182.03422,1472.30933,75.76776,0.00154,0.00986,0.06027,-0.02154,0.77277,0.04258,0.92040,0.64452,1.02151,0.06148,1.23359,0.86977,1.78703,0.00220,1.79010,1.77600,-5.21872,1.43279,-2.68926,-12.20936,-1.81340,0.00047,-1.81232,-1.81404,0.04547,0.00030,0.04606,0.04464,-1.78125,0.00064,-1.77978,-1.78220,-1.84555,0.00033,-1.84479,-1.84604,2.28983,0.93890,9.11009,1.02089,0.38632,0.17346,0.96642,0.00012,5.28211,1.93018,20.29093,1.69737
870,995.1140134334564,7135232,208.22481,3755.28665,148.46549,557.68290,37.02890,400.31498,477.65625,0.06662,0.28601,0.95203,-0.72432,4.09305,0.82103,7.50510,2.28613,25.76538,11.59244,60.40751,6.89330,-38.71517,16.17921,-9.56749,-71.85236,11.93975,5.82025,39.18127,3.26082,330.10207,175.46399,1039.13281,63.36705,0.00257,0.00936,0.04204,-0.02013,0.77079,0.04611,0.90409,0.62962,1.01738,0.06151,1.18119,0.86225,1.78607,0.00230,1.78958,1.77100,-5.11166,1.23448,-2.78240,-9.59455,-1.81302,0.00038,-1.81245,-1.81376,0.04485,0.00021,0.04535,0.04452,-1.78131,0.00035,-1.78086,-1.78220,-1.84474,0.00046,-1.84395,-1.84549,2.27137,0.74109,7.73446,1.03824,0.38964,0.16929,0.96059,0.00061,5.66620,2.12042,17.12733,1.62749
880,999.628014087677,7217152,282.06329,3411.94392,160.14587,559.94103,35.62435,403.64676,544.93750,0.19275,0.30547,0.86098,-0.88896,3.92643,0.74051,6.28913,2.08364,25.46317,11.99759,59.75452,5.90250,-38.12986,14.38580,-8.34531,-71.11599,11.52264,5.45901,38.81813,2.72281,335.37038,185.90691,1268.10815,55.61259,0.00277,0.00969,0.03813,-0.02090,0.77529,0.04502,0.90955,0.65185,1.00740,0.06187,1.20881,0.86289,1.78329,0.00198,1.78712,1.77538,-4.96302,1.11245,-2.83101,-9.35404,-1.81148,0.00044,-1.81084,-1.81253,0.04428,0.00044,0.04484,0.04327,-1.78017,0.00030,-1.77964,-1.78098,-1.84280,0.00070,-1.84146,-1.84408,2.28363,0.79376,8.26060,1.03571,0.36638,0.16811,0.97429,0.00297,6.09106,2.36266,20.20967,2.04646
890,989.2781937122345,7299072,218.71912,3239.93385,188.51161,554.33447,36.41152,398.45462,506.48438,-0.06024,0.29449,0.69642,-0.98829,4.20430,0.95117,8.10324,2.25693,29.50880,9.47946,53.39499,9.17315,-38.60422,17.42744,-8.43730,-81.11917,12.40877,7.51694,56.48624,3.54580,334.03790,192.98948,1293.34216,59.36663,0.00289,0.00955,0.04217,-0.02089,0.75981,0.04577,0.89512,0.61581,1.01822,0.06396,1.21305,0.85805,1.77873,0.00217,1.78367,1.76903,-5.14745,1.31787,-2.54674,-11.30864,-1.80927,0.00059,-1.80867,-1.81085,0.04355,0.00043,0.04426,0.04278,-1.77848,0.00075,-1.77741,-1.78010,-1.84007,0.00056,-1.83925,-1.84163,2.31812,0.79537,7.03264,1.03033,0.36178,0.18663,0.96753,0.01245,5.86366,2.07322,13.64222,2.17950
900,993.8329401016235,7380992,223.44020,4122.17381,155.80859,555.39049,38.21524,400.14942,504.45312,0.04444,0.23412,0.69278,-0.76896,3.89885,0.74908,6.81779,2.63082,23.93788,9.59689,55.68746,7.46470,-37.78636,16.62294,-10.50156,-80.44347,10.65514,5.20534,40.14536,3.72748,277.76187,176.39757,2026.08752,59.81150,0.00259,0.00928,0.03810,-0.02044,0.76077,0.04566,0.89176,0.63321,1.01127,0.05984,1.19119,0.83601,1.77474,0.00241,1.77935,1.76147,-5.06842,1.31406,-2.50521,-11.58813,-1.80728,0.00061,-1.80642,-1.80876,0.04478,0.00057,0.04541,0.04365,-1.77562,0.00098,-1.77438,-1.77759,-1.83894,0.00033,-1.83843,-1.83995,2.35897,1.04969,11.46450,1.03641,0.38794,0.15804,0.97196,0.00958,5.80295,2.31452,19.40621,2.33400
910,989.211606502533,7462912,260.53347,3516.15393,161.70276,556.65045,34.10251,398.36009,554.84375,0.04357,0.28962,0.98070,-0.82308,4.61619,0.96289,8.18620,2.53174,30.50131,11.11042,67.94776,9.91936,-44.23183,14.88415,-11.42339,-79.24368,15.87772,8.45437,56.07920,3.52044,352.27437,202.40073,1530.51001,86.40343,0.00326,0.00960,0.04493,-0.02103,0.74847,0.04406,0.88319,0.62981,1.02180,0.06105,1.20888,0.85906,1.76920,0.00305,1.77465,1.75286,-5.15034,1.22431,-2.51841,-11.41254,-1.80453,0.00111,-1.80315,-1.80642,0.04551,0.00024,0.04601,0.04506,-1.77235,0.00113,-1.77072,-1.77437,-1.83671,0.00112,-1.83533,-1.83848,2.38842,0.89752,8.93792,1.02633,0.36457,0.18058,0.96262,0.00249,5.93352,2.03890,14.50653,2.47424
920,1221.7463188171387,7544832,245.30918,3956.75911,176.58321,554.02645,37.06097,630.47471,526.48438,0.14696,0.27333,0.85987,-0.65632,4.01615,0.94412,7.44057,2.21354,28.88164,13.84750,64.73158,7.98916,-35.06784,16.64075,-8.74583,-76.48472,11.25929,7.04935,48.60645,3.15962,314.66612,196.33730,1514.51587,62.51935,0.00246,0.00997,0.05648,-0.02205,0.74705,0.04659,0.89286,0.61912,1.01875,0.06365,1.21391,0.85443,1.76446,0.00234,1.76827,1.75137,-5.15683,1.25620,-2.76453,-9.55170,-1.80221,0.00049,-1.80156,-1.80315,0.04465,0.00034,0.04563,0.04399,-1.77064,0.00029,-1.77006,-1.77113,-1.83378,0.00072,-1.83292,-1.83541,2.47820,1.03636,13.60531,1.03695,0.35163,0.17719,0.97008,0.00405,6.10597,2.31267,27.42533,2.33416
930,996.5757060050964,7626752,207.67868,3853.65987,162.94816,554.60048,45.20527,396.68353,563.23438,0.24205,0.29198,1.30551,-0.51685,4.15296,0.98775,7.39531,2.14128,27.92476,12.73383,55.61284,7.80237,-38.28264,17.67458,-9.25517,-83.86925,12.20185,6.85552,47.12787,3.00380,327.53035,173.21887,1257.01965,64.53197,0.00184,0.00944,0.04887,-0.02028,0.74740,0.04504,0.88946,0.60705,1.00933,0.06069,1.18608,0.86153,1.76097,0.00263,1.76576,1.75074,-5.04091,1.12567,-2.61516,-10.93645,-1.80049,0.00091,-1.79914,-1.80182,0.04500,0.00055,0.04567,0.04389,-1.76867,0.00118,-1.76728,-1.77078,-1.83230,0.00075,-1.83053,-1.83336,2.33708,1.28384,16.88673,1.03880,0.40052,0.16430,0.96031,0.00064,5.81083,2.18577,14.87902,2.07211
940,990.2078347206116,7708672,278.73997,3812.62035,167.22860,556.42017,36.09692,397.49813,485.64062,-0.02722,0.25972,0.58542,-0.93541,4.04431,1.04970,7.50375,2.03937,27.80954,10.85675,56.63366,6.79121,-38.14391,18.29840,-8.99462,-79.24518,12.35246,7.85445,49.92105,3.36349,298.93196,187.82516,1333.42456,47.28387,0.00197,0.00914,0.04013,-0.02020,0.74119,0.04598,0.89317,0.58246,1.01888,0.06336,1.18352,0.84987,1.75819,0.00209,1.76074,1.74624,-5.19700,1.15131,-2.42782,-8.80330,-1.79908,0.00026,-1.79853,-1.79940,0.04411,0.00025,0.04470,0.04373,-1.76789,0.00024,-1.76739,-1.76826,-1.83027,0.00037,-1.82962,-1.83091,2.28395,0.88397,10.57609,1.03117,0.38372,0.17379,0.95945,0.00044,6.21307,2.50852,20.96681,1.45237
950,983.1382353305817,7790592,256.05530,3809.45621,185.55210,552.27217,34.77590,395.97675,590.95312,0.08117,0.35691,0.90485,-1.17774,4.42578,0.79392,7.13411,2.43449,32.14030,10.61222,61.32320,6.44439,-41.04523,16.94233,-7.01691,-75.77825,14.35243,6.44924,48.95972,3.18236,330.61430,170.03993,1081.93835,81.09574,0.00218,0.00876,0.04928,-0.01821,0.74078,0.04326,0.84568,0.56815,1.01901,0.06427,1.23764,0.84051,1.75606,0.00209,1.75964,1.74759,-5.31883,1.26417,-2.86496,-10.30816,-1.79792,0.00049,-1.79719,-1.79883,0.04392,0.00018,0.04420,0.04356,-1.76687,0.00050,-1.76619,-1.76790,-1.82898,0.00051,-1.82807,-1.82984,2.42823,2.26073,42.98568,1.03024,0.38977,0.17038,0.95787,0.00771,5.87709,2.07475,13.73972,1.97494
960,986.2381684780121,7872512,215.31455,3756.76420,167.66692,553.31865,35.62847,397.14685,494.32812,0.12602,0.32091,1.09827,-0.82301,4.39123,0.91895,7.27685,2.43882,30.16365,10.56697,56.43351,9.08814,-42.60149,16.17489,-10.55069,-79.23885,13.09441,6.71500,39.02569,3.13099,352.92999,207.60164,1521.95569,79.40388,0.00286,0.00944,0.05044,-0.02092,0.73842,0.04684,0.90238,0.57347,1.00812,0.06332,1.21808,0.85283,1.75293,0.00237,1.75665,1.73958,-5.08833,1.20369,-2.73796,-11.82660,-1.79640,0.00053,-1.79512,-1.79735,0.04325,0.00016,0.04366,0.04297,-1.76582,0.00047,-1.76463,-1.76658,-1.82699,0.00060,-1.82562,-1.82820,2.31880,1.06676,15.99290,1.03157,0.39013,0.17226,0.98016,0.00190,6.11685,2.40535,23.28625,2.14405
970,987.2637400627136,7954432,183.77130,4401.53202,197.57579,552.00254,38.47088,396.60711,373.25000,0.00848,0.50231,0.80255,-1.92442,4.69024,1.50849,9.81288,2.19538,27.36438,12.53142,66.59751,8.42736,-44.70678,18.51610,-10.39303,-82.48965,16.27021,11.77182,98.29057,3.53444,332.23809,219.07276,1943.90552,65.50546,0.00190,0.00984,0.06336,-0.02056,0.73693,0.04818,0.85670,0.60399,1.01319,0.06378,1.21499,0.84944,1.74957,0.00193,1.75223,1.73938,-5.14388,1.22010,-2.58604,-9.87250,-1.79472,0.00016,-1.79441,-1.79511,0.04366,0.00040,0.04428,0.04290,-1.76384,0.00030,-1.76334,-1.76462,-1.82559,0.00034,-1.82487,-1.82623,2.24190,0.75203,8.75622,1.04008,0.38153,0.17709,0.96919,0.00048,5.88987,2.30541,21.17805,2.35353
980,984.0066154003143,8036352,251.01865,4075.42553,169.11071,552.14860,35.60846,396.11478,515.90625,0.05623,0.25206,0.84021,-0.74216,4.33597,0.92870,7.80886,2.33053,27.69404,11.54893,53.37372,7.64724,-43.33116,17.85999,-8.13031,-79.81577,13.90450,7.70020,51.75309,3.85876,362.77893,217.31786,1551.03870,79.49367,0.00185,0.01003,0.06921,-0.01868,0.73454,0.04339,0.85830,0.61916,1.01708,0.06482,1.20889,0.84636,1.74638,0.00225,1.75111,1.72947,-5.31877,1.37478,-2.44894,-10.07454,-1.79314,0.00057,-1.79228,-1.79454,0.04397,0.00034,0.04470,0.04349,-1.76205,0.00072,-1.76089,-1.76333,-1.82424,0.00048,-1.82362,-1.82576,2.24312,0.81415,9.76550,1.02954,0.39266,0.16921,0.97816,0.00670,6.09383,2.51602,26.99368,1.75254
990,987.7807719707489,8118272,211.79138,4186.58846,158.08133,553.91232,38.28068,395.49723,536.42188,0.15907,0.40226,1.25656,-0.86292,4.54358,0.94927,7.06263,2.28385,29.39645,13.99068,68.53745,8.27057,-45.77905,15.64500,-6.72592,-73.56215,14.90745,7.35640,38.96892,3.19738,372.53070,214.31242,1472.79712,45.93629,0.00184,0.00879,0.03617,-0.01787,0.72666,0.04529,0.87627,0.60960,1.01147,0.06330,1.24512,0.84271,1.74350,0.00212,1.74658,1.73370,-5.14137,1.27028,-2.10100,-11.35498,-1.79168,0.00047,-1.79062,-1.79227,0.04429,0.00049,0.04510,0.04353,-1.76037,0.00039,-1.75963,-1.76101,-1.82300,0.00073,-1.82152,-1.82384,2.21487,0.77715,9.13248,1.02129,0.40970,0.16559,0.97711,0.01448,5.94289,2.17463,21.77158,2.08422
1000,1010.279705286026,8200192,236.30532,3300.49871,158.36014,561.59627,36.61910,411.95032,561.46875,0.15466,0.24212,0.64764,-0.74422,4.45778,0.88015,7.36456,2.51705,32.53940,11.54125,62.63606,10.28300,-42.06806,16.21280,-12.17986,-85.38853,14.72388,7.62662,54.67764,3.47959,385.66786,219.82409,1429.86487,65.05891,0.00161,0.00820,0.03917,-0.01726,0.72523,0.04518,0.85409,0.56444,1.01734,0.06133,1.24805,0.86034,1.73991,0.00197,1.74329,1.73246,-5.17245,1.17863,-2.59897,-9.31078,-1.78991,0.00034,-1.78926,-1.79070,0.04221,0.00098,0.04393,0.04103,-1.76006,0.00056,-1.75934,-1.76098,-1.81975,0.00094,-1.81871,-1.82176,2.18491,0.74411,7.66938,1.02806,0.40663,0.17763,0.97032,0.04050,5.83593,2.38428,25.34313,2.12473
1010,997.2734332084656,8282112,243.59981,3726.99220,159.43206,563.95689,35.89778,397.31214,487.78125,0.09853,0.27457,1.05566,-0.61333,4.28124,0.95070,7.41785,2.05878,31.45335,12.40801,64.86304,7.71739,-40.77131,16.71289,-8.53354,-78.49200,12.65130,6.69105,42.11399,3.75106,324.39694,191.81185,1527.71045,75.38766,0.00109,0.00851,0.03428,-0.02632,0.72138,0.04708,0.86142,0.56913,1.02004,0.06901,1.22859,0.83792,1.74045,0.00202,1.74295,1.72950,-5.25828,1.35710,-2.65639,-9.68940,-1.79015,0.00017,-1.78985,-1.79051,0.04197,0.00035,0.04246,0.04130,-1.76048,0.00033,-1.75994,-1.76099,-1.81983,0.00027,-1.81933,-1.82031,2.11111,0.61343,5.67505,1.03213,0.41250,0.17530,0.98106,0.00092,5.73927,2.06205,14.88327,1.80175
1020,986.9778778553009,8364032,287.30553,3282.14010,184.87643,551.00603,36.71309,399.03169,590.01562,-0.01570,0.30716,1.03185,-0.90723,4.41760,0.86127,7.90631,2.36704,29.20914,11.25098,62.67746,7.43843,-42.00013,17.52070,-11.36516,-75.46423,14.62212,7.19167,61.94699,4.62209,298.31594,152.74655,1060.84839,75.66148,0.00135,0.00801,0.03649,-0.01864,0.72903,0.04121,0.82703,0.60619,1.01541,0.06129,1.24258,0.86071,1.74134,0.00207,1.74385,1.73099,-5.19947,1.27873,-2.57726,-10.12372,-1.79060,0.00022,-1.79009,-1.79088,0.04289,0.00029,0.04321,0.04200,-1.76027,0.00028,-1.75975,-1.76070,-1.82092,0.00032,-1.81982,-1.82137,2.22160,0.75716,6.95693,1.03218,0.40790,0.16820,0.96723,0.01432,5.91982,2.24255,22.27544,1.87517
1030,986.3863568305969,8445952,267.05568,4266.53661,168.91765,552.41825,35.64939,398.22491,537.75000,0.19400,0.32007,1.03372,-0.66744,4.37625,0.82083,7.05342,2.37388,26.93350,10.25176,52.41716,6.10337,-43.58713,15.64460,-10.53630,-77.90814,14.27680,6.45022,42.30384,3.78478,355.01619,203.68896,1545.29297,94.12937,0.00105,0.00833,0.03632,-0.01925,0.72410,0.04539,0.85324,0.59883,1.01612,0.05996,1.18609,0.85259,1.73730,0.00241,1.74236,1.72502,-5.41238,1.43852,-2.57591,-11.12611,-1.78852,0.00074,-1.78752,-1.79028,0.04320,0.00030,0.04398,0.04274,-1.75797,0.00089,-1.75642,-1.75974,-1.81906,0.00064,-1.81839,-1.82082,2.19446,0.80675,10.67774,1.02798,0.40676,0.17635,0.97960,0.00497,5.85303,2.36811,21.99951,2.08921
1040,1194.2388384342194,8527872,243.20279,3889.10536,152.59343,557.02629,37.94509,599.13085,543.32812,0.04998,0.30195,0.76620,-0.68425,4.70020,1.05486,7.81398,2.23540,30.75565,14.29801,70.06416,8.41741,-47.29345,16.04878,-9.79942,-79.89880,16.92408,8.92260,49.29692,2.93068,375.93529,192.36148,1336.34460,71.12991,0.00230,0.00939,0.04261,-0.01871,0.71811,0.04541,0.85066,0.55990,1.00729,0.06244,1.21887,0.85140,1.73323,0.00257,1.73710,1.72131,-5.12126,1.30504,-2.29346,-10.44428,-1.78669,0.00061,-1.78581,-1.78757,0.04456,0.00027,0.04517,0.04399,-1.75518,0.00075,-1.75389,-1.75641,-1.81819,0.00050,-1.81727,-1.81888,2.28227,0.76465,6.25713,1.02100,0.39692,0.16906,0.96774,0.02016,6.16072,2.33044,14.98378,2.06032
1050,1016.7578783035278,8609792,268.18513,4493.71108,184.58329,576.51408,37.12655,403.02351,492.90625,0.15488,0.25443,0.78427,-0.64661,4.61314,0.88702,7.28778,2.27130,31.71407,11.75527,65.45373,8.93148,-45.10021,16.64349,-7.82277,-83.89669,15.41360,7.65606,47.32522,3.20398,391.97616,214.79755,2152.24756,93.80560,0.00167,0.00937,0.06888,-0.01946,0.71144,0.04224,0.82823,0.51238,1.01682,0.05983,1.25408,0.84692,1.73028,0.00225,1.73411,1.71720,-5.18987,1.34580,-2.57592,-11.68528,-1.78509,0.00058,-1.78427,-1.78604,0.04413,0.00038,0.04470,0.04328,-1.75389,0.00037,-1.75329,-1.75471,-1.81629,0.00083,-1.81495,-1.81763,2.16934,0.66112,7.26395,1.01899,0.38554,0.18449,0.97747,0.00528,5.90942,2.05892,15.29301,2.33529
1060,989.3454661369324,8691712,227.58738,4325.02710,156.92345,554.41078,35.49379,399.36012,476.56250,0.02803,0.31570,0.80755,-1.12355,4.64612,0.87595,7.72529,2.68320,29.64825,11.39947,59.38333,9.21055,-43.18882,16.47570,-10.15234,-79.74911,15.03060,7.39648,45.55524,4.06638,405.87549,212.47091,1304.56128,105.02476,0.00163,0.00792,0.03219,-0.01706,0.71755,0.04505,0.83794,0.58016,1.01896,0.06475,1.33333,0.83456,1.72965,0.00218,1.73227,1.71856,-5.50309,1.59234,-2.93784,-15.65504,-1.78479,0.00017,-1.78438,-1.78518,0.04357,0.00034,0.04413,0.04295,-1.75398,0.00028,-1.75360,-1.75459,-1.81560,0.00031,-1.81498,-1.81633,2.12683,0.72626,8.95116,1.03278,0.42493,0.17881,0.97444,0.00059,5.98548,2.08958,17.87924,2.40410
1070,984.2578048706055,8773632,304.17314,4368.54240,168.87774,552.31308,34.58832,397.25373,503.54688,0.06123,0.28843,1.08249,-0.79208,4.43142,0.89978,6.91859,2.43165,30.70975,12.84035,70.19833,9.66391,-42.61523,16.22421,-9.26158,-72.39555,14.08562,6.71597,41.28022,4.01291,373.42484,197.53681,1231.71582,97.59353,0.00105,0.00848,0.03985,-0.01899,0.72022,0.04287,0.84449,0.58468,1.00266,0.05801,1.21419,0.86610,1.72866,0.00218,1.73263,1.71733,-5.03819,1.12175,-2.80629,-9.36715,-1.78430,0.00048,-1.78356,-1.78529,0.04338,0.00059,0.04446,0.04270,-1.75362,0.00020,-1.75329,-1.75407,-1.81498,0.00087,-1.81382,-1.81666,2.17475,0.75105,7.93830,1.04090,0.42721,0.15895,0.95856,0.01839,5.79642,2.11956,20.50276,1.75368
1080,986.2661707401276,8855552,285.50113,3785.98024,171.83181,551.81083,35.51142,398.86791,495.10938,0.25980,0.29619,1.00064,-0.71072,4.08587,0.96472,7.54339,1.98810,27.49838,10.78916,55.18924,9.18216,-38.97251,17.65638,-5.23893,-82.72844,12.97124,6.98418,49.57344,2.37149,365.93263,219.82208,1718.19751,45.32077,0.00036,0.00769,0.02583,-0.01851,0.71535,0.04427,0.83719,0.57986,1.01694,0.06074,1.22137,0.83411,1.72713,0.00198,1.72954,1.71780,-5.26979,1.29240,-2.73791,-10.81159,-1.78348,0.00013,-1.78313,-1.78377,0.04254,0.00020,0.04297,0.04214,-1.75340,0.00014,-1.75307,-1.75368,-1.81356,0.00024,-1.81298,-1.81386,2.09247,0.80008,11.62707,1.01473,0.43676,0.17895,0.97583,0.00001,6.10818,2.11895,13.84216,2.20327
1090,986.3607766628265,8937472,278.80656,3920.41594,221.14849,551.05476,36.98019,398.23810,558.51562,0.06823,0.22635,0.77318,-0.65353,4.29493,0.98165,8.08164,2.30669,28.59624,12.55600,61.31659,7.73610,-44.18123,18.84624,-10.25842,-88.11131,14.89929,7.84384,59.65329,4.01703,354.55260,198.55469,1612.28040,70.13277,0.00131,0.00832,0.03112,-0.01904,0.71222,0.04651,0.84230,0.56371,1.01847,0.07094,1.55483,0.82532,1.72525,0.00210,1.72829,1.71335,-5.34615,1.87911,-2.89802,-26.99072,-1.78257,0.00021,-1.78225,-1.78312,0.04243,0.00033,0.04308,0.04195,-1.75257,0.00036,-1.75205,-1.75330,-1.81257,0.00026,-1.81203,-1.81310,2.05489,0.57127,5.25772,1.02630,0.43254,0.18282,0.97252,0.00000,6.17175,2.54087,27.87335,1.98699
1100,986.909677028656,9019392,241.25347,3670.74756,181.43640,551.32003,37.53218,397.96333,464.51562,-0.10782,0.32344,0.71384,-1.21483,4.47162,0.96144,8.25578,2.21519,27.11085,14.26792,69.43495,5.95271,-45.84677,16.32632,-8.11496,-77.81106,15.14856,7.68274,52.25875,3.95577,404.41709,277.01455,1946.13794,71.90242,0.00120,0.00856,0.03219,-0.02213,0.71462,0.04636,0.83111,0.57195,1.00816,0.06493,1.25208,0.82472,1.72356,0.00212,1.72652,1.71217,-5.17908,1.29238,-2.69758,-10.43887,-1.78173,0.00028,-1.78139,-1.78225,0.04328,0.00031,0.04376,0.04240,-1.75113,0.00047,-1.75055,-1.75227,-1.81233,0.00019,-1.81193,-1.81275,2.21556,1.04171,12.69453,1.02741,0.42559,0.17540,0.97306,0.03598,6.02669,2.17936,16.80123,2.17272
1110,991.3647332191467,9101312,205.85769,3939.85587,158.14496,554.12381,37.16481,399.97928,447.10938,0.05287,0.38289,1.09130,-1.03523,4.43644,1.07115,8.00298,1.92958,28.93565,13.91769,78.95604,7.06888,-42.98794,18.02144,-9.38680,-85.84241,15.00387,8.93248,57.89447,3.00810,376.76026,215.26555,1564.05054,75.69441,0.00046,0.00792,0.02871,-0.01719,0.71128,0.04386,0.85160,0.58247,1.01126,0.06253,1.27670,0.83393,1.72189,0.00224,1.72479,1.71239,-5.23669,1.57261,-2.46071,-14.11560,-1.78083,0.00056,-1.77967,-1.78138,0.04175,0.00045,0.04319,0.04133,-1.75131,0.00052,-1.75033,-1.75201,-1.81035,0.00075,-1.80898,-1.81192,2.00491,0.53243,4.72739,1.02570,0.46036,0.15870,0.97691,0.02788,5.96931,2.31438,16.70655,1.89796
1120,992.9843502044678,9183232,275.92632,4004.50546,185.56667,553.93930,37.11496,401.69203,597.18750,0.10718,0.30435,0.92475,-1.08498,4.38846,1.01375,8.28411,2.06274,31.30055,12.02531,67.81561,8.20781,-42.25100,17.52553,-8.21126,-83.51499,14.41740,7.94221,62.93341,3.91299,354.53659,212.97282,1479.38452,62.85818,0.00025,0.00793,0.04490,-0.02013,0.70495,0.04496,0.83524,0.58233,1.01107,0.06182,1.22466,0.82998,1.71827,0.00221,1.72164,1.70713,-5.20949,1.24952,-2.92893,-10.00990,-1.77907,0.00042,-1.77816,-1.77978,0.04156,0.00020,0.04193,0.04125,-1.74969,0.00053,-1.74851,-1.75056,-1.80845,0.00033,-1.80781,-1.80906,2.05105,0.56352,4.77448,1.02501,0.45486,0.16098,0.96722,0.04646,5.88799,2.18841,15.96722,1.42918
1130,990.5647950172424,9265152,359.79435,4308.99568,230.63335,555.08780,37.17221,398.13415,627.95312,-0.00874,0.31248,0.91627,-0.87277,4.53680,1.04546,7.24857,2.14956,28.08129,11.79006,60.23539,7.66462,-46.94101,18.18031,-8.18608,-83.34260,15.39298,7.93222,52.60051,3.66790,330.79764,189.89421,1312.30933,50.95987,0.00147,0.00748,0.02750,-0.02022,0.70751,0.04538,0.84263,0.55744,1.01177,0.06486,1.21270,0.80439,1.71614,0.00200,1.71885,1.70584,-5.29876,1.38931,-2.71823,-11.60447,-1.77800,0.00020,-1.77743,-1.77840,0.04159,0.00024,0.04193,0.04114,-1.74859,0.00022,-1.74817,-1.74910,-1.80741,0.00030,-1.80669,-1.80780,2.08170,0.58691,5.69594,1.02670,0.43433,0.16887,0.97681,0.05468,6.24392,2.32781,18.32318,2.39374
1140,990.0997896194458,9347072,317.19269,4509.24416,217.48927,553.76346,37.06995,399.17346,556.14062,0.14460,0.33767,0.97943,-0.76563,4.26599,0.88639,6.65063,2.26793,28.80883,12.07664,65.49392,9.04509,-40.38360,17.71195,-8.28180,-82.78460,13.50169,6.84811,40.03908,3.32326,398.92215,211.35471,1506.65479,70.00289,0.00087,0.00757,0.03031,-0.01834,0.70476,0.04810,0.84066,0.55476,1.00579,0.06466,1.20001,0.85215,1.71432,0.00230,1.71678,1.70199,-5.15407,1.23360,-2.84381,-9.61011,-1.77718,0.00012,-1.77686,-1.77742,0.04066,0.00041,0.04143,0.03992,-1.74843,0.00020,-1.74798,-1.74870,-1.80593,0.00039,-1.80508,-1.80669,1.94662,0.47573,4.68132,1.02641,0.46628,0.15990,0.96477,0.03636,6.26033,2.23621,17.13008,2.43503
1150,988.4612600803375,9428992,295.92425,4574.96893,211.02754,552.61505,36.98375,398.78294,557.70312,0.12637,0.23672,0.68044,-0.60339,4.31000,1.12172,7.30526,2.07767,31.39040,12.21757,64.98618,7.98536,-42.97052,19.28838,-6.03181,-79.95004,14.74249,8.40968,50.70273,2.63797,403.28226,238.92767,1412.41956,52.08862,0.00024,0.00767,0.03402,-0.01939,0.70431,0.04466,0.83298,0.56999,1.00799,0.06324,1.26485,0.83773,1.71339,0.00192,1.71572,1.70327,-5.09228,1.22089,-2.69205,-10.63186,-1.77663,0.00009,-1.77644,-1.77685,0.04042,0.00053,0.04170,0.03985,-1.74805,0.00043,-1.74712,-1.74863,-1.80521,0.00033,-1.80471,-1.80609,1.96081,0.49986,5.16260,1.01778,0.47602,0.15409,0.98615,0.02741,5.99075,2.06717,16.03047,1.89913
1160,1117.6948051452637,9510912,288.62347,4476.04542,191.35635,554.35402,35.06517,528.18942,588.39062,-0.08667,0.34453,0.62730,-1.00735,4.47925,1.12483,7.66207,2.06998,29.36589,13.37378,66.09814,7.99571,-44.14155,17.46549,-7.78220,-76.46364,15.71371,9.46561,55.44685,3.27044,397.00202,207.89367,1480.03772,107.72489,0.00077,0.00748,0.02047,-0.02075,0.70748,0.04360,0.84880,0.56518,1.00721,0.06145,1.20195,0.81281,1.71336,0.00188,1.71575,1.70492,-5.19458,1.26226,-2.75663,-10.37610,-1.77654,0.00023,-1.77616,-1.77685,0.04211,0.00019,0.04241,0.04170,-1.74677,0.00020,-1.74649,-1.74716,-1.80632,0.00032,-1.80579,-1.80680,1.95293,0.51166,5.54768,1.01448,0.48407,0.14943,0.97556,0.08824,5.99867,2.03241,14.49676,2.43267
1170,1076.8637900352478,9592832,251.65515,3785.39359,213.69121,640.99636,38.80691,396.96264,549.46875,0.17403,0.27780,0.78718,-0.59261,4.46584,1.02812,8.01610,2.16582,30.91252,13.75130,68.30574,6.63515,-46.13046,17.89863,-6.70318,-78.79295,15.65224,8.57628,47.89270,3.12107,386.76576,200.14202,1402.28906,70.69754,0.00146,0.00778,0.02818,-0.02107,0.70070,0.04560,0.83322,0.56095,1.01067,0.06384,1.21647,0.84439,1.71320,0.00162,1.71527,1.70326,-5.22134,1.36927,-2.86886,-10.70515,-1.77634,0.00021,-1.77595,-1.77663,0.04183,0.00012,0.04207,0.04161,-1.74676,0.00023,-1.74620,-1.74703,-1.80592,0.00021,-1.80557,-1.80633,2.07270,0.68214,7.31943,1.02655,0.46002,0.16980,0.98136,0.04947,6.54445,2.43449,18.27403,1.88982
1180,984.1155164241791,9674752,223.20679,4210.49669,148.21131,548.48638,38.20371,397.34804,478.64062,0.07345,0.26916,0.80352,-0.78710,4.23793,1.04995,7.21844,1.84093,27.08831,11.42105,63.16282,6.71507,-43.57104,19.62824,-7.19018,-82.82037,14.69210,7.74980,43.81042,2.52523,365.51584,213.29467,1312.34180,47.41891,0.00069,0.00744,0.02450,-0.01656,0.70662,0.04480,0.82524,0.55274,1.00469,0.06229,1.24869,0.78780,1.71060,0.00213,1.71395,1.69618,-5.07950,1.30614,-2.48577,-10.85146,-1.77526,0.00039,-1.77452,-1.77596,0.04210,0.00025,0.04245,0.04163,-1.74549,0.00025,-1.74508,-1.74619,-1.80503,0.00055,-1.80396,-1.80582,1.85993,0.42763,4.42247,1.02055,0.49929,0.15504,0.98282,0.05331,6.16112,2.36349,17.88487,2.46047
1190,980.9138379096985,9756672,330.26067,3976.12964,235.34091,548.26844,35.52663,397.03595,640.76562,0.07111,0.27810,0.88449,-0.72148,4.16926,1.02709,7.42339,1.92209,29.40816,12.33744,64.07400,7.68691,-42.72159,18.30772,-8.84445,-82.31449,13.99330,8.04486,55.52322,2.89907,364.97879,191.16298,1215.26025,76.80176,0.00078,0.00793,0.04267,-0.02177,0.70125,0.04674,0.83810,0.54623,1.00345,0.06085,1.18281,0.81800,1.70829,0.00188,1.71109,1.69735,-5.04564,1.09717,-2.44114,-9.94981,-1.77404,0.00020,-1.77370,-1.77452,0.04121,0.00016,0.04162,0.04097,-1.74491,0.00020,-1.74449,-1.74520,-1.80318,0.00025,-1.80275,-1.80395,1.95862,0.55562,6.08535,1.02429,0.47982,0.16251,0.98139,0.02162,6.14353,2.34244,26.88768,2.13268
1200,983.5755205154419,9838592,369.40571,3960.93507,200.53264,551.08807,36.39147,395.94962,770.93750,0.01881,0.28971,0.80250,-1.16329,4.15241,0.98228,8.24848,2.10753,25.45117,13.46939,69.54655,7.02979,-43.60889,19.03359,-10.81234,-82.72187,14.32771,7.74909,65.67727,2.48974,337.15250,170.03217,1313.16479,84.17375,0.00099,0.00812,0.03520,-0.02096,0.70089,0.04801,0.84554,0.57994,1.00849,0.06805,1.21838,0.84020,1.70751,0.00204,1.70987,1.69711,-5.24865,1.37376,-2.95742,-10.86224,-1.77372,0.00014,-1.77336,-1.77396,0.04120,0.00026,0.04158,0.04068,-1.74458,0.00026,-1.74410,-1.74501,-1.80285,0.00020,-1.80250,-1.80315,1.95105,0.76909,12.61316,1.01822,0.47805,0.15596,0.98277,0.09815,6.43619,2.39911,20.19186,2.45246
1210,986.6455657482147,9920512,302.89300,3720.98186,162.79193,554.01288,37.06545,395.49949,634.15625,0.06081,0.22734,0.76174,-0.66058,3.93857,0.89611,6.75322,1.78991,28.30497,11.78610,68.14077,7.85227,-40.17740,18.14061,-7.83516,-77.79382,11.98397,5.95626,36.62811,2.48241,323.62283,195.87468,1207.83276,55.27369,0.00050,0.00726,0.02995,-0.01662,0.70098,0.04363,0.83249,0.55678,1.00946,0.06242,1.26372,0.85207,1.70681,0.00180,1.70899,1.69556,-5.16826,1.24640,-2.56847,-9.77536,-1.77327,0.00019,-1.77285,-1.77347,0.04135,0.00019,0.04165,0.04105,-1.74403,0.00015,-1.74379,-1.74435,-1.80251,0.00030,-1.80188,-1.80290,1.95803,0.60215,6.29323,1.02642,0.49026,0.16679,0.98051,0.03737,5.87871,1.89330,14.50649,2.37909
1220,986.7289109230042,10002432,322.77933,3509.29018,176.14761,554.37199,35.48506,396.79614,641.67188,-0.07875,0.31495,0.66636,-1.00701,4.03486,1.04518,8.15500,1.93641,24.79397,11.59831,59.72689,7.37436,-41.07555,18.87625,-8.81998,-80.15500,12.91823,8.01330,53.92676,2.60980,313.23287,212.91731,1502.09607,44.21677,0.00011,0.00780,0.04938,-0.02048,0.69297,0.04609,0.81644,0.55584,1.01066,0.06451,1.21287,0.86151,1.70523,0.00185,1.70770,1.69356,-5.21061,1.28604,-2.61581,-9.56064,-1.77243,0.00024,-1.77197,-1.77285,0.04110,0.00009,0.04130,0.04097,-1.74337,0.00030,-1.74280,-1.74382,-1.80149,0.00019,-1.80115,-1.80189,1.92134,0.53588,4.54345,1.01552,0.47439,0.17063,0.98335,0.00983,6.16410,2.49328,25.43406,2.43570
1230,985.2998826503754,10084352,307.99028,3414.27595,195.93131,552.01548,35.61823,397.58031,632.98438,0.02675,0.33783,0.92123,-1.23225,4.60985,1.05839,8.65558,2.09172,28.50402,12.64861,64.23969,9.77006,-49.18030,18.02477,-6.71584,-87.23342,17.90140,9.77768,61.71757,3.47211,376.98014,208.85368,1334.82727,84.83926,0.00138,0.00768,0.05592,-0.01713,0.69145,0.04409,0.83291,0.56303,1.01076,0.06219,1.20087,0.84544,1.70398,0.00195,1.70645,1.69361,-5.14290,1.25014,-2.65558,-10.05045,-1.77193,0.00013,-1.77171,-1.77221,0.04111,0.00010,0.04127,0.04094,-1.74286,0.00011,-1.74269,-1.74312,-1.80100,0.00017,-1.80071,-1.80132,1.90206,0.52920,5.58915,1.01784,0.49934,0.16060,0.98239,0.05588,6.49468,2.63712,24.45656,2.49827
1240,979.909154176712,10166272,286.60457,3373.55677,194.61726,548.47740,35.22479,396.12884,631.34375,-0.04354,0.33736,0.74097,-1.13834,4.15270,1.01328,7.12547,2.15442,25.83014,11.67817,54.77196,6.28251,-41.18090,17.44738,-10.64380,-79.85231,14.17430,7.77802,47.90348,3.43493,291.26651,153.73171,1194.26611,64.31487,0.00015,0.00768,0.02895,-0.02122,0.69455,0.04778,0.85092,0.53843,1.01068,0.06393,1.23038,0.84277,1.70426,0.00193,1.70667,1.69510,-5.29319,1.32463,-2.64345,-12.81571,-1.77205,0.00015,-1.77186,-1.77236,0.04055,0.00030,0.04098,0.04008,-1.74337,0.00033,-1.74293,-1.74397,-1.80072,0.00016,-1.80042,-1.80097,1.86419,0.45116,4.50591,1.01818,0.50156,0.16023,0.97430,0.00874,6.34302,2.26631,18.09675,2.35527
1250,988.1844789981842,10248192,323.73478,3927.61637,190.15867,552.23969,38.32384,397.53692,598.10938,-0.00449,0.31096,0.69888,-1.27693,4.37221,0.96435,7.34225,2.18423,27.54947,12.97641,61.84697,7.72871,-43.36447,17.89847,-11.25192,-82.08193,15.80507,7.37098,41.81038,4.03971,349.69954,197.00071,1224.58093,81.47403,-0.00037,0.00745,0.03256,-0.02028,0.69835,0.04669,0.83277,0.57579,1.00646,0.06964,1.26426,0.80639,1.70437,0.00183,1.70661,1.69594,-5.26832,1.46615,-2.56896,-10.69585,-1.77210,0.00010,-1.77187,-1.77225,0.04088,0.00012,0.04109,0.04065,-1.74319,0.00014,-1.74298,-1.74349,-1.80100,0.00012,-1.80075,-1.80121,1.85283,0.41892,4.23342,1.01852,0.50398,0.15545,0.98262,0.03174,6.22307,2.14708,19.41604,2.22435
1260,984.1641066074371,10330112,375.92547,4026.50891,177.41432,548.14869,36.86439,399.06581,612.84375,-0.04517,0.22918,0.52185,-0.68943,4.15616,0.99386,7.33310,2.10111,27.37932,11.86350,69.86335,7.50921,-41.59799,16.61255,-10.52069,-77.28641,14.32765,7.10957,42.43594,3.84203,320.32443,172.32056,1011.62903,73.30457,-0.00029,0.00676,0.01941,-0.01910,0.69449,0.04504,0.86406,0.54222,1.00563,0.06602,1.29350,0.85132,1.70305,0.00223,1.70647,1.68333,-5.27861,1.38108,-2.88104,-12.33911,-1.77144,0.00044,-1.77068,-1.77219,0.04087,0.00017,0.04116,0.04055,-1.74254,0.00048,-1.74199,-1.74347,-1.80034,0.00044,-1.79938,-1.80093,1.85687,0.52205,6.22529,1.02026,0.52159,0.15700,0.97922,0.05261,6.12414,1.99194,14.30739,2.44113
1270,982.4782264232635,10412032,289.48608,4164.34311,233.88308,550.83563,34.95677,396.61170,594.14062,-0.02037,0.28874,0.83934,-0.82425,4.33490,0.91001,7.26753,1.89578,30.47866,13.28300,80.28641,5.49281,-43.03777,17.42984,-6.29417,-81.23459,15.03719,7.00663,44.26307,3.62006,432.11622,251.97467,2280.91455,82.86598,-0.00009,0.00699,0.02697,-0.01997,0.69544,0.04324,0.79175,0.54437,0.99684,0.06017,1.19321,0.80813,1.70039,0.00221,1.70340,1.68875,-5.15809,1.31263,-2.77469,-10.35277,-1.77019,0.00025,-1.76980,-1.77068,0.03996,0.00031,0.04057,0.03951,-1.74193,0.00006,-1.74180,-1.74203,-1.79845,0.00047,-1.79779,-1.79937,1.80482,0.43715,6.00633,1.02646,0.52455,0.15342,0.97961,0.12277,6.17736,2.30197,23.45932,2.30257
1280,997.7579443454742,10493952,317.70203,4144.76312,174.60272,550.69808,38.64383,408.33080,549.85938,0.00916,0.36083,1.09126,-1.01290,4.35226,1.06234,6.88061,1.87223,29.01934,15.91205,61.33398,6.25831,-39.23198,15.40006,-10.70018,-72.53221,15.50114,7.77019,44.06857,3.09089,353.95870,233.75572,1695.11450,73.89793,0.00006,0.00683,0.02365,-0.01803,0.69847,0.04107,0.80221,0.55268,0.99729,0.05960,1.19145,0.84460,1.69883,0.00207,1.70151,1.68353,-5.16636,1.23844,-2.40468,-9.58582,-1.76932,0.00033,-1.76885,-1.76979,0.03939,0.00010,0.03959,0.03924,-1.74146,0.00028,-1.74103,-1.74186,-1.79717,0.00039,-1.79664,-1.79778,1.76047,0.38912,3.57642,1.02535,0.52715,0.15936,0.97204,0.11318,6.10812,1.90667,14.40025,2.17524
1290,1301.8002643585205,10575872,325.55881,4116.27035,191.62006,854.55642,43.98702,403.17006,583.45312,0.03800,0.28289,0.67817,-1.07865,3.96597,0.87961,6.94949,1.98886,27.48405,11.17401,54.01285,7.27620,-38.23005,17.10919,-8.22774,-76.40755,12.52318,6.29314,47.95469,3.26456,347.49322,227.68754,2077.26050,82.12720,0.00057,0.00682,0.02903,-0.01873,0.69406,0.04440,0.80963,0.56477,1.00521,0.06224,1.21866,0.83392,1.69782,0.00208,1.70020,1.68929,-5.27049,1.36166,-2.75258,-11.78289,-1.76886,0.00010,-1.76865,-1.76906,0.03887,0.00013,0.03927,0.03868,-1.74137,0.00008,-1.74117,-1.74151,-1.79635,0.00017,-1.79601,-1.79670,1.79544,0.45240,6.47252,1.01896,0.53379,0.14603,0.98378,0.16784,6.44300,2.08481,14.65388,2.42605
1300,983.8375992774963,10657792,292.65857,4248.18278,182.66560,550.96956,37.13862,395.65080,563.81250,0.08158,0.35530,1.01279,-0.90433,3.88270,1.06177,7.21612,1.50829,25.54430,13.53857,72.63201,6.44153,-37.90796,18.90425,-7.26655,-79.61022,12.10977,7.53621,46.70586,1.89823,311.68061,209.91046,1613.95496,58.78511,0.00033,0.00697,0.02753,-0.01772,0.68800,0.04419,0.85871,0.55413,1.01234,0.06401,1.18417,0.82564,1.69633,0.00219,1.69927,1.68560,-5.29783,1.18642,-2.92082,-9.53606,-1.76815,0.00021,-1.76777,-1.76864,0.03850,0.00019,0.03871,0.03809,-1.74093,0.00011,-1.74077,-1.74128,-1.79537,0.00033,-1.79474,-1.79601,1.77970,0.44291,6.24870,1.01744,0.54301,0.14473,0.98073,0.15535,6.26414,2.14142,14.63215,2.28865
1310,980.88183426857,10739712,282.61660,3931.71887,175.76537,550.71841,35.14738,394.93219,586.21875,-0.05930,0.30670,0.74286,-0.97314,4.35445,0.85150,7.01309,1.95242,25.22629,11.36801,58.71656,6.59427,-43.33593,16.45675,-11.23119,-80.47522,15.71248,6.95620,49.13116,3.24845,377.25116,211.21151,1569.93311,106.23891,0.00047,0.00708,0.02593,-0.01754,0.68443,0.04759,0.81724,0.50139,1.01064,0.06528,1.34144,0.84710,1.69495,0.00189,1.69742,1.68473,-5.21647,1.32231,-2.99013,-10.68569,-1.76740,0.00018,-1.76707,-1.76777,0.03781,0.00024,0.03814,0.03750,-1.74067,0.00008,-1.74050,-1.74085,-1.79413,0.00034,-1.79362,-1.79474,1.78803,0.46485,5.12322,1.01759,0.53003,0.16940,0.98173,0.04186,6.48299,2.24710,18.19398,2.25586
1320,984.3843002319336,10821632,249.34357,4151.63107,182.12583,552.47058,36.43507,395.40038,554.85938,0.02020,0.30424,0.73852,-1.08439,3.97524,1.08200,7.91298,1.99205,27.07041,12.79879,63.94994,4.81147,-38.92114,18.37912,-5.55277,-77.07912,13.44546,7.98399,63.61787,2.21608,337.97017,214.57783,1648.15112,61.10807,0.00053,0.00677,0.02885,-0.01829,0.69025,0.04010,0.80209,0.55304,1.00713,0.06158,1.19128,0.84434,1.69404,0.00199,1.69648,1.68065,-5.13322,1.35080,-2.82357,-11.16480,-1.76689,0.00014,-1.76668,-1.76719,0.03714,0.00016,0.03756,0.03696,-1.74063,0.00016,-1.74044,-1.74101,-1.79316,0.00020,-1.79283,-1.79365,1.81833,0.48090,5.60646,1.01970,0.52271,0.16472,0.98807,0.12375,6.28487,2.03143,14.41236,2.26191
1330,985.3229203224182,10903552,259.93125,4275.77374,197.44902,550.70200,38.10286,396.43189,574.92188,-0.03330,0.35902,0.81020,-1.01016,4.71230,0.83643,7.18493,2.49672,29.20102,12.10814,61.26432,7.92991,-48.90355,17.53527,-10.59263,-86.93881,18.67910,7.36639,51.40020,5.29217,407.76357,215.17671,1355.67480,118.52428,0.00059,0.00682,0.04765,-0.01690,0.68233,0.04387,0.79505,0.53933,1.01587,0.06666,1.25328,0.83791,1.69389,0.00238,1.69625,1.67939,-5.55228,1.51153,-2.75274,-12.08097,-1.76697,0.00013,-1.76668,-1.76714,0.03653,0.00020,0.03703,0.03630,-1.74114,0.00014,-1.74089,-1.74138,-1.79280,0.00023,-1.79236,-1.79332,1.80106,0.46750,5.19305,1.01578,0.53719,0.16917,0.98194,0.00292,6.61804,2.84007,39.34667,2.63423
1340,984.9028987884521,10985472,263.30790,4199.97049,152.74505,554.40539,35.68867,394.73201,631.03125,0.02111,0.27108,0.81317,-0.92147,4.39104,1.19195,7.57340,1.69870,29.24548,13.68209,65.66898,5.72477,-43.03913,16.06593,-9.34987,-76.88629,16.89732,9.57965,56.07546,2.90820,370.97977,225.20658,1581.79675,65.78448,0.00053,0.00590,0.01958,-0.01717,0.69068,0.04454,0.82606,0.51847,1.00548,0.06190,1.24180,0.80934,1.69264,0.00202,1.69539,1.68205,-4.99905,1.14710,-2.95168,-10.14248,-1.76628,0.00021,-1.76600,-1.76670,0.03678,0.00009,0.03691,0.03649,-1.74027,0.00025,-1.73997,-1.74089,-1.79228,0.00019,-1.79199,-1.79257,1.74919,0.46988,5.27668,1.02189,0.57013,0.14945,0.98242,0.20058,6.29504,1.86282,16.10294,2.78971
1350,983.3582768440247,11067392,344.46404,3941.99346,172.99226,549.84402,37.92195,395.51923,631.98438,0.10378,0.21843,0.73162,-0.71397,3.83571,0.73988,6.01794,2.00133,24.06644,11.23382,57.02286,7.08263,-36.49586,17.00095,-9.39127,-84.36832,12.29515,5.37974,33.57940,3.98382,320.54631,172.08641,1298.51697,72.67591,-0.00000,0.00632,0.02147,-0.01791,0.68710,0.04394,0.79710,0.51732,1.00969,0.05830,1.22119,0.85682,1.69181,0.00200,1.69419,1.68229,-5.14009,1.11761,-2.66820,-9.18181,-1.76592,0.00009,-1.76572,-1.76604,0.03678,0.00008,0.03701,0.03668,-1.73991,0.00012,-1.73960,-1.74006,-1.79192,0.00008,-1.79177,-1.79202,1.71099,0.37617,3.47073,1.01584,0.56906,0.15103,0.98752,0.15201,6.53219,2.17106,14.44533,2.50868
1360,982.291600227356,11149312,298.91476,3731.09533,203.79376,551.32990,36.35176,394.53079,526.10938,-0.03026,0.31427,0.70787,-0.97021,4.61198,0.84518,8.00640,2.94273,30.11159,13.23290,69.22449,7.22733,-46.97226,14.64721,-15.20425,-81.32048,18.42976,7.54552,62.46387,5.67507,409.93873,213.47935,1807.17346,115.65273,0.00022,0.00598,0.01702,-0.01587,0.68589,0.04393,0.82493,0.55438,1.00342,0.06186,1.21858,0.81814,1.69186,0.00184,1.69404,1.68148,-5.07084,1.21118,-2.85081,-9.64635,-1.76589,0.00004,-1.76582,-1.76598,0.03699,0.00012,0.03713,0.03676,-1.73973,0.00012,-1.73957,-1.73996,-1.79205,0.00005,-1.79193,-1.79215,1.74388,0.61447,8.86401,1.01298,0.56788,0.14679,0.98582,0.18797,6.66793,2.09955,15.97241,3.03799
1370,982.5128829479218,11231232,295.86905,3909.29503,150.76849,551.99994,35.35188,395.06884,632.09375,0.00449,0.23304,0.55879,-0.74790,3.69684,0.78541,6.33563,2.16891,23.51900,9.52637,54.64523,7.80184,-37.83679,16.65671,-9.18428,-81.24729,11.95665,5.79655,35.77478,3.99196,288.69775,160.71861,1315.78052,73.84881,0.00018,0.00583,0.02410,-0.01820,0.68544,0.04310,0.80788,0.55398,1.00957,0.06082,1.19976,0.86330,1.69226,0.00188,1.69429,1.68142,-5.32333,1.40614,-2.45799,-12.91482,-1.76599,0.00009,-1.76577,-1.76610,0.03660,0.00010,0.03678,0.03640,-1.74011,0.00007,-1.73992,-1.74023,-1.79187,0.00015,-1.79151,-1.79205,1.64182,0.40443,4.13681,1.01358,0.58698,0.15901,0.98411,0.09666,6.41648,1.93792,15.00431,2.61975
1380,986.5920407772064,11313152,318.95506,3404.97221,209.81332,549.86472,42.42392,394.21681,627.34375,-0.03421,0.34883,0.99483,-1.06916,4.34152,0.90015,6.91161,2.23522,25.53377,10.85467,59.28046,5.69529,-44.39358,16.63523,-10.39907,-81.79193,16.59174,7.49658,44.72055,4.21787,336.42218,162.32950,1002.13440,92.49910,0.00069,0.00587,0.04032,-0.01622,0.68763,0.04398,0.80642,0.57328,1.00291,0.06202,1.25624,0.84429,1.69156,0.00191,1.69371,1.67929,-5.21166,1.40291,-2.63055,-10.98505,-1.76570,0.00010,-1.76553,-1.76582,0.03652,0.00007,0.03669,0.03640,-1.73987,0.00014,-1.73960,-1.74003,-1.79152,0.00006,-1.79142,-1.79164,1.62788,0.38972,4.68399,1.01421,0.58857,0.15641,0.98630,0.05338,6.51588,2.05176,14.40322,2.78012
1390,986.7980189323425,11395072,325.45862,4347.15065,187.59544,551.54169,40.83754,394.32497,626.09375,0.08519,0.31771,0.88742,-0.78689,4.16892,0.99181,6.99395,1.87408,26.83330,10.97360,57.25822,8.28842,-40.19479,16.71761,-7.21497,-78.79765,15.71497,7.88145,44.77901,3.33907,372.61722,215.60523,1653.02930,63.74554,0.00039,0.00579,0.02992,-0.01474,0.68376,0.04307,0.81745,0.52407,1.01695,0.06228,1.21804,0.82894,1.69116,0.00211,1.69342,1.67848,-5.28666,1.31301,-2.80724,-10.64330,-1.76554,0.00009,-1.76533,-1.76567,0.03658,0.00011,0.03671,0.03633,-1.73967,0.00004,-1.73957,-1.73977,-1.79141,0.00016,-1.79102,-1.79157,1.57468,0.31279,3.13895,1.01640,0.62062,0.14883,0.98930,0.22665,6.56119,2.08488,15.86036,2.98697
1400,981.1908853054047,11476992,310.81489,3906.12022,175.11652,551.13635,35.87412,394.09693,627.21875,-0.16705,0.39012,0.62719,-1.79785,4.27523,1.08565,8.78643,1.93181,25.70547,11.71868,61.85071,6.01052,-45.20935,17.39597,-11.02231,-83.64759,16.05200,9.47901,72.16814,3.20333,382.57468,210.03318,1189.58020,57.99459,0.00026,0.00555,0.02186,-0.01601,0.69102,0.04238,0.79050,0.51494,1.00174,0.06094,1.21761,0.82907,1.69084,0.00198,1.69312,1.68169,-5.04552,1.28465,-2.77635,-9.98097,-1.76530,0.00013,-1.76509,-1.76551,0.03650,0.00008,0.03660,0.03633,-1.73949,0.00017,-1.73928,-1.73976,-1.79112,0.00010,-1.79089,-1.79130,1.57662,0.34142,3.62342,1.01342,0.62677,0.15294,0.98629,0.10732,6.37142,1.99153,14.32282,3.01721
1410,982.8540759086609,11558912,327.88324,4055.08523,173.32126,549.87006,37.66643,395.23553,609.78125,0.13859,0.26874,0.91168,-0.72700,4.38261,0.79133,6.69643,2.10869,31.16624,11.79968,70.77492,9.95493,-40.00956,17.31714,-9.91607,-79.75076,17.36212,6.71323,43.65913,3.78867,366.57568,176.88658,1726.64417,77.18217,-0.00021,0.00487,0.01458,-0.01441,0.69613,0.04479,0.81297,0.54687,0.99507,0.06575,1.19224,0.78717,1.69005,0.00211,1.69220,1.67283,-5.04678,1.32593,-2.59465,-10.29975,-1.76494,0.00008,-1.76480,-1.76509,0.03664,0.00007,0.03678,0.03649,-1.73904,0.00012,-1.73884,-1.73929,-1.79085,0.00006,-1.79071,-1.79094,1.51595,0.27339,3.22669,1.00863,0.64745,0.13310,0.98942,0.19445,6.15528,1.64384,12.53577,2.58925
1420,982.4861209392548,11640832,209.68795,3439.34495,188.59625,551.52684,36.15600,394.71545,537.09375,0.06988,0.29074,0.71010,-0.76519,4.21471,1.11911,7.42565,2.03864,27.03092,12.69741,65.88655,5.81223,-41.13470,18.29238,-7.70683,-82.10455,16.76756,9.49676,52.10474,3.67222,385.37307,198.01036,1156.17700,63.88333,0.00045,0.00500,0.01780,-0.01765,0.68659,0.04379,0.81073,0.54064,1.00517,0.06541,1.23973,0.79245,1.68953,0.00171,1.69161,1.68031,-5.16855,1.40657,-2.69642,-12.08832,-1.76465,0.00007,-1.76458,-1.76480,0.03679,0.00006,0.03687,0.03664,-1.73864,0.00011,-1.73852,-1.73890,-1.79067,0.00003,-1.79063,-1.79074,1.51997,0.32296,3.32000,1.01024,0.65619,0.14963,0.99102,0.25354,6.14987,1.81198,15.71251,2.54178
1430,988.6101536750793,11722752,259.91503,4120.96327,165.52492,551.92252,42.18290,394.40848,586.06250,0.04666,0.34155,0.99261,-1.11449,4.32052,0.96687,7.17499,2.28902,24.69847,8.21620,47.66623,6.90829,-44.07108,17.51067,-10.34009,-74.47211,17.50747,8.12628,52.04663,5.08663,354.41636,184.90347,1263.38538,96.67901,0.00039,0.00488,0.01664,-0.01368,0.69187,0.04651,0.82310,0.52066,0.99967,0.06508,1.22167,0.83367,1.68966,0.00177,1.69148,1.67928,-5.09903,1.23508,-2.82476,-9.99467,-1.76467,0.00002,-1.76459,-1.76470,0.03655,0.00008,0.03670,0.03640,-1.73882,0.00005,-1.73874,-1.73891,-1.79051,0.00007,-1.79034,-1.79063,1.49877,0.30957,3.62490,1.01225,0.65620,0.14081,0.99106,0.23861,6.23252,1.99324,20.13966,2.79125
1440,991.869707107544,11804672,292.59229,3469.45986,187.87837,551.16184,46.09276,394.53661,605.95312,0.05112,0.31068,1.26358,-0.70370,4.46927,0.86955,7.88745,2.54359,26.73024,10.85336,57.18895,9.72308,-45.21150,16.49173,-7.33029,-81.39765,18.64419,8.04021,56.90343,6.09700,409.17696,223.87395,2082.23047,97.24407,0.00088,0.00434,0.01571,-0.01095,0.68742,0.04507,0.79740,0.50850,0.99705,0.05999,1.23368,0.79496,1.68909,0.00200,1.69130,1.67617,-5.01196,1.18532,-2.29372,-9.70593,-1.76451,0.00006,-1.76443,-1.76460,0.03636,0.00004,0.03644,0.03630,-1.73880,0.00006,-1.73871,-1.73892,-1.79022,0.00007,-1.79013,-1.79034,1.46797,0.27834,2.73141,1.00609,0.67675,0.14651,0.99374,0.20150,6.43400,2.02255,15.78041,3.11392
1450,982.3040738105774,11886592,294.90488,4210.24712,204.52540,550.46826,36.58687,395.17656,612.95312,0.01115,0.28947,0.83676,-0.96490,4.18047,1.13667,8.65897,2.00112,22.76762,10.63114,55.96906,7.91751,-43.60699,17.40812,-8.88981,-88.13867,16.97633,9.56436,73.02492,3.75629,373.64924,242.16826,1772.37146,62.07922,0.00104,0.00427,0.01942,-0.01002,0.68848,0.04567,0.79548,0.54974,1.00647,0.06559,1.29698,0.85521,1.68890,0.00213,1.69114,1.67692,-5.32054,1.41825,-2.64843,-11.40473,-1.76447,0.00004,-1.76441,-1.76453,0.03640,0.00003,0.03646,0.03634,-1.73873,0.00004,-1.73867,-1.73879,-1.79021,0.00005,-1.79014,-1.79027,1.38509,0.21964,2.29289,1.00412,0.70878,0.14187,0.99540,0.22422,6.45383,1.88830,15.45476,3.06525
1460,988.408153295517,11968512,311.74079,3700.57595,186.16201,550.73647,41.76529,395.80748,596.50000,-0.00062,0.24900,0.75861,-0.92286,4.24911,0.90633,6.91693,2.22311,25.90651,10.79873,59.51749,7.11315,-46.62043,16.25431,-10.86515,-84.12296,17.30227,7.61593,44.65644,4.74809,426.92718,244.43435,1312.65771,93.84614,0.00125,0.00394,0.01493,-0.01231,0.68484,0.04425,0.83549,0.54648,1.00783,0.06555,1.20763,0.84535,1.68899,0.00171,1.69104,1.68054,-5.25743,1.29050,-2.52480,-10.49635,-1.76436,0.00006,-1.76427,-1.76446,0.03630,0.00004,0.03637,0.03626,-1.73869,0.00004,-1.73862,-1.73875,-1.79002,0.00008,-1.78992,-1.79017,1.37248,0.22528,2.39665,1.00448,0.72568,0.13436,0.99564,0.30253,6.56277,1.94482,15.93093,2.54923
1470,985.0066738128662,12050432,270.58956,3599.90070,168.16435,549.97674,40.36552,394.58928,569.07812,0.04112,0.27287,0.77274,-0.76989,4.01974,0.77285,7.17609,2.29905,26.54059,10.92438,76.05717,10.02686,-39.14536,15.39255,-6.80904,-71.84662,15.41195,6.49102,47.68115,5.16304,382.27180,229.40785,2143.98926,114.22092,0.00106,0.00365,0.01400,-0.01274,0.68686,0.04599,0.80945,0.52660,1.00551,0.06280,1.18434,0.83674,1.68861,0.00198,1.69060,1.67622,-5.32625,1.45062,-2.57118,-11.53382,-1.76420,0.00006,-1.76411,-1.76428,0.03617,0.00007,0.03629,0.03608,-1.73863,0.00003,-1.73859,-1.73869,-1.78978,0.00010,-1.78962,-1.78993,1.35147,0.26861,3.62970,1.00422,0.75323,0.13402,0.99455,0.40813,6.61744,2.06109,21.49609,3.15337
1480,987.1528806686401,12132352,308.43541,4156.77194,201.71036,553.73568,38.69325,394.63791,630.35938,0.00203,0.24515,0.88768,-0.66340,4.87193,0.85667,7.34936,2.59536,32.27154,12.08589,67.09922,7.29333,-46.68788,15.93593,-14.33699,-81.82584,23.37194,8.40385,53.00456,6.74362,524.14423,268.36428,1888.22400,138.95406,0.00172,0.00297,0.00935,-0.00825,0.68903,0.04483,0.81508,0.55409,1.00197,0.05944,1.19129,0.80719,1.68855,0.00194,1.69051,1.67437,-5.19685,1.25756,-2.87057,-9.68420,-1.76418,0.00003,-1.76411,-1.76421,0.03612,0.00001,0.03615,0.03609,-1.73863,0.00003,-1.73858,-1.73868,-1.78972,0.00004,-1.78962,-1.78976,1.25669,0.17279,1.84207,1.00587,0.79635,0.12083,0.99459,0.41418,6.98520,2.19009,18.44071,3.12160
1490,980.5187003612518,12214272,382.61331,4529.31769,180.37733,550.06018,36.83822,393.54091,677.43750,0.12488,0.33299,0.81804,-0.97195,3.93679,0.96472,6.93426,2.16644,27.47472,10.60064,64.23319,7.27423,-39.78571,17.94696,-6.70531,-82.81020,15.88604,8.12639,46.80402,4.69806,420.84106,268.23922,2474.06592,118.12397,0.00232,0.00219,0.01216,-0.00507,0.69094,0.04578,0.84091,0.55279,0.99631,0.06355,1.18767,0.80927,1.68826,0.00216,1.69045,1.67889,-5.08701,1.29307,-2.53924,-10.44355,-1.76416,0.00001,-1.76415,-1.76418,0.03616,0.00001,0.03617,0.03614,-1.73859,0.00001,-1.73858,-1.73863,-1.78973,0.00000,-1.78972,-1.78974,1.17859,0.12816,1.62958,1.00317,0.85277,0.09489,0.99757,0.52847,6.83101,1.84451,15.06314,3.12459
