EPOCH,Time Consumed,Total Frames,Running_Average_Rewards,Train_Epoch_Reward,Running_Training_Average_Rewards,Explore_Time,Train___Time,Eval____Time,eval_traj_length,advs/mean_Mean,advs/mean_Std,advs/mean_Max,advs/mean_Min,advs/std_Mean,advs/std_Std,advs/std_Max,advs/std_Min,advs/max_Mean,advs/max_Std,advs/max_Max,advs/max_Min,advs/min_Mean,advs/min_Std,advs/min_Max,advs/min_Min,Training/vf_loss_Mean,Training/vf_loss_Std,Training/vf_loss_Max,Training/vf_loss_Min,grad_norm/vf_Mean,grad_norm/vf_Std,grad_norm/vf_Max,grad_norm/vf_Min,Training/policy_loss_Mean,Training/policy_loss_Std,Training/policy_loss_Max,Training/policy_loss_Min,logprob/mean_Mean,logprob/mean_Std,logprob/mean_Max,logprob/mean_Min,logprob/std_Mean,logprob/std_Std,logprob/std_Max,logprob/std_Min,logprob/max_Mean,logprob/max_Std,logprob/max_Max,logprob/max_Min,logprob/min_Mean,logprob/min_Std,logprob/min_Max,logprob/min_Min,log_std/mean_Mean,log_std/mean_Std,log_std/mean_Max,log_std/mean_Min,log_std/std_Mean,log_std/std_Std,log_std/std_Max,log_std/std_Min,log_std/max_Mean,log_std/max_Std,log_std/max_Max,log_std/max_Min,log_std/min_Mean,log_std/min_Std,log_std/min_Max,log_std/min_Min,ratio/max_Mean,ratio/max_Std,ratio/max_Max,ratio/max_Min,ratio/min_Mean,ratio/min_Std,ratio/min_Max,ratio/min_Min,grad_norm/pf_Mean,grad_norm/pf_Std,grad_norm/pf_Max,grad_norm/pf_Min
0,286.82240295410156,8192,-114.86644,-1022.32976,nan,34.90253,4.96815,241.11100,1000.00000,-1.97568,0.08235,-1.80087,-2.10734,0.48150,0.08933,0.68590,0.34912,-0.41819,0.36133,0.20594,-1.18862,-3.15025,0.10519,-2.85347,-3.28697,3.19558,0.73838,4.34846,1.72319,20.51287,5.56210,29.91945,12.19071,-0.01160,0.00877,0.00654,-0.02776,1.30060,0.04202,1.40448,1.19105,1.01704,0.05784,1.16005,0.83769,2.31931,0.00180,2.32124,2.31235,-4.66938,1.29038,-1.87490,-7.60384,-2.07950,0.00009,-2.07933,-2.07965,0.00023,0.00014,0.00054,0.00000,-2.07934,0.00010,-2.07917,-2.07952,-2.07967,0.00017,-2.07944,-2.07995,1.58058,0.20373,2.45437,1.00222,0.63276,0.07830,0.99809,0.50101,2.09131,1.13799,6.27239,0.27500
10,590.7900128364563,90112,0.29841,75.43534,nan,321.68504,28.76497,240.14009,996.04688,-0.22183,0.73158,0.69862,-1.74533,0.42514,0.03726,0.60830,0.36172,1.13407,0.74422,2.35677,-0.62814,-1.39328,0.72546,-0.30220,-2.94872,0.29761,0.37664,2.94513,0.12743,8.97088,11.01991,49.43396,0.09875,-0.01483,0.01034,0.01356,-0.04273,1.30546,0.04401,1.42237,1.15596,1.01079,0.06212,1.22741,0.84869,2.32094,0.00382,2.32807,2.30801,-4.56155,1.29861,-1.64207,-8.83110,-2.08036,0.00171,-2.07818,-2.08314,0.00662,0.00276,0.01032,0.00054,-2.07568,0.00117,-2.07403,-2.07917,-2.08504,0.00347,-2.07994,-2.09044,1.68471,0.33301,3.34828,1.00108,0.59411,0.13662,0.99850,0.32618,3.17094,2.03949,13.94409,0.33786
20,477.29836678504944,172032,21.26056,589.59718,22.78372,330.39729,28.83110,117.86523,383.65625,0.53437,0.21483,0.94911,-0.03824,1.87629,0.71905,3.56360,0.36982,3.29939,1.53262,10.83569,1.83218,-16.05408,6.29597,0.02519,-25.03898,3.66148,2.22111,11.67748,0.12983,51.00030,60.24511,353.01233,0.06402,0.00229,0.00900,0.02920,-0.03855,1.31835,0.04489,1.45122,1.15394,1.00641,0.06171,1.18783,0.83592,2.32528,0.00256,2.33041,2.30983,-4.57043,1.22271,-1.85052,-8.57033,-2.08260,0.00082,-2.08123,-2.08425,0.01157,0.00082,0.01301,0.01033,-2.07442,0.00133,-2.07215,-2.07661,-2.09079,0.00049,-2.08966,-2.09188,1.74335,0.44581,4.13638,1.00652,0.57394,0.13870,0.99437,0.19740,2.89215,1.55652,12.51169,0.39741
30,606.036071062088,253952,72.67191,1036.27688,56.67752,335.39535,29.09842,241.33857,539.43750,0.41377,0.22656,1.01611,-0.17083,2.37346,0.38093,3.49450,1.40072,8.60949,3.61640,18.43148,2.98856,-20.60262,5.73678,-7.95654,-33.04814,5.01603,1.79589,12.99883,1.72532,131.01445,99.74384,598.37537,12.28418,0.00696,0.00767,0.05378,-0.00940,1.30889,0.04371,1.44278,1.16974,1.01836,0.06437,1.22074,0.84197,2.32258,0.00284,2.32749,2.31230,-4.72566,1.29303,-2.04378,-9.80922,-2.08123,0.00104,-2.07977,-2.08275,0.01427,0.00102,0.01560,0.01224,-2.07114,0.00169,-2.06895,-2.07333,-2.09132,0.00058,-2.09055,-2.09232,1.79228,0.51572,5.47169,1.01930,0.55885,0.14795,0.98837,0.13077,3.48577,1.75995,10.67842,0.55156
40,523.7214105129242,335872,80.62576,1518.70185,65.18691,335.33648,28.98340,159.19690,377.73438,0.47317,0.18237,1.01607,-0.01842,2.68895,0.49606,4.07583,1.58678,13.21433,4.69500,24.55359,4.08398,-22.81615,7.20506,-7.52033,-40.02893,6.61856,2.54773,16.31698,2.23981,180.10795,119.04312,704.77246,20.57343,0.00731,0.00738,0.04879,-0.00987,1.31308,0.04585,1.44230,1.17542,1.00751,0.06603,1.20548,0.81724,2.32045,0.00247,2.32386,2.30734,-4.65418,1.35899,-1.89317,-9.72545,-2.08025,0.00053,-2.07937,-2.08094,0.01552,0.00065,0.01655,0.01415,-2.06927,0.00078,-2.06799,-2.07066,-2.09122,0.00061,-2.09041,-2.09256,1.77707,0.48238,8.21006,1.02290,0.55124,0.13371,0.98410,0.19704,3.90985,2.01156,15.02244,0.47677
50,530.8158333301544,417792,88.42978,1556.99901,78.29558,334.38181,28.58062,167.43106,410.98438,0.22757,0.20201,0.67335,-0.38173,2.69017,0.55057,4.62493,1.55830,13.18920,5.75423,26.73575,4.16873,-24.36318,8.92914,-6.89129,-45.17496,6.19370,2.79782,17.39677,2.16490,212.86403,132.47282,600.59857,27.28278,0.00763,0.00857,0.05761,-0.01552,1.30844,0.04651,1.43301,1.14654,1.01108,0.06608,1.24125,0.79783,2.31766,0.00231,2.32174,2.30846,-4.62523,1.46029,-2.01846,-11.86656,-2.07883,0.00049,-2.07831,-2.07983,0.01549,0.00053,0.01633,0.01427,-2.06788,0.00037,-2.06721,-2.06844,-2.08978,0.00080,-2.08852,-2.09135,1.80358,0.42900,3.90715,1.01651,0.53450,0.13611,0.99133,0.15107,4.06476,2.15589,12.35915,0.90457
60,474.94701623916626,499712,91.46481,2115.71963,77.85361,335.53032,29.17636,109.84157,329.79688,0.28541,0.23328,0.96888,-0.22820,2.44022,0.46798,3.89242,1.54172,10.68361,4.15016,21.60514,3.42206,-20.79326,8.48146,-6.89363,-39.70712,5.13879,1.93219,13.16156,1.59872,208.85842,129.16512,635.33130,26.07434,0.00684,0.00710,0.03762,-0.00886,1.30863,0.04497,1.43092,1.18681,1.01454,0.06106,1.19505,0.85861,2.31500,0.00259,2.31969,2.29893,-4.66608,1.16920,-1.75633,-9.50521,-2.07734,0.00101,-2.07553,-2.07882,0.01980,0.00206,0.02365,0.01570,-2.06334,0.00239,-2.05887,-2.06770,-2.09135,0.00074,-2.08987,-2.09233,1.87048,0.43834,4.61920,1.02256,0.50100,0.14053,0.97432,0.10857,4.27428,2.02305,12.56059,0.72483
70,479.56161737442017,581632,93.00195,2105.35442,86.11641,336.23314,28.89581,114.24008,351.21875,0.07554,0.19481,0.57985,-0.53184,2.56337,0.47128,4.35464,1.55346,12.42116,7.14254,35.75399,3.21764,-21.42002,8.37396,-8.00177,-48.87706,5.06115,1.88203,13.51998,1.83406,225.59396,149.96690,969.35712,29.97613,0.00968,0.00922,0.06282,-0.01244,1.29288,0.04139,1.41599,1.18221,1.01648,0.05791,1.17580,0.84728,2.30763,0.00234,2.31307,2.29758,-4.64174,1.26638,-2.18774,-8.89006,-2.07376,0.00074,-2.07271,-2.07569,0.02523,0.00203,0.02851,0.02266,-2.05592,0.00210,-2.05264,-2.05946,-2.09160,0.00090,-2.09025,-2.09319,2.10362,0.78671,12.61482,1.00945,0.45734,0.14409,0.99435,0.12215,4.79138,2.36630,14.56004,1.06708
80,477.2745454311371,663552,98.58158,2150.41936,91.81507,337.01295,28.82574,111.34020,321.85938,0.01753,0.21352,0.73590,-0.59553,2.35608,0.38947,3.62392,1.62640,12.61844,7.89083,41.02584,3.77675,-18.80475,9.53796,-7.11863,-47.53288,4.75035,1.69143,12.03363,1.95086,235.89539,167.22768,991.01904,25.94928,0.00830,0.00816,0.03812,-0.01000,1.28163,0.04368,1.40013,1.14584,1.01993,0.06179,1.19186,0.86598,2.30145,0.00307,2.30769,2.28834,-4.59608,1.16679,-2.27479,-9.70571,-2.07069,0.00120,-2.06880,-2.07278,0.02814,0.00041,0.02892,0.02732,-2.05079,0.00142,-2.04862,-2.05307,-2.09059,0.00102,-2.08886,-2.09250,2.06089,0.56440,6.64158,1.04451,0.45403,0.13582,0.96917,0.13149,4.70676,2.30776,14.60034,0.95206
90,528.9468245506287,745472,84.61581,1935.47960,91.89165,338.95806,28.76703,161.13244,376.45312,0.16151,0.19461,0.63977,-0.46816,2.55106,0.48455,4.21117,1.56885,16.24901,7.49118,37.99767,4.33294,-20.00921,8.88081,-6.55483,-42.75048,5.42256,2.14535,17.78750,2.20171,216.72920,133.97498,870.81836,35.83957,0.00802,0.00794,0.04055,-0.01181,1.28365,0.04602,1.42262,1.13733,1.01551,0.06071,1.21746,0.85623,2.29672,0.00221,2.30130,2.28623,-4.63961,1.23475,-2.28619,-9.05989,-2.06829,0.00060,-2.06747,-2.06963,0.02768,0.00089,0.02975,0.02650,-2.04872,0.00088,-2.04724,-2.05017,-2.08786,0.00087,-2.08624,-2.08932,2.13148,0.73560,9.61533,1.03295,0.43347,0.15396,0.95597,0.06376,4.37802,2.06080,14.40674,0.76035
100,584.6463079452515,827392,90.20316,1342.53757,81.99742,341.10778,28.86834,214.57474,426.60938,0.06784,0.16263,0.52590,-0.28554,2.35231,0.47571,3.99918,1.58180,11.42679,7.08812,32.54584,3.32121,-19.17985,7.97900,-8.66688,-45.78413,4.70225,1.63172,12.63109,2.38113,202.77699,128.75262,699.96228,16.33212,0.00761,0.00748,0.03211,-0.01027,1.27082,0.04430,1.39929,1.10921,1.01455,0.06216,1.23410,0.86183,2.29037,0.00344,2.29693,2.27299,-4.57812,1.31894,-2.26236,-11.45749,-2.06524,0.00129,-2.06205,-2.06748,0.02469,0.00102,0.02649,0.02328,-2.04777,0.00074,-2.04552,-2.04888,-2.08270,0.00196,-2.07859,-2.08621,2.21556,0.72199,7.83896,1.02793,0.42611,0.15344,0.97312,0.05031,3.91332,1.84983,10.98574,1.01214
110,610.7071757316589,909312,96.87522,1418.95452,85.83463,342.53720,29.04867,239.03201,383.32812,-0.04422,0.22697,0.41321,-0.85112,2.40660,0.54248,4.11644,1.31039,13.02210,7.93996,34.22890,2.77971,-21.02349,9.30997,-5.77859,-49.18304,4.91140,2.28713,15.84948,1.37808,208.21182,155.41950,990.04779,19.70330,0.00764,0.00831,0.05289,-0.01080,1.26844,0.04828,1.40112,1.13543,1.01423,0.06605,1.23836,0.84626,2.28079,0.00244,2.28611,2.27073,-4.58970,1.27001,-2.19370,-9.05805,-2.06031,0.00074,-2.05866,-2.06203,0.02495,0.00102,0.02640,0.02311,-2.04267,0.00130,-2.04050,-2.04549,-2.07795,0.00065,-2.07678,-2.07912,2.24465,0.87356,7.41666,1.02611,0.42205,0.16671,0.96533,0.04491,3.64137,1.67511,9.01042,0.79720
120,618.5298504829407,991232,84.23654,1349.05064,84.35122,342.59709,29.02939,246.81185,610.15625,-0.09584,0.14554,0.20527,-0.64764,2.12238,0.42867,3.53967,1.10564,9.54521,5.60210,28.99037,2.55913,-18.26030,6.99683,-7.00717,-43.86386,3.78852,1.48931,10.47355,0.77675,187.96841,144.67023,863.56744,17.15101,0.00700,0.00822,0.03909,-0.01112,1.25833,0.04478,1.38194,1.10158,1.01205,0.05971,1.22056,0.84540,2.27108,0.00447,2.27926,2.25450,-4.56635,1.16944,-2.03202,-10.01953,-2.05545,0.00197,-2.05214,-2.05867,0.02381,0.00090,0.02574,0.02180,-2.03861,0.00155,-2.03661,-2.04091,-2.07228,0.00249,-2.06756,-2.07680,2.18809,0.74987,7.09364,1.02617,0.43028,0.14699,0.97705,0.10123,3.55768,1.65052,10.31686,0.82290
130,617.8349771499634,1073152,83.60691,1552.33373,89.23289,342.38630,29.02313,246.30742,600.01562,-0.16583,0.15912,0.36300,-0.64268,2.07776,0.47092,4.00576,1.34424,10.06726,7.34427,46.05220,2.44208,-17.49710,7.63658,-7.45773,-46.88733,3.62868,1.67388,15.34735,1.57160,178.84815,130.17423,1069.71191,19.26870,0.00772,0.00909,0.05852,-0.00982,1.24604,0.04724,1.38807,1.11010,1.01516,0.06158,1.20047,0.82659,2.26181,0.00241,2.26621,2.25138,-4.63663,1.22578,-1.90954,-8.76310,-2.05085,0.00067,-2.04990,-2.05213,0.01884,0.00142,0.02182,0.01685,-2.03753,0.00104,-2.03512,-2.03920,-2.06417,0.00135,-2.06242,-2.06755,2.29144,1.04416,11.04315,1.01752,0.41943,0.16537,0.98541,0.01643,3.57760,1.66764,12.94897,0.95963
140,542.3260753154755,1155072,94.83810,2693.37130,97.32445,341.97500,28.97622,171.27380,276.60938,0.08863,0.17597,0.81442,-0.37487,2.29618,0.41119,4.07986,1.33714,11.81222,6.46571,30.29657,3.68934,-18.90838,8.67739,-7.10263,-47.90963,4.29917,1.42143,11.58587,1.73019,194.07497,130.62932,809.38086,19.27018,0.00720,0.00810,0.03661,-0.01287,1.24915,0.04805,1.40568,1.10853,1.01298,0.06664,1.25130,0.82975,2.25853,0.00201,2.26152,2.24830,-4.67902,1.28389,-2.10910,-8.76818,-2.04918,0.00031,-2.04852,-2.04988,0.02246,0.00050,0.02344,0.02093,-2.03330,0.00055,-2.03246,-2.03508,-2.06506,0.00038,-2.06451,-2.06585,2.06176,0.54328,4.81786,1.03519,0.44214,0.14570,0.97851,0.06974,4.00950,1.77238,11.38166,1.22347
150,580.3690106868744,1236992,99.51531,2500.25360,93.09992,344.44722,28.90943,206.82123,326.45312,0.14783,0.19443,0.66673,-0.40446,2.62927,0.46786,3.95534,1.69435,12.96315,8.07130,38.31970,4.11985,-21.24492,10.48023,-7.37779,-50.42295,5.43193,1.89780,14.07440,2.55863,271.63856,173.49527,1081.76819,43.63263,0.00798,0.00903,0.04334,-0.01434,1.24719,0.04795,1.38868,1.07023,1.01469,0.06761,1.24400,0.80560,2.25605,0.00318,2.26121,2.24488,-4.79830,1.25641,-2.46761,-8.71402,-2.04802,0.00115,-2.04542,-2.04958,0.02427,0.00114,0.02620,0.02214,-2.03086,0.00190,-2.02709,-2.03393,-2.06518,0.00058,-2.06375,-2.06635,2.12740,0.72108,7.67514,1.04484,0.43977,0.14906,0.94595,0.03028,5.11973,2.40997,14.31521,1.47656
160,550.5883526802063,1318912,94.43424,2844.83255,94.54786,343.11034,28.96823,178.31438,287.84375,-0.04384,0.24598,0.84554,-0.62548,2.65461,0.54140,4.46596,1.71539,15.11015,10.00307,41.99006,4.08441,-23.28497,12.36468,-7.91425,-61.21741,5.37273,2.16016,17.46035,2.31499,259.50783,170.91522,927.13434,32.09668,0.00765,0.00923,0.05571,-0.01226,1.23526,0.04627,1.36266,1.06733,1.00993,0.06335,1.25714,0.86432,2.24828,0.00227,2.25259,2.23482,-4.65994,1.30199,-2.25968,-9.81307,-2.04402,0.00065,-2.04273,-2.04540,0.02477,0.00062,0.02609,0.02362,-2.02650,0.00031,-2.02592,-2.02724,-2.06153,0.00107,-2.05943,-2.06374,2.20979,0.76349,9.30740,1.02859,0.41260,0.14550,0.95625,0.07606,4.73210,2.24533,14.67579,1.18179
170,540.0061032772064,1400832,95.88405,3100.97165,94.56645,344.72971,28.88768,166.18705,302.26562,-0.00833,0.19938,0.41916,-0.64370,2.60468,0.52543,4.68086,1.75065,15.71452,8.83161,47.28230,4.60793,-20.21643,11.31854,-6.13834,-55.99545,5.32411,2.31734,20.42035,2.36666,266.34761,180.28313,1293.97742,32.19646,0.00720,0.00774,0.03166,-0.01477,1.23884,0.04559,1.38574,1.08020,1.00567,0.06134,1.16784,0.84364,2.24655,0.00232,2.25122,2.23713,-4.59063,1.26695,-2.08352,-9.36027,-2.04325,0.00064,-2.04242,-2.04466,0.02317,0.00150,0.02610,0.02086,-2.02687,0.00064,-2.02602,-2.02831,-2.05963,0.00163,-2.05722,-2.06310,2.14448,0.66463,7.10585,1.02616,0.43340,0.14779,0.96775,0.07328,5.46278,2.38462,13.91954,1.23052
180,550.5172789096832,1482752,100.81735,2632.84901,92.76477,344.07175,29.06572,177.27933,273.96875,0.06195,0.16621,0.50950,-0.35685,2.44572,0.61000,4.79616,1.46108,14.68918,9.16694,52.69922,3.91934,-20.91364,11.33331,-7.27132,-60.22201,4.57660,2.51315,18.61387,1.72997,242.53870,146.44958,897.06250,33.63937,0.00869,0.00898,0.04971,-0.01158,1.22052,0.04575,1.35294,1.08523,1.02067,0.06534,1.27082,0.84969,2.24270,0.00261,2.24836,2.23235,-4.80825,1.42975,-2.27706,-12.40286,-2.04125,0.00097,-2.03963,-2.04315,0.02138,0.00051,0.02241,0.02054,-2.02614,0.00127,-2.02392,-2.02836,-2.05637,0.00072,-2.05521,-2.05794,2.27636,0.73834,7.56379,1.03972,0.39034,0.15841,0.94641,0.01917,5.65879,2.43815,16.81809,1.51492
190,529.4241535663605,1564672,105.90206,2567.75938,88.79625,342.12300,28.77188,158.32885,281.54688,-0.03772,0.20013,0.58518,-0.52195,2.92574,0.59640,4.66785,1.77148,17.66490,10.37500,45.31703,4.63368,-25.84128,11.20393,-7.10290,-53.17903,5.71906,2.51262,17.62146,2.32308,255.05030,165.06647,1160.71777,37.03525,0.00766,0.00861,0.04655,-0.01521,1.21577,0.04728,1.34852,1.07987,1.01293,0.06107,1.17961,0.77169,2.23629,0.00405,2.24403,2.22601,-4.56410,1.22711,-1.49528,-9.14365,-2.03806,0.00176,-2.03578,-2.04099,0.01799,0.00198,0.02222,0.01519,-2.02534,0.00056,-2.02418,-2.02634,-2.05078,0.00313,-2.04677,-2.05644,2.33034,0.75508,7.68787,1.03081,0.38323,0.15873,0.98371,0.01078,5.05241,2.29222,16.32440,1.40215
200,596.078179359436,1646592,103.85244,2357.53726,103.24358,342.46610,28.78868,224.72853,356.76562,0.12472,0.16522,0.69279,-0.64528,2.90493,0.67111,5.56367,1.80480,17.91010,9.27192,47.01237,4.94459,-22.54334,11.61536,-6.87730,-48.47277,5.95452,2.66117,18.84761,2.64208,217.20134,128.21251,947.34863,36.59944,0.01089,0.01016,0.06915,-0.01235,1.21603,0.04768,1.34044,1.03496,1.02002,0.06463,1.21867,0.85961,2.22985,0.00230,2.23459,2.21817,-4.80213,1.38722,-2.17103,-11.72448,-2.03489,0.00062,-2.03395,-2.03632,0.01057,0.00197,0.01517,0.00801,-2.02742,0.00083,-2.02559,-2.02862,-2.04237,0.00199,-2.03974,-2.04705,2.49519,0.95977,9.99832,1.06551,0.36316,0.14996,0.94978,0.04014,6.00589,2.58860,21.10420,1.38771
210,619.2708015441895,1728512,106.96205,1935.13433,95.06951,341.10569,28.71806,249.35474,410.37500,0.25239,0.20243,0.73489,-0.34008,2.41730,0.48051,4.16561,1.51123,16.37098,8.06467,42.29698,4.88949,-19.70839,11.18057,-6.46725,-53.31485,4.10447,1.74722,13.54259,1.59208,185.53736,128.00501,781.43994,31.57648,0.00819,0.00866,0.04200,-0.01311,1.20905,0.04354,1.33842,1.08953,1.01551,0.06318,1.20339,0.84309,2.22582,0.00234,2.23008,2.21781,-4.75479,1.26798,-2.28313,-9.25998,-2.03277,0.00079,-2.03092,-2.03404,0.00982,0.00062,0.01080,0.00843,-2.02582,0.00106,-2.02357,-2.02756,-2.03971,0.00071,-2.03823,-2.04070,2.32278,0.97356,9.45469,1.04845,0.39889,0.15653,0.96075,0.02483,5.14399,2.23761,14.07932,1.16691
220,504.2964415550232,1810432,104.67162,3412.20074,96.27330,343.11874,29.03632,131.95459,277.73438,0.08445,0.21142,0.65364,-0.64443,2.87834,0.65523,4.90847,1.54685,19.02842,9.62391,43.73123,4.33698,-24.09444,11.31595,-7.02858,-56.00794,6.03400,2.97422,18.05509,1.88391,214.67271,142.96184,917.98749,26.06894,0.00891,0.00908,0.04192,-0.01397,1.20029,0.04595,1.30931,1.06648,1.03009,0.06218,1.20069,0.86879,2.22384,0.00220,2.22705,2.21275,-4.87164,1.37256,-2.12904,-12.00055,-2.03187,0.00044,-2.03065,-2.03250,0.01040,0.00052,0.01149,0.00905,-2.02451,0.00043,-2.02370,-2.02541,-2.03922,0.00069,-2.03706,-2.04010,2.47846,1.01788,9.96358,1.04592,0.35400,0.16445,0.95532,0.00388,5.08890,2.13180,15.65534,1.33656
230,481.35183930397034,1892352,94.54117,3299.11189,104.75913,342.14173,28.83900,110.28072,253.89062,-0.05699,0.26727,0.84094,-0.68337,3.18228,0.63727,5.15664,1.78612,19.89999,10.09934,55.39610,5.50037,-28.10970,13.00751,-5.38171,-56.78286,6.84654,3.19204,20.86386,2.25525,241.01699,167.24727,1039.95398,32.85394,0.00828,0.00898,0.06949,-0.01114,1.20128,0.04408,1.31989,1.06713,1.01985,0.06328,1.24534,0.82985,2.21859,0.00314,2.22401,2.20607,-4.80872,1.31551,-2.43026,-8.71272,-2.02919,0.00128,-2.02746,-2.03101,0.00925,0.00091,0.01056,0.00712,-2.02265,0.00173,-2.02023,-2.02499,-2.03573,0.00105,-2.03334,-2.03717,2.28810,0.97086,14.82677,1.05292,0.39338,0.15186,0.95050,0.08293,5.64749,2.46059,18.87150,1.58717
240,614.2949709892273,1974272,107.00530,2275.78462,121.44335,344.78903,28.90759,240.39803,362.84375,0.26516,0.24331,0.91677,-0.19606,2.89038,0.71252,5.19789,1.62450,20.91313,10.37867,45.55279,5.34975,-21.79149,12.92669,-4.79486,-59.07866,5.97766,3.57330,23.53722,1.84823,212.96284,130.08916,840.99756,41.36515,0.00889,0.00871,0.04443,-0.01211,1.20152,0.04661,1.33682,1.05539,1.01748,0.06506,1.25498,0.84267,2.21466,0.00265,2.21872,2.19787,-4.74813,1.25561,-2.08963,-9.67530,-2.02728,0.00080,-2.02596,-2.02838,0.00846,0.00053,0.00980,0.00711,-2.02130,0.00105,-2.01917,-2.02329,-2.03326,0.00067,-2.03231,-2.03443,2.35468,0.88090,10.51569,1.02952,0.37114,0.15769,0.96966,0.01606,5.59312,2.34267,15.37927,1.36874
250,501.4164197444916,2056192,94.34426,2955.64681,114.59275,342.57766,29.11926,129.62297,262.78125,0.11182,0.23029,0.70721,-0.54021,2.82127,0.59080,4.53931,1.56124,18.17078,8.14675,41.85883,4.76383,-25.83322,13.94925,-6.94954,-60.42703,5.74923,2.50752,17.86687,1.95447,218.48082,152.42427,995.52911,27.07967,0.00914,0.01013,0.08064,-0.01454,1.19121,0.04591,1.30451,1.04645,1.01655,0.06188,1.21653,0.85115,2.20583,0.00421,2.21449,2.18706,-4.59217,1.19923,-2.33611,-11.32312,-2.02275,0.00194,-2.02060,-2.02624,0.00995,0.00044,0.01066,0.00906,-2.01571,0.00207,-2.01349,-2.01932,-2.02978,0.00185,-2.02751,-2.03318,2.53685,1.44361,18.73866,1.04687,0.36054,0.17305,0.94841,0.00000,5.55185,2.35720,14.39543,1.69361
260,622.9879457950592,2138112,105.30075,2025.80122,108.28637,343.32886,29.23698,250.33170,436.12500,0.01563,0.18534,0.53986,-0.64295,3.30847,0.62161,5.32938,2.10522,19.62165,9.88920,54.89734,5.15030,-32.47674,11.44117,-8.67338,-56.50669,7.96571,3.50319,28.32563,2.49775,233.58728,119.27586,863.84332,49.17459,0.01040,0.00957,0.05283,-0.01067,1.17739,0.04463,1.30338,1.03170,1.02450,0.06041,1.24125,0.85366,2.20188,0.00250,2.20625,2.18860,-4.82573,1.23114,-2.33864,-10.30044,-2.02092,0.00072,-2.01965,-2.02210,0.00718,0.00101,0.00908,0.00576,-2.01585,0.00100,-2.01420,-2.01742,-2.02600,0.00103,-2.02427,-2.02808,2.63500,2.47496,52.30294,1.05996,0.33767,0.15983,0.94178,0.00974,5.56970,2.52820,21.73974,1.48723
270,610.5460851192474,2220032,121.39809,2624.47244,113.57685,344.02675,29.03846,237.37752,373.17188,0.15567,0.20210,0.71157,-0.37436,3.11860,0.51428,5.34655,1.96331,21.46990,8.83495,43.62410,5.98772,-25.68869,11.12674,-7.52840,-57.82372,6.83627,2.88253,27.08212,2.13720,211.76347,120.57746,936.74396,32.82865,0.00995,0.01211,0.12764,-0.01927,1.17808,0.04734,1.29905,1.02156,1.02087,0.06548,1.20762,0.85510,2.19843,0.00335,2.20501,2.18677,-4.84258,1.35420,-2.37200,-10.15675,-2.01917,0.00136,-2.01663,-2.02182,0.00929,0.00169,0.01137,0.00651,-2.01260,0.00245,-2.00869,-2.01722,-2.02573,0.00073,-2.02440,-2.02713,2.61616,1.22800,11.26902,1.02297,0.34772,0.16768,0.96713,0.01450,5.54769,2.72281,24.39371,1.74653
280,625.038143157959,2301952,116.00176,2716.14004,101.38529,345.33697,28.83198,250.77348,376.35938,0.08133,0.19745,0.61669,-0.52599,2.96066,0.57766,4.69181,1.68892,20.10219,10.68650,48.44055,3.99978,-26.35109,12.60880,-7.15151,-58.41277,5.98409,2.91937,20.20312,2.04126,229.35153,151.33735,1244.11230,45.68265,0.00712,0.00917,0.03750,-0.01518,1.17351,0.04569,1.29969,1.03360,1.01201,0.06120,1.20917,0.85592,2.19055,0.00238,2.19518,2.18019,-4.71698,1.22190,-2.37558,-8.80160,-2.01523,0.00072,-2.01445,-2.01662,0.01038,0.00035,0.01117,0.00991,-2.00789,0.00073,-2.00702,-2.00913,-2.02256,0.00079,-2.02158,-2.02438,2.27363,0.77673,9.31340,1.03462,0.40940,0.15477,0.96320,0.01714,4.69840,2.02002,12.74806,1.33937
290,582.6148898601532,2383872,128.56422,2513.70747,110.71808,342.98138,28.94150,210.48604,360.18750,0.02774,0.23923,0.65293,-0.72124,3.05345,0.61314,5.23373,1.76459,16.57196,8.40036,49.30345,4.33666,-29.16230,11.84320,-7.87941,-59.47269,6.31691,3.24408,20.53997,2.33148,234.10557,164.65503,1419.00012,38.04320,0.00775,0.00848,0.03936,-0.01370,1.17308,0.04614,1.29472,1.04095,1.01797,0.06836,1.25361,0.84188,2.18630,0.00387,2.19253,2.16677,-4.86571,1.40693,-2.18869,-10.26263,-2.01303,0.00159,-2.01020,-2.01527,0.00993,0.00133,0.01159,0.00759,-2.00601,0.00080,-2.00446,-2.00755,-2.02005,0.00249,-2.01568,-2.02301,2.23076,0.77439,10.03473,1.05228,0.40329,0.15514,0.95461,0.03397,5.05626,2.17746,13.80561,1.23792
300,622.2833044528961,2465792,116.93893,2625.44300,109.79457,343.09122,28.83370,250.25746,395.65625,0.03484,0.19109,0.50027,-0.45226,2.85534,0.58286,4.55698,1.81777,21.09655,10.94396,49.57610,4.46485,-21.71524,10.77686,-7.01258,-52.53683,5.49572,2.60230,15.83292,1.94104,188.58714,123.12652,777.57703,25.69067,0.00819,0.00974,0.04519,-0.01838,1.16185,0.04435,1.29040,0.99724,1.01930,0.06514,1.26775,0.84460,2.17849,0.00222,2.18254,2.16826,-4.85917,1.37556,-2.45345,-11.51044,-2.00917,0.00056,-2.00818,-2.01026,0.00764,0.00124,0.00940,0.00557,-2.00376,0.00063,-2.00260,-2.00471,-2.01457,0.00133,-2.01215,-2.01650,2.28704,0.79610,9.38006,1.05289,0.39767,0.15067,0.94287,0.03626,5.50355,2.53408,15.33166,1.39949
310,601.6960685253143,2547712,106.10068,2143.67621,110.73537,340.33196,35.97449,225.28785,360.89062,-0.13192,0.27572,0.70750,-0.95560,3.34404,0.76012,6.09008,1.48058,18.63444,9.12577,46.37859,3.72139,-31.96960,13.63383,-6.03260,-63.57965,7.69726,4.40540,27.00269,1.77688,227.06180,140.56594,1148.69458,35.48904,0.00731,0.00924,0.04796,-0.01362,1.15253,0.04635,1.26649,1.02903,1.02169,0.06098,1.19878,0.84102,2.17375,0.00347,2.18089,2.15509,-4.74712,1.24061,-2.36587,-9.01190,-2.00678,0.00144,-2.00493,-2.00953,0.00649,0.00042,0.00750,0.00576,-2.00218,0.00146,-1.99996,-2.00497,-2.01137,0.00149,-2.00951,-2.01416,2.20091,0.78524,9.28015,1.02856,0.40878,0.15535,0.97192,0.05277,5.08530,2.30600,13.58925,1.31413
320,593.4650504589081,2629632,100.89294,2669.88961,102.18481,341.78028,48.61004,202.98428,350.95312,-0.12163,0.18713,0.23887,-0.66175,2.65591,0.52757,4.33220,1.63105,17.09013,8.77229,45.77601,4.45517,-22.55277,12.29868,-6.06991,-56.35033,5.37487,2.48975,17.16602,2.08773,175.21942,98.33041,728.62036,43.98568,0.00602,0.00879,0.04209,-0.01675,1.15231,0.04323,1.29025,1.02523,1.00898,0.05738,1.17328,0.82734,2.16594,0.00333,2.17289,2.15722,-4.76071,1.27009,-2.15792,-10.25347,-2.00285,0.00138,-2.00093,-2.00542,0.00703,0.00059,0.00822,0.00597,-1.99788,0.00107,-1.99609,-2.00005,-2.00782,0.00173,-2.00577,-2.01092,2.06370,0.60618,5.30431,1.02964,0.44012,0.15123,0.96160,0.08469,4.63942,2.02238,17.91657,0.99901
330,645.5529839992523,2711552,119.21004,2082.68422,107.42535,342.50998,54.45618,248.48881,432.81250,0.01137,0.22175,0.49408,-0.78618,3.00424,0.56003,4.84455,1.95278,18.67646,10.43178,49.94172,5.02253,-27.55946,12.17737,-8.58928,-57.70874,6.11411,2.87758,19.20608,2.91011,194.18694,111.84000,660.01093,37.05215,0.00557,0.00776,0.02827,-0.01337,1.15067,0.04665,1.27255,0.99216,1.00960,0.06414,1.21502,0.85712,2.16192,0.00302,2.16804,2.14997,-4.76849,1.39470,-2.05758,-11.20184,-2.00088,0.00109,-1.99898,-2.00302,0.00741,0.00074,0.00831,0.00549,-1.99564,0.00073,-1.99450,-1.99716,-2.00612,0.00154,-2.00293,-2.00889,2.09619,0.66549,9.77181,1.02895,0.44481,0.14681,0.96669,0.02557,4.22028,1.68429,10.51727,1.02368
340,628.1183664798737,2793472,106.34992,1865.08549,126.04051,342.09204,36.61437,249.29233,383.09375,0.05376,0.29616,0.69983,-0.92838,2.65346,0.78676,5.51417,1.29650,16.69789,9.47605,40.43569,3.11983,-25.33672,14.90661,-5.91767,-58.72714,5.17384,3.60326,29.82121,1.18313,187.49769,134.01059,915.29590,26.97743,0.00743,0.00989,0.05721,-0.01497,1.13995,0.04558,1.27644,1.01368,1.01060,0.06541,1.22829,0.85661,2.15293,0.00382,2.15998,2.13732,-4.68662,1.24370,-2.45666,-8.35782,-1.99641,0.00166,-1.99320,-1.99898,0.00796,0.00134,0.01076,0.00592,-1.99078,0.00260,-1.98585,-1.99471,-2.00203,0.00075,-2.00025,-2.00343,2.23779,0.66795,6.23880,1.02572,0.39215,0.15647,0.97805,0.01303,4.61378,1.90208,14.26996,1.14463
350,540.3601622581482,2875392,117.60383,2957.21322,99.26430,342.84390,30.78343,166.62783,345.67188,0.04389,0.21952,0.61486,-0.74254,3.13136,0.65718,5.63940,1.86211,19.04899,8.94930,48.41460,5.15244,-28.11968,13.37815,-9.39658,-57.73852,6.58664,3.60037,28.45827,2.27990,240.82694,185.66532,1541.81616,31.39781,0.00649,0.00878,0.04831,-0.01690,1.12986,0.04688,1.28543,0.96390,1.01352,0.06568,1.18567,0.84247,2.14429,0.00251,2.14939,2.13428,-4.70599,1.33898,-2.48958,-11.46397,-1.99209,0.00081,-1.99088,-1.99367,0.01193,0.00061,0.01283,0.01080,-1.98366,0.00118,-1.98211,-1.98583,-2.00053,0.00053,-1.99965,-2.00172,2.30143,0.82096,10.10035,1.02101,0.39224,0.15213,0.97562,0.04289,4.72435,2.05916,15.07912,1.11627
360,608.9512801170349,2957312,130.89094,2358.96839,119.69295,341.77562,30.49441,236.57430,369.12500,0.17949,0.21807,0.69322,-0.53560,2.86686,0.88738,6.43387,1.40322,17.90986,9.87701,46.35804,4.10556,-25.39980,13.22681,-8.23031,-54.41293,5.91488,3.85405,23.72052,1.52059,201.67411,143.40857,865.16675,21.13245,0.00646,0.00929,0.04759,-0.01433,1.12611,0.04731,1.25398,0.98578,1.01109,0.06436,1.17443,0.86160,2.13937,0.00225,2.14363,2.12697,-4.76641,1.30575,-2.32347,-9.68729,-1.98964,0.00055,-1.98855,-1.99088,0.01125,0.00055,0.01240,0.01034,-1.98168,0.00063,-1.98040,-1.98258,-1.99760,0.00071,-1.99586,-1.99963,2.18400,0.65346,6.47937,1.02344,0.40501,0.15811,0.95476,0.01184,4.74626,2.08353,14.65280,1.20437
370,597.5149817466736,3039232,107.95851,2306.56932,96.34283,341.25505,30.01799,226.14716,351.28125,0.15827,0.19929,0.76025,-0.44820,2.90492,0.66764,4.98776,1.61780,21.19274,11.50609,50.98403,4.97684,-25.08361,11.68107,-8.13941,-56.02999,5.94348,3.22642,20.33215,1.78743,201.21846,149.46031,1061.91101,30.38791,0.00698,0.00885,0.04044,-0.01338,1.12113,0.04696,1.26548,0.93687,1.01157,0.06393,1.26271,0.82745,2.13024,0.00374,2.13870,2.11674,-4.73160,1.20312,-2.10542,-9.52610,-1.98507,0.00158,-1.98330,-1.98853,0.00950,0.00061,0.01060,0.00852,-1.97836,0.00156,-1.97626,-1.98122,-1.99179,0.00170,-1.98984,-1.99584,2.32104,0.80978,9.86127,1.04760,0.37900,0.16095,0.95524,0.01447,4.70642,1.97654,19.19443,1.36153
380,618.5236089229584,3121152,118.83088,2604.33082,113.62249,342.75003,30.17877,245.50277,407.14062,0.12076,0.19259,0.70233,-0.51415,3.12402,0.72312,5.33643,1.77490,17.01655,9.50357,55.38002,5.47028,-29.61863,13.53687,-8.31595,-65.09531,6.59754,3.53340,23.97996,2.35820,189.56123,145.92130,1219.44385,32.35898,0.00641,0.00965,0.05472,-0.01754,1.10748,0.04692,1.22632,0.94091,1.02051,0.06295,1.24026,0.87451,2.12731,0.00241,2.13169,2.11616,-4.86936,1.31543,-2.61441,-9.59493,-1.98357,0.00064,-1.98238,-1.98484,0.01193,0.00132,0.01505,0.00965,-1.97513,0.00149,-1.97175,-1.97775,-1.99200,0.00059,-1.99090,-1.99312,2.24651,0.71142,6.46556,1.03884,0.38745,0.15738,0.96488,0.03517,4.88733,2.12269,19.88134,1.57936
390,632.2351896762848,3203072,127.14416,2555.40164,99.84412,348.35379,40.40164,243.38752,354.64062,0.09377,0.27612,0.96149,-0.54505,3.03156,0.68843,5.41419,1.64212,19.33909,10.54089,52.78017,4.78041,-27.54559,12.35680,-7.81935,-60.32627,6.16447,3.08112,23.45862,1.50661,201.82288,148.98610,1200.00488,27.68221,0.00681,0.00902,0.04486,-0.01467,1.09964,0.04194,1.21771,0.97348,1.01940,0.06212,1.26890,0.86051,2.12007,0.00314,2.12689,2.11041,-4.91578,1.29853,-2.37942,-11.94725,-1.97998,0.00126,-1.97776,-1.98239,0.01574,0.00061,0.01687,0.01458,-1.96885,0.00154,-1.96592,-1.97173,-1.99111,0.00110,-1.98961,-1.99305,2.37345,0.85303,7.41817,1.03448,0.37207,0.16345,0.95112,0.00641,4.75111,1.94592,11.70934,1.66803
400,628.379800081253,3284992,119.38142,2294.86428,147.48901,348.10457,32.52136,247.54018,350.76562,0.03601,0.21049,0.57882,-0.59397,3.02089,0.71591,5.29574,1.64720,21.64607,11.59748,57.28849,4.86809,-26.75797,13.48733,-6.94309,-59.96340,6.12038,3.52239,23.45757,1.39805,191.82622,130.84348,804.08887,30.08886,0.00617,0.00827,0.04056,-0.01371,1.10145,0.04473,1.21426,0.96462,1.01027,0.06384,1.24886,0.85310,2.11380,0.00234,2.11859,2.10526,-4.82585,1.27905,-2.49643,-9.03071,-1.97676,0.00072,-1.97572,-1.97825,0.01690,0.00076,0.01814,0.01574,-1.96482,0.00068,-1.96336,-1.96611,-1.98871,0.00107,-1.98702,-1.99041,2.19282,0.66984,7.49974,1.02399,0.39914,0.15158,0.97917,0.03713,4.76883,1.90622,11.40183,1.38252
410,598.0475599765778,3366912,130.49798,3031.59465,127.66392,344.26623,38.33120,215.34457,326.51562,0.12050,0.23328,0.94497,-0.55493,3.27788,0.84618,6.30760,1.82921,20.21352,12.27043,58.19510,5.91103,-30.76816,14.11008,-7.29551,-62.60020,7.32671,4.15246,23.45472,1.88449,229.75313,177.49823,1655.17639,37.19136,0.00657,0.00924,0.04740,-0.01602,1.09392,0.04614,1.21471,0.93129,1.01673,0.06374,1.23826,0.82067,2.11050,0.00300,2.11560,2.09965,-4.70642,1.12793,-2.23986,-9.10986,-1.97521,0.00106,-1.97369,-1.97681,0.01343,0.00196,0.01597,0.01029,-1.96571,0.00050,-1.96442,-1.96664,-1.98470,0.00242,-1.98101,-1.98744,2.38996,0.87703,7.06066,1.04030,0.36944,0.15445,0.96313,0.04005,5.22866,2.29358,17.00168,1.05884
420,583.2971558570862,3448832,126.58410,2949.78765,124.99183,343.10922,33.41353,206.66532,317.40625,0.11955,0.27542,0.82211,-0.47695,3.12544,0.71034,5.31746,1.68974,20.48980,10.91302,61.60181,4.70187,-26.75486,14.61558,-6.37157,-67.14731,6.90241,3.89283,22.49830,2.17569,226.89588,162.58895,1128.70020,37.25950,0.00665,0.00947,0.04921,-0.01618,1.08603,0.04653,1.21368,0.93530,1.02461,0.06957,1.26175,0.86688,2.10451,0.00267,2.10912,2.09190,-4.86403,1.38466,-2.47767,-11.61555,-1.97225,0.00080,-1.97102,-1.97367,0.01061,0.00045,0.01174,0.00985,-1.96474,0.00102,-1.96280,-1.96634,-1.97975,0.00066,-1.97868,-1.98100,2.32587,0.88401,9.94488,1.04604,0.37676,0.15423,0.96110,0.04434,5.22539,2.19437,13.03200,1.24142
430,496.0943994522095,3530752,123.82133,3017.11631,135.36378,343.16913,30.53504,122.29234,312.23438,-0.04625,0.24981,0.67983,-0.72039,3.37202,0.74021,5.60753,1.76752,21.35333,11.51653,50.98616,4.18235,-30.56437,13.53644,-9.23254,-66.18040,8.15920,4.29478,28.83498,2.47917,225.08320,151.29595,1022.23474,38.96304,0.00705,0.00997,0.04518,-0.01992,1.07980,0.04628,1.21593,0.92159,1.02158,0.06876,1.25476,0.83344,2.10086,0.00268,2.10493,2.08951,-4.96585,1.52810,-2.46356,-12.46036,-1.97043,0.00094,-1.96806,-1.97144,0.01008,0.00120,0.01135,0.00746,-1.96330,0.00037,-1.96174,-1.96378,-1.97756,0.00175,-1.97382,-1.97936,2.36334,0.78936,8.30712,1.02791,0.37205,0.15463,0.97673,0.01146,4.86191,2.15212,14.47519,1.72441
440,505.56024146080017,3612672,115.25187,2804.80494,122.47244,342.09302,29.94540,133.40463,296.07812,-0.05386,0.27680,0.59434,-0.68407,3.34570,0.73758,5.65904,2.04270,21.93444,11.27225,48.25460,5.30971,-30.70903,14.28219,-9.84493,-68.89394,7.56764,3.51285,27.82910,2.51563,254.48551,181.15440,1767.33484,43.04683,0.00619,0.00870,0.03999,-0.01334,1.08043,0.04608,1.24356,0.94864,1.01872,0.06354,1.22454,0.82512,2.09415,0.00212,2.09784,2.08363,-4.95476,1.26663,-2.54746,-9.28996,-1.96698,0.00049,-1.96615,-1.96804,0.00909,0.00091,0.01064,0.00719,-1.96055,0.00077,-1.95923,-1.96171,-1.97341,0.00085,-1.97124,-1.97438,2.31683,0.70176,7.15572,1.03187,0.38497,0.15956,0.95727,0.06016,5.01985,2.06967,14.24549,1.36289
450,622.2913947105408,3694592,130.88269,2589.32275,122.59072,342.63002,30.32313,249.24507,411.60938,0.35685,0.27486,1.19752,-0.42360,3.30549,0.82537,5.76553,1.50200,21.75996,10.92049,54.75394,4.87574,-31.38644,14.08470,-5.64067,-62.49903,7.78611,4.31458,28.48981,1.50191,248.37004,199.57574,1693.46777,30.31076,0.00603,0.00903,0.04397,-0.01687,1.07200,0.04446,1.19104,0.93057,1.01614,0.06098,1.18964,0.83692,2.08836,0.00281,2.09434,2.07858,-4.81826,1.20765,-2.19806,-8.94762,-1.96417,0.00105,-1.96199,-1.96615,0.00740,0.00059,0.00817,0.00652,-1.95894,0.00132,-1.95663,-1.96117,-1.96940,0.00089,-1.96728,-1.97122,2.27769,0.73313,7.21095,1.02399,0.39602,0.16636,0.95738,0.01423,5.19896,2.16213,13.02555,1.43499
460,612.2452971935272,3776512,111.36313,2563.02668,130.53633,342.43492,30.70260,239.01389,378.82812,0.21584,0.21672,0.80792,-0.37506,3.17423,0.66625,5.40676,1.91956,22.70918,13.76427,55.67833,5.41766,-27.33891,12.81710,-7.46179,-59.84460,6.99521,3.80127,26.93388,2.37501,222.25616,141.67672,931.82111,41.16744,0.00687,0.00945,0.04996,-0.01566,1.06331,0.04738,1.21042,0.90428,1.01760,0.06290,1.26023,0.85092,2.08267,0.00242,2.08619,2.07180,-4.97013,1.35335,-2.14454,-11.64784,-1.96129,0.00077,-1.95907,-1.96211,0.00909,0.00085,0.01064,0.00762,-1.95486,0.00120,-1.95230,-1.95659,-1.96772,0.00068,-1.96582,-1.96852,2.39256,0.90684,9.18983,1.03044,0.37938,0.15709,0.97427,0.03316,5.00429,2.00930,12.22847,1.41398
470,621.7545320987701,3858432,131.54258,2788.27594,113.43146,342.08366,30.95064,248.62425,354.60938,0.06592,0.19283,0.73951,-0.54594,3.30471,0.71512,6.11975,1.82188,20.97704,11.67686,55.44005,6.12489,-31.13446,12.84871,-8.86871,-59.70128,7.79356,4.31389,30.82120,2.57130,278.95481,231.41487,1804.95105,33.29280,0.00650,0.01020,0.09148,-0.01930,1.06355,0.04682,1.19877,0.94353,1.01055,0.06643,1.24046,0.83558,2.07440,0.00262,2.07980,2.06214,-4.93678,1.34357,-2.56624,-10.58634,-1.95712,0.00086,-1.95596,-1.95906,0.00849,0.00070,0.00971,0.00737,-1.95112,0.00044,-1.95036,-1.95228,-1.96312,0.00133,-1.96127,-1.96584,2.35427,0.84676,7.55164,1.03672,0.38558,0.16235,0.96432,0.00745,5.30092,2.31160,18.10620,1.54117
480,626.9786067008972,3940352,125.94818,2503.57720,123.40739,343.51088,34.32988,249.04381,403.65625,0.03992,0.20087,0.74524,-0.64689,3.22207,0.68305,6.33656,1.97180,22.09068,11.23134,58.43429,4.41978,-28.47509,13.15443,-9.47229,-61.82989,6.79563,3.62768,24.22412,2.11964,210.28176,157.92458,1228.55847,33.02082,0.00646,0.00937,0.05599,-0.01445,1.04195,0.04676,1.15559,0.89534,1.02894,0.06799,1.24485,0.84415,2.06996,0.00240,2.07458,2.05415,-4.96278,1.38646,-2.54439,-13.14344,-1.95492,0.00065,-1.95359,-1.95626,0.00710,0.00092,0.00879,0.00597,-1.94990,0.00093,-1.94742,-1.95114,-1.95994,0.00091,-1.95869,-1.96143,2.34592,0.76020,8.98868,1.07293,0.37458,0.15694,0.95752,0.04236,4.97498,1.97698,16.87272,1.41821
490,543.5935704708099,4022272,121.01761,2560.35858,113.27226,342.80737,31.50463,169.17317,315.04688,0.12131,0.24365,0.70768,-0.60050,3.49315,0.62388,5.47058,2.08260,24.85825,8.75719,45.62264,7.21090,-28.12205,11.27221,-8.26365,-62.89227,8.16101,3.64827,24.39865,2.95828,246.64265,158.25153,1170.86975,39.22264,0.00633,0.00948,0.06632,-0.01755,1.04839,0.04507,1.17582,0.90984,1.01927,0.06306,1.26321,0.85425,2.06375,0.00286,2.06903,2.05401,-4.80930,1.13055,-2.53371,-8.33565,-1.95174,0.00113,-1.94911,-1.95357,0.00677,0.00126,0.00871,0.00507,-1.94695,0.00060,-1.94482,-1.94790,-1.95652,0.00194,-1.95337,-1.95973,2.37378,0.87384,9.74092,1.03640,0.38807,0.15216,0.94736,0.03103,5.04679,2.22330,19.76556,1.60526
500,624.8234779834747,4104192,161.21594,2503.41365,134.15348,343.74846,31.42805,249.55297,370.04688,0.03020,0.23200,0.65605,-0.58632,2.89917,0.56701,4.94233,1.82649,20.39029,12.05257,61.03301,4.48583,-22.87842,10.88298,-8.55041,-64.64332,5.65899,2.61578,21.93166,2.32447,185.59713,114.85965,856.64935,36.53068,0.00622,0.00898,0.04305,-0.01917,1.04016,0.04671,1.15747,0.85232,1.01261,0.06466,1.24756,0.83115,2.05446,0.00232,2.06006,2.03251,-4.84796,1.30522,-2.28056,-9.88096,-1.94710,0.00061,-1.94616,-1.94910,0.00612,0.00047,0.00710,0.00517,-1.94277,0.00068,-1.94195,-1.94481,-1.95143,0.00072,-1.95027,-1.95340,2.30049,0.76586,6.63364,1.03106,0.39049,0.15566,0.96925,0.03826,4.99096,2.03511,11.90720,1.24904
510,567.5621888637543,4186112,142.98212,3451.09903,109.21440,344.01975,31.20179,192.25251,330.76562,0.02285,0.19777,0.60621,-0.47727,3.14732,0.70727,5.79895,1.77724,21.10207,11.21953,56.36355,5.63366,-29.48723,13.22530,-8.83377,-61.93806,6.67419,3.80990,31.50751,2.31664,206.00730,146.56246,1114.83252,35.12853,0.00638,0.00906,0.05292,-0.01318,1.03433,0.04868,1.17743,0.84865,1.01913,0.06540,1.23304,0.84729,2.04957,0.00377,2.05671,2.03410,-4.88532,1.36765,-2.36416,-11.25364,-1.94477,0.00157,-1.94271,-1.94736,0.00727,0.00020,0.00789,0.00685,-1.93962,0.00166,-1.93759,-1.94234,-1.94991,0.00149,-1.94783,-1.95244,2.29209,0.81185,8.42671,1.02739,0.39060,0.14949,0.95700,0.04743,5.20689,2.37635,25.48685,1.59550
520,525.0577025413513,4268032,132.95537,3379.32797,133.79867,342.68417,31.12505,151.15651,304.39062,0.12634,0.28168,0.98866,-0.60422,3.14300,0.60821,5.06818,1.90939,19.50843,8.54395,51.11372,5.38953,-27.60274,12.77972,-5.57764,-63.71370,6.65044,3.05244,21.70802,2.55120,182.99692,123.35512,898.66998,35.44896,0.00634,0.00905,0.05529,-0.01714,1.02131,0.04759,1.16567,0.88694,1.02355,0.06467,1.23143,0.84527,2.04333,0.00287,2.04904,2.02947,-4.96853,1.37680,-2.48949,-10.14227,-1.94165,0.00093,-1.94001,-1.94352,0.01021,0.00078,0.01144,0.00794,-1.93444,0.00145,-1.93192,-1.93789,-1.94887,0.00047,-1.94810,-1.94956,2.28618,0.82283,9.75527,1.03457,0.39930,0.16140,0.96908,0.01449,5.16534,2.52588,26.19832,1.05358
530,522.5330383777618,4349952,123.93384,3287.55563,103.03991,342.26880,30.30796,149.84837,311.46875,0.04155,0.21844,0.56940,-0.61130,3.41590,0.64522,5.25052,2.11659,22.53108,10.91307,55.96659,6.62297,-30.25093,12.14430,-7.67084,-63.67708,8.64198,3.78192,23.81995,2.44827,246.06612,157.47717,1226.39758,40.12956,0.00459,0.00787,0.03219,-0.01860,1.02823,0.04776,1.14986,0.87872,1.01238,0.06565,1.20582,0.84438,2.03805,0.00291,2.04228,2.02329,-4.82565,1.33038,-2.28878,-10.39090,-1.93905,0.00090,-1.93691,-1.94011,0.01264,0.00055,0.01343,0.01140,-1.93012,0.00125,-1.92746,-1.93188,-1.94799,0.00060,-1.94635,-1.94885,2.14569,0.63123,6.64224,1.03581,0.42321,0.15728,0.95808,0.00994,5.18450,1.99479,12.20251,1.70289
540,500.28413009643555,4431872,118.51358,3439.33682,118.39185,342.17871,29.88087,128.12707,271.23438,-0.00357,0.29577,0.72178,-1.03836,3.53421,0.84136,6.14760,2.13639,21.49368,10.25008,59.85406,6.39186,-31.71735,15.39215,-7.87593,-64.51520,8.76811,4.77069,31.69217,2.40734,271.00913,207.40465,1484.29980,44.06132,0.00672,0.00921,0.04178,-0.01237,1.01335,0.04498,1.15296,0.88790,1.01140,0.06102,1.19707,0.86144,2.03111,0.00323,2.03646,2.01747,-4.77513,1.08798,-2.55453,-9.52359,-1.93546,0.00130,-1.93381,-1.93726,0.01275,0.00098,0.01488,0.01114,-1.92645,0.00075,-1.92496,-1.92781,-1.94447,0.00194,-1.94208,-1.94748,2.29916,0.75768,9.51978,1.03477,0.38189,0.15390,0.97314,0.02175,5.15531,2.26266,16.50823,1.21094
550,555.6950092315674,4513792,121.37899,3581.62727,134.60283,340.79396,30.16999,184.63356,313.67188,0.02532,0.24234,0.68179,-0.83605,3.58559,0.65401,5.21045,2.20929,25.38193,10.64364,54.31711,5.91844,-31.47872,13.18436,-8.36430,-60.28487,8.72412,3.73797,26.17361,3.29009,263.19397,155.34492,981.65631,59.87214,0.00558,0.00844,0.05000,-0.01392,1.00910,0.04236,1.14077,0.88884,1.01163,0.05803,1.17787,0.85138,2.02357,0.00261,2.02971,2.01488,-4.81562,1.16779,-2.35342,-10.84243,-1.93170,0.00096,-1.93024,-1.93380,0.01258,0.00069,0.01426,0.01166,-1.92281,0.00123,-1.92060,-1.92494,-1.94060,0.00089,-1.93896,-1.94266,2.21000,0.74202,8.22442,1.04335,0.41022,0.15167,0.97975,0.06192,5.23512,2.35461,22.25159,1.28474
560,532.3000721931458,4595712,112.88132,3089.19154,99.63395,341.66614,30.31154,160.22570,329.32812,0.07865,0.24040,0.76272,-0.45581,3.46204,0.81249,5.81163,1.88185,25.13572,12.42132,60.14816,6.30133,-30.86024,14.80126,-7.16222,-67.00875,8.31682,4.46870,28.54656,2.31778,277.10840,196.81384,1223.65991,44.06387,0.00484,0.00823,0.04013,-0.01670,1.00956,0.04445,1.13819,0.87983,1.01441,0.06392,1.20533,0.84385,2.02415,0.00206,2.02819,2.01352,-4.94612,1.31656,-2.48811,-9.43419,-1.93194,0.00066,-1.93100,-1.93306,0.01432,0.00058,0.01506,0.01307,-1.92182,0.00104,-1.92045,-1.92375,-1.94207,0.00036,-1.94116,-1.94271,2.17639,0.63023,5.77329,1.03766,0.41792,0.15002,0.97068,0.01445,4.96503,2.12053,14.72424,1.50531
570,605.3377649784088,4677632,118.11772,2890.05484,128.94092,341.23680,30.52001,233.47920,337.89062,-0.02658,0.19609,0.56044,-0.46901,3.30551,0.62903,5.94866,1.85367,22.52735,9.35868,47.59628,4.56742,-30.24108,13.24574,-6.25330,-62.64254,7.35556,3.71174,30.17868,2.40278,226.92854,162.21595,1845.86108,24.43269,0.00501,0.00781,0.02724,-0.01621,1.00943,0.04470,1.13693,0.85978,1.01452,0.06277,1.19898,0.85914,2.02460,0.00192,2.02774,2.01570,-4.83390,1.35283,-2.18526,-9.82289,-1.93219,0.00039,-1.93157,-1.93295,0.01418,0.00062,0.01479,0.01165,-1.92217,0.00058,-1.92113,-1.92378,-1.94222,0.00059,-1.94026,-1.94323,2.17871,0.77371,7.71333,1.02399,0.42320,0.15824,0.98040,0.05249,4.59649,1.91801,13.00754,1.44769
580,580.6532695293427,4759552,114.80144,2719.41418,129.66045,342.31530,30.04028,208.17921,328.65625,-0.06201,0.25254,0.46607,-0.76868,3.37078,0.85240,6.93502,1.89902,21.70729,9.43218,52.23953,5.14772,-33.26806,15.14890,-7.53060,-65.61926,7.41134,4.22902,38.89165,2.37482,289.33679,219.56170,1899.60852,37.81546,0.00473,0.00807,0.03485,-0.01580,1.00753,0.04391,1.13225,0.90052,1.01998,0.06026,1.21188,0.83098,2.02368,0.00192,2.02674,2.01389,-5.00294,1.26113,-2.57597,-10.16002,-1.93173,0.00034,-1.93108,-1.93245,0.01191,0.00055,0.01296,0.01106,-1.92331,0.00064,-1.92242,-1.92427,-1.94015,0.00035,-1.93966,-1.94078,2.16070,0.74471,8.42037,1.04531,0.43166,0.14749,0.96350,0.06158,4.86301,2.13856,16.77189,1.38521
590,543.5168542861938,4841472,114.19242,3265.72241,149.67081,340.47880,29.31158,173.36899,310.29688,0.12570,0.26506,0.97817,-0.57391,3.50099,0.81485,6.10558,1.58158,24.05451,10.29059,48.90838,5.07499,-32.59500,14.19306,-7.00908,-66.25082,8.17925,4.42825,25.95379,1.68604,289.46512,199.51377,1685.72998,43.24364,0.00499,0.00799,0.03807,-0.01711,1.00710,0.04504,1.13876,0.83994,1.01466,0.05889,1.20558,0.83471,2.02363,0.00224,2.02719,2.00975,-4.83869,1.20306,-2.39260,-9.94923,-1.93173,0.00058,-1.93058,-1.93263,0.01311,0.00096,0.01434,0.01139,-1.92247,0.00096,-1.92087,-1.92424,-1.94100,0.00081,-1.93977,-1.94259,2.08513,0.62919,6.37099,1.02399,0.44077,0.15999,0.97018,0.05584,4.45919,1.78237,10.42013,1.33620
600,571.4280862808228,4923392,116.93723,3274.68386,121.38157,339.26182,28.93220,203.09562,306.71875,0.10807,0.25823,0.85845,-0.51428,3.28250,0.70389,6.15351,1.77243,22.62701,10.84616,60.77681,5.63759,-30.92977,13.62085,-7.99785,-59.66010,7.83104,4.02302,31.59081,2.17791,230.98341,148.57398,1029.03467,40.51735,0.00468,0.00818,0.03701,-0.01482,0.99803,0.04653,1.11588,0.87194,1.01850,0.06443,1.27815,0.81987,2.01836,0.00225,2.02266,2.00655,-4.98737,1.27971,-2.40378,-10.52677,-1.92910,0.00059,-1.92783,-1.93056,0.01301,0.00064,0.01424,0.01212,-1.91990,0.00080,-1.91884,-1.92096,-1.93831,0.00069,-1.93675,-1.94027,2.08796,0.54872,5.67162,1.02155,0.42164,0.15504,0.97687,0.07582,4.56815,1.98025,14.54462,1.09117
610,568.8291881084442,5005312,117.49621,2667.53221,106.90126,339.69313,29.86354,199.16510,329.07812,0.08202,0.30289,0.69148,-0.91595,3.61580,0.69037,6.53858,1.88402,23.04443,10.71113,53.18045,7.12195,-32.11898,13.56475,-8.83177,-63.77430,8.59847,4.21348,26.71029,2.25816,282.14706,186.64412,1160.75366,44.24419,0.00391,0.00813,0.02981,-0.01745,1.00639,0.04652,1.15344,0.81970,1.01087,0.06187,1.19983,0.84728,2.01493,0.00243,2.01838,1.99981,-4.97735,1.28762,-2.28746,-9.79756,-1.92744,0.00050,-1.92667,-1.92817,0.01272,0.00079,0.01393,0.01116,-1.91845,0.00093,-1.91692,-1.92024,-1.93643,0.00051,-1.93535,-1.93718,2.08742,0.60931,6.20415,1.03251,0.44205,0.14941,0.96617,0.01516,4.34185,1.78644,10.16320,1.48086
620,519.678804397583,5087232,135.41908,3204.66347,114.23373,340.47995,29.17067,149.93494,325.81250,0.04375,0.30609,1.12949,-0.74102,3.50958,0.68869,5.79180,1.80570,24.44156,12.64422,59.39211,5.70887,-29.79628,13.20074,-7.83809,-65.24725,8.23353,3.76387,25.70245,2.45963,227.64287,146.28210,1178.01782,37.89840,0.00338,0.00768,0.03319,-0.01768,0.99381,0.04421,1.14343,0.87359,1.01872,0.06455,1.32541,0.83617,2.01232,0.00233,2.01550,1.99860,-5.01903,1.46090,-2.52517,-11.16699,-1.92619,0.00048,-1.92512,-1.92678,0.01435,0.00071,0.01515,0.01302,-1.91604,0.00091,-1.91457,-1.91755,-1.93633,0.00036,-1.93564,-1.93704,2.06286,0.60035,5.61329,1.02717,0.45271,0.15048,0.97628,0.06050,4.62623,1.92147,12.20319,1.37093
630,522.8407468795776,5169152,126.31629,3216.00366,125.55297,339.39874,29.51658,153.82547,321.95312,0.24067,0.23472,0.85687,-0.37190,3.41706,0.62914,5.36186,2.13068,25.88368,10.68260,51.62939,7.03208,-30.05210,12.16988,-7.93072,-57.99224,7.41113,3.36904,23.88250,2.80274,228.75065,150.05725,1510.44348,42.29108,0.00367,0.00791,0.03457,-0.01617,0.99716,0.04947,1.13928,0.86255,1.01994,0.06555,1.22629,0.85340,2.01247,0.00231,2.01527,1.99491,-4.98919,1.26978,-2.39255,-10.59437,-1.92624,0.00019,-1.92577,-1.92667,0.01415,0.00088,0.01521,0.01239,-1.91623,0.00067,-1.91540,-1.91791,-1.93625,0.00063,-1.93517,-1.93695,2.06290,0.58239,5.76388,1.02205,0.43748,0.15753,0.97870,0.05709,4.51008,1.84768,12.46499,1.50426
640,538.3123321533203,5251072,126.23758,3106.86561,120.59368,339.86414,28.98337,169.36858,315.25000,0.14958,0.21622,0.71582,-0.39559,3.03780,0.69028,5.67974,1.91057,20.31479,10.25366,48.33920,5.40381,-26.94747,13.57539,-6.86741,-59.47181,6.17239,3.44416,22.35560,1.88971,193.85976,142.97805,1111.74536,36.84102,0.00482,0.00848,0.04807,-0.01609,0.99415,0.04602,1.11209,0.83917,1.01405,0.06363,1.31553,0.83848,2.01113,0.00229,2.01543,1.99936,-4.82561,1.25086,-2.50301,-8.51529,-1.92549,0.00054,-1.92470,-1.92669,0.01200,0.00028,0.01249,0.01142,-1.91700,0.00060,-1.91599,-1.91792,-1.93398,0.00055,-1.93332,-1.93550,2.11115,0.72098,11.28681,1.02952,0.44027,0.14436,0.95095,0.04843,4.78108,2.09181,15.87413,1.52885
650,574.2323052883148,5332992,120.36042,2947.35889,125.93406,338.68696,29.05467,206.39356,342.62500,0.16875,0.28350,0.82790,-0.61313,3.27593,0.67410,5.04141,1.87445,21.44604,9.99962,55.43817,6.23448,-29.05637,13.86887,-8.13822,-68.81087,7.26350,3.85479,28.08202,2.04676,219.96073,178.78819,1744.37000,36.32573,0.00507,0.00877,0.04557,-0.01619,0.99725,0.04365,1.11177,0.86462,1.00362,0.05968,1.19104,0.85233,2.00832,0.00257,2.01237,1.99547,-4.67094,1.17535,-2.25042,-8.62825,-1.92415,0.00053,-1.92326,-1.92517,0.01074,0.00085,0.01240,0.00977,-1.91655,0.00050,-1.91530,-1.91714,-1.93175,0.00102,-1.93086,-1.93387,2.13234,0.67335,6.68125,1.03235,0.43535,0.14636,0.97284,0.06444,4.98050,2.04322,12.98778,1.44030
660,595.543151140213,5414912,114.69358,3008.63697,138.33023,338.89838,29.06545,227.48318,333.53125,0.23830,0.21616,0.85827,-0.38137,3.49114,0.75000,5.82782,1.79071,25.85626,12.88822,58.94106,6.20857,-32.28596,14.22588,-6.25872,-61.55693,8.37030,4.20761,30.79590,2.57686,309.18571,219.80266,1593.50073,56.94761,0.00529,0.00783,0.03574,-0.01438,0.99241,0.04457,1.10958,0.86980,1.01460,0.06592,1.25635,0.85024,2.00577,0.00210,2.00915,1.99555,-4.93148,1.34776,-2.50187,-9.61484,-1.92272,0.00063,-1.92145,-1.92356,0.01082,0.00024,0.01136,0.01044,-1.91507,0.00053,-1.91399,-1.91581,-1.93037,0.00075,-1.92890,-1.93144,2.15592,0.62092,5.23240,1.02058,0.40906,0.15729,0.97670,0.04798,5.07295,2.14205,13.94147,1.05111
670,551.2593195438385,5496832,134.88463,3427.70819,126.54313,338.49243,28.79484,183.87323,330.70312,-0.04064,0.28502,0.83149,-0.74023,3.47104,0.65498,5.28088,2.02319,23.98023,8.97346,46.33679,5.68121,-31.09026,12.98009,-8.12833,-59.83033,8.48507,4.09361,25.72359,2.30124,273.02953,190.65694,1463.99597,42.45231,0.00492,0.00804,0.03971,-0.01577,0.99172,0.04783,1.14416,0.79762,1.01710,0.06307,1.20347,0.82815,2.00374,0.00180,2.00682,1.99263,-4.98059,1.34261,-2.48644,-10.72629,-1.92169,0.00033,-1.92124,-1.92241,0.00946,0.00086,0.01094,0.00852,-1.91500,0.00051,-1.91399,-1.91576,-1.92838,0.00083,-1.92747,-1.93010,2.10054,0.70209,10.78265,1.03205,0.42548,0.15907,0.96051,0.07902,5.20592,2.25780,17.10556,1.13436
680,518.3087613582611,5578752,151.20473,3562.97667,114.92501,338.39125,29.15976,150.65489,300.14062,0.03601,0.27785,0.84714,-0.73353,3.69266,0.81011,5.89650,1.92779,24.22028,11.67608,55.25073,6.72746,-35.37481,14.10982,-8.49871,-61.75004,9.57023,4.85241,31.50573,2.61098,321.15599,238.56999,1817.18860,37.12384,0.00512,0.00960,0.07312,-0.01422,0.99111,0.04867,1.14342,0.84057,1.01500,0.06469,1.24098,0.83342,2.00502,0.00182,2.00809,1.99776,-4.89233,1.20330,-2.24813,-9.58299,-1.92238,0.00037,-1.92174,-1.92303,0.00838,0.00054,0.00905,0.00734,-1.91646,0.00061,-1.91555,-1.91719,-1.92830,0.00045,-1.92745,-1.92924,2.18748,0.62525,5.66110,1.02604,0.41360,0.15233,0.97833,0.06710,5.22375,2.18568,15.93177,1.56058
690,585.3117318153381,5660672,126.73387,3174.44727,147.68416,340.34074,29.04756,215.82735,334.00000,0.16275,0.29876,1.16275,-0.58984,3.73720,0.67847,5.67893,1.82519,26.35530,12.93103,57.88909,5.66700,-34.47984,13.50870,-6.55003,-61.53131,8.81296,4.41792,31.94418,2.70618,316.51134,256.82870,1751.53027,40.78552,0.00430,0.00857,0.04232,-0.01185,0.98953,0.04314,1.12736,0.86105,1.01579,0.06246,1.28413,0.82256,2.00236,0.00229,2.00704,1.99098,-4.95267,1.27172,-2.78430,-10.72871,-1.92107,0.00072,-1.91999,-1.92252,0.00796,0.00027,0.00852,0.00734,-1.91544,0.00076,-1.91431,-1.91731,-1.92670,0.00073,-1.92561,-1.92795,2.13571,0.70057,7.12517,1.04234,0.42536,0.15050,0.96434,0.06953,4.88998,2.05955,14.11807,1.51895
700,607.9688835144043,5742592,136.19051,2102.73328,120.06347,341.12741,28.91860,237.83029,418.43750,0.05535,0.17340,0.54464,-0.51263,3.18325,0.64877,5.00425,1.85009,22.07878,10.64547,54.72051,5.68609,-29.32249,12.93980,-8.78154,-60.26727,6.83660,3.49077,23.73598,1.91389,263.74757,229.17856,2620.35742,27.63987,0.00588,0.00973,0.05662,-0.01559,0.99023,0.04260,1.11128,0.84864,1.00535,0.06101,1.19946,0.82009,1.99957,0.00262,2.00354,1.98779,-4.84953,1.18820,-2.51181,-9.06561,-1.91966,0.00089,-1.91840,-1.92074,0.00676,0.00075,0.00814,0.00570,-1.91488,0.00044,-1.91408,-1.91571,-1.92443,0.00140,-1.92249,-1.92624,2.31345,0.82678,11.35858,1.02059,0.40324,0.15617,0.97497,0.09535,5.28898,2.41360,16.47079,1.47321
710,609.8514060974121,5824512,120.10961,3002.80935,134.84008,360.13747,30.27000,219.33788,371.07812,-0.01894,0.26447,0.67308,-0.83631,3.61875,0.80216,5.98513,1.99211,23.41881,9.78841,54.76773,5.33114,-35.97244,14.61090,-8.32289,-65.99393,9.01658,4.80064,29.32409,2.46439,270.28405,195.32998,1742.13171,33.66414,0.00577,0.00830,0.03458,-0.01426,0.97454,0.04576,1.10036,0.84764,1.03027,0.06427,1.23214,0.87491,1.99453,0.00242,1.99907,1.98164,-5.19345,1.57166,-2.48913,-13.87967,-1.91716,0.00078,-1.91585,-1.91853,0.00583,0.00039,0.00662,0.00517,-1.91304,0.00100,-1.91121,-1.91473,-1.92128,0.00061,-1.92031,-1.92256,2.28949,0.72090,7.30398,1.02941,0.38794,0.16633,0.97082,0.03488,4.78445,1.93830,12.19260,1.43648
720,626.0947360992432,5906432,110.69821,2854.81257,122.44906,359.61060,29.91327,236.47114,355.40625,0.03866,0.23176,0.93442,-0.54041,3.25525,0.65662,5.78461,1.78115,22.91578,10.33935,52.92095,5.80052,-30.12016,14.41516,-8.01977,-60.12083,7.48221,3.84232,24.16472,2.39868,255.81222,162.35717,977.15039,46.27367,0.00372,0.00789,0.04437,-0.01630,0.99079,0.04867,1.13931,0.83935,1.00948,0.06624,1.20506,0.84037,1.99455,0.00221,1.99766,1.98095,-4.86553,1.30928,-2.49016,-11.07221,-1.91720,0.00045,-1.91611,-1.91780,0.00654,0.00050,0.00737,0.00566,-1.91258,0.00058,-1.91163,-1.91358,-1.92182,0.00056,-1.92039,-1.92274,2.08655,0.55007,5.74878,1.06176,0.42791,0.15472,0.97108,0.03524,4.86881,1.90539,12.19766,1.31448
730,593.2939608097076,5988352,107.06833,2298.40969,124.17286,346.98183,29.25997,216.95308,329.65625,-0.01643,0.26466,0.69397,-0.77709,3.85188,0.65656,6.10881,1.93396,25.24955,10.07935,49.07648,7.54906,-34.99751,13.12504,-9.39110,-59.26126,10.41994,4.60672,37.29747,3.12463,288.01109,224.33565,2125.91821,37.46800,0.00567,0.01512,0.23864,-0.01514,0.98310,0.04429,1.09716,0.86056,1.01556,0.06582,1.31584,0.83957,1.99176,0.00243,1.99626,1.97704,-4.95828,1.23963,-2.54203,-9.91013,-1.91582,0.00067,-1.91491,-1.91712,0.00707,0.00054,0.00782,0.00554,-1.91082,0.00086,-1.90973,-1.91249,-1.92082,0.00067,-1.91883,-1.92204,2.32644,1.09937,12.03423,1.01670,0.39317,0.16483,0.97781,0.00972,4.97054,3.46602,56.41879,1.37793
740,597.6841585636139,6070272,146.13599,2089.95095,132.34565,347.68606,29.22997,220.51104,386.10938,-0.00658,0.29928,0.86452,-0.93258,3.55796,0.64917,5.45114,1.97462,22.68609,10.95155,48.11996,5.53905,-31.65555,13.28149,-8.15602,-64.18410,8.56978,3.68606,26.47486,2.69235,302.93374,234.23858,2441.51025,52.45147,0.00416,0.00874,0.04924,-0.01993,0.97696,0.04712,1.10267,0.79971,1.01182,0.06199,1.21397,0.83485,1.98815,0.00255,1.99198,1.96502,-4.78589,1.12621,-2.76286,-10.12893,-1.91414,0.00057,-1.91322,-1.91499,0.00560,0.00033,0.00627,0.00495,-1.91018,0.00064,-1.90907,-1.91108,-1.91810,0.00060,-1.91706,-1.91905,2.17493,0.93327,12.93875,1.03356,0.40764,0.16150,0.97555,0.00778,4.78304,2.07610,15.59663,1.67257
750,543.9930992126465,6152192,105.95706,2491.19375,128.39011,342.74322,28.95898,172.20264,325.51562,0.08885,0.19385,0.70049,-0.42429,3.61576,0.73031,6.07089,2.10509,24.02597,10.32006,52.76021,6.74816,-33.70580,14.94501,-7.64460,-74.05660,9.02201,4.63912,28.05032,2.89126,315.36565,247.75134,2202.20581,49.04253,0.00363,0.00766,0.03371,-0.01364,0.98266,0.04149,1.13939,0.86682,1.00157,0.06107,1.20789,0.83797,1.98648,0.00205,1.98953,1.97718,-4.78409,1.32472,-2.39553,-10.78145,-1.91313,0.00048,-1.91220,-1.91374,0.00688,0.00063,0.00773,0.00539,-1.90827,0.00074,-1.90697,-1.90936,-1.91799,0.00055,-1.91696,-1.91895,2.07042,0.62926,6.74563,1.02814,0.43828,0.15332,0.95257,0.06356,4.88079,2.01910,15.36725,1.48066
760,617.6965384483337,6234112,146.46277,3008.56604,136.75858,341.16010,28.88946,247.55084,440.00000,0.19676,0.26425,0.99673,-0.47765,3.82646,0.69379,6.15945,2.31289,27.82112,11.66921,63.17016,7.33142,-34.22472,13.39670,-7.85294,-60.12889,10.29506,4.71408,36.25837,3.50793,341.23461,293.72630,2347.23047,56.34206,0.00544,0.00945,0.07259,-0.01476,0.96804,0.04718,1.08599,0.80214,1.01948,0.06534,1.23898,0.84835,1.98380,0.00238,1.98765,1.97260,-4.92535,1.28119,-2.44653,-11.28397,-1.91184,0.00062,-1.91052,-1.91283,0.00651,0.00056,0.00775,0.00568,-1.90724,0.00041,-1.90621,-1.90772,-1.91645,0.00096,-1.91473,-1.91831,2.29116,0.82666,7.68062,1.02311,0.39314,0.16676,0.97325,0.00061,4.94589,1.91405,12.49953,1.47810
770,599.2442979812622,6316032,127.31597,2363.16796,118.56660,342.97636,28.83795,227.33464,400.62500,0.11682,0.26995,0.90957,-0.65775,3.40977,0.74305,5.52801,1.70187,24.49467,10.94241,62.34135,5.31073,-29.94248,13.25057,-6.11324,-59.15393,7.98530,4.16941,24.49722,2.10749,268.43305,196.02811,1211.07922,34.24921,0.00443,0.00830,0.03231,-0.01699,0.96590,0.04292,1.10422,0.82209,1.01839,0.06591,1.28258,0.85846,1.98152,0.00201,1.98475,1.97305,-5.10168,1.55055,-2.46525,-14.63139,-1.91066,0.00040,-1.91002,-1.91150,0.00586,0.00025,0.00626,0.00539,-1.90652,0.00034,-1.90602,-1.90740,-1.91481,0.00051,-1.91383,-1.91572,2.18514,0.89029,15.27205,1.02301,0.41146,0.16405,0.97553,0.02445,4.88291,1.82514,12.31025,1.44145
780,619.9638798236847,6397952,127.01044,2834.68088,104.20298,342.84228,28.96363,248.06235,409.43750,-0.06471,0.24002,0.47582,-0.83820,3.62753,0.71478,5.97669,2.12744,23.89738,10.72722,51.59414,6.34087,-32.50207,13.69588,-10.82091,-63.75964,8.85238,4.42413,31.52604,2.97366,320.27796,266.24049,1960.07788,38.20324,0.00493,0.00868,0.05190,-0.01324,0.97053,0.04312,1.08849,0.82936,1.00439,0.05981,1.17675,0.82285,1.98280,0.00248,1.98687,1.96983,-4.75340,1.26759,-2.14437,-10.77397,-1.91130,0.00082,-1.90944,-1.91246,0.00539,0.00045,0.00611,0.00467,-1.90749,0.00105,-1.90538,-1.90901,-1.91512,0.00067,-1.91349,-1.91617,2.18779,0.73578,9.55822,1.03398,0.42188,0.14907,0.96849,0.08156,4.91743,1.91789,13.03513,1.45114
790,627.6564354896545,6479872,122.93853,2935.43670,139.04808,343.40499,28.91788,255.24234,338.43750,-0.03443,0.24243,0.84869,-0.78082,3.41829,0.83113,6.15385,1.79078,24.88989,13.26351,68.22285,5.93144,-30.02301,13.97593,-8.40088,-62.95969,8.30385,4.75697,34.30637,2.56655,263.05321,228.83661,2139.74292,37.30490,0.00537,0.00822,0.04424,-0.01202,0.96034,0.04386,1.08372,0.83244,1.02412,0.06150,1.22918,0.84532,1.97630,0.00246,1.98102,1.96815,-5.06002,1.21915,-2.46734,-9.45235,-1.90810,0.00079,-1.90726,-1.90945,0.00491,0.00029,0.00579,0.00434,-1.90463,0.00069,-1.90364,-1.90587,-1.91157,0.00092,-1.91062,-1.91353,2.21654,1.00071,15.48289,1.02465,0.41790,0.15720,0.96733,0.07083,4.78266,1.81912,15.68776,1.55662
800,672.4470467567444,6561792,145.30817,3178.36901,113.91975,381.20569,30.88349,260.14409,412.20312,0.06321,0.19103,0.58826,-0.82420,3.40679,0.72729,5.77073,1.86598,25.25971,10.58120,54.75708,5.65128,-30.22695,13.81791,-7.63132,-72.20453,7.72454,4.00884,25.70030,2.24293,273.45279,249.31556,2067.35986,47.71534,0.00504,0.00842,0.04663,-0.01908,0.96541,0.04235,1.06104,0.78098,1.01253,0.05893,1.19057,0.84831,1.97760,0.00229,1.98100,1.96491,-5.00792,1.28749,-2.51146,-10.39194,-1.90863,0.00071,-1.90730,-1.90946,0.00290,0.00060,0.00434,0.00166,-1.90658,0.00109,-1.90462,-1.90819,-1.91069,0.00043,-1.90983,-1.91135,2.08631,0.54238,5.44276,1.02882,0.41370,0.16310,0.95972,0.02678,5.08725,2.01535,14.40194,1.69115
810,591.5668580532074,6643712,134.76221,3482.23480,136.52451,342.68388,28.85894,219.93090,370.90625,0.23546,0.17592,0.96749,-0.24841,3.31675,0.74793,5.64236,1.56942,25.03963,11.87771,59.31279,6.05972,-29.38405,13.49564,-8.13539,-62.37436,7.91442,4.61933,29.93801,2.26583,258.49631,261.84041,3706.52661,32.46107,0.00464,0.00756,0.03382,-0.01365,0.97020,0.04697,1.10340,0.82030,1.00953,0.06595,1.29547,0.81714,1.97815,0.00222,1.98131,1.96414,-5.07227,1.37726,-2.46395,-10.51594,-1.90900,0.00042,-1.90839,-1.90964,0.00219,0.00042,0.00281,0.00133,-1.90745,0.00069,-1.90660,-1.90868,-1.91055,0.00024,-1.91003,-1.91116,2.14041,0.84045,11.53444,1.04589,0.43434,0.15403,0.95769,0.05556,5.03220,1.98453,13.84142,1.43110
820,621.4053421020508,6725632,115.59783,2447.16509,163.11571,343.29937,28.78936,249.21273,388.65625,0.28022,0.25947,1.13557,-0.28055,3.20727,0.64529,5.24455,1.91286,23.13922,9.67051,60.87304,6.27724,-26.97792,12.61319,-7.94815,-62.36230,6.53579,3.29465,20.15062,1.90834,211.42019,224.70228,2479.22852,29.27516,0.00364,0.00749,0.03055,-0.01751,0.96513,0.04614,1.08141,0.79961,1.01217,0.06584,1.18744,0.81657,1.97629,0.00197,1.97887,1.96582,-4.90627,1.29516,-2.17064,-10.30873,-1.90805,0.00036,-1.90736,-1.90844,0.00272,0.00044,0.00352,0.00185,-1.90612,0.00061,-1.90491,-1.90696,-1.90997,0.00030,-1.90938,-1.91065,2.04008,0.57555,6.34573,1.03056,0.44077,0.16196,0.97119,0.03333,4.83749,1.84243,12.87746,1.80946
830,603.8259057998657,6807552,128.42218,2938.38348,133.19761,343.50066,29.00254,231.21769,358.07812,0.09377,0.24516,0.82329,-0.66297,3.46242,0.78858,6.31497,1.72246,23.67409,10.94027,50.92017,5.11861,-33.29881,15.21401,-8.88986,-68.79619,7.94741,4.30718,34.76640,2.45548,330.92358,313.90317,2377.84399,35.45190,0.00507,0.00796,0.04157,-0.01866,0.96192,0.04425,1.09468,0.84961,1.01961,0.06671,1.23289,0.82842,1.97563,0.00204,1.97818,1.96519,-5.10208,1.40276,-2.80943,-13.39076,-1.90774,0.00023,-1.90733,-1.90809,0.00308,0.00034,0.00361,0.00245,-1.90556,0.00039,-1.90484,-1.90620,-1.90992,0.00026,-1.90936,-1.91043,2.18499,1.02674,20.37058,1.03024,0.41247,0.16133,0.96124,0.01344,5.11865,1.95611,15.42227,1.42745
840,618.8278758525848,6889472,119.68505,3089.07247,123.94566,341.70344,28.91742,248.10106,424.17188,0.12242,0.20994,0.79134,-0.46768,3.24289,0.71744,6.16099,1.84755,25.59092,11.86334,62.69704,7.25488,-27.39842,13.44601,-7.98693,-65.07632,7.28783,4.11111,27.06238,2.12325,261.72083,257.50716,2386.67529,43.68860,0.00343,0.00795,0.03895,-0.01526,0.96741,0.04522,1.10196,0.83419,1.00801,0.06522,1.21535,0.79942,1.97679,0.00215,1.98057,1.96598,-4.90113,1.18040,-2.45137,-9.76092,-1.90827,0.00060,-1.90744,-1.90931,0.00150,0.00064,0.00266,0.00043,-1.90721,0.00052,-1.90609,-1.90805,-1.90933,0.00092,-1.90777,-1.91067,2.13059,0.87203,11.22005,1.02899,0.44915,0.15695,0.98211,0.01813,5.00735,1.93733,13.20918,1.51288
850,618.5136461257935,6971392,131.57051,2250.11385,138.03555,341.36726,28.86686,248.18058,383.28125,0.18575,0.26788,0.85700,-0.38138,3.47033,0.79851,6.15533,1.77387,24.74399,12.29071,66.03915,6.84786,-31.04312,14.69928,-8.00368,-70.88007,7.71039,4.46725,38.25808,2.22058,274.88626,238.32382,1568.76440,30.18440,0.00464,0.00819,0.04296,-0.01480,0.96503,0.04653,1.09518,0.81765,1.00573,0.06571,1.22691,0.83875,1.97596,0.00211,1.97923,1.96547,-4.85308,1.31120,-2.52153,-9.23311,-1.90792,0.00041,-1.90712,-1.90856,0.00159,0.00033,0.00245,0.00078,-1.90679,0.00058,-1.90552,-1.90758,-1.90904,0.00033,-1.90799,-1.90966,2.07179,0.58143,5.53481,1.02395,0.43329,0.16286,0.98033,0.05314,5.17777,2.01326,13.65021,1.50792
860,619.3032877445221,7053312,147.31957,3409.15000,123.20914,342.76980,29.20611,247.17666,430.43750,-0.03686,0.22736,0.70405,-0.58908,3.41066,0.70696,5.84914,1.92217,21.07477,11.52489,61.82674,4.98048,-31.01680,14.14323,-8.92801,-69.09012,8.26919,4.07844,28.88461,2.99761,272.70065,243.52687,1955.75378,40.97532,0.00381,0.00861,0.03943,-0.01374,0.96031,0.04291,1.10381,0.81855,1.01906,0.06062,1.24843,0.86747,1.97219,0.00224,1.97645,1.96246,-4.96649,1.35657,-2.30846,-12.02078,-1.90603,0.00064,-1.90530,-1.90724,0.00288,0.00045,0.00348,0.00204,-1.90399,0.00094,-1.90300,-1.90574,-1.90806,0.00037,-1.90754,-1.90881,2.07504,0.65291,6.88842,1.02422,0.43820,0.16293,0.98236,0.03836,4.97429,1.94323,15.28284,1.53236
870,621.7123370170593,7135232,144.51544,2206.79518,116.22438,343.52622,28.91479,249.16882,536.50000,0.13159,0.30498,0.98458,-0.63602,3.30472,0.75557,5.58312,1.63392,22.02047,12.19023,58.39872,5.08833,-32.16720,14.38447,-8.35218,-63.95192,7.02714,3.83998,25.93501,1.70840,250.19859,203.42950,1629.31433,25.80334,0.00433,0.00783,0.03796,-0.01424,0.95841,0.04527,1.11550,0.80926,1.01476,0.06096,1.20447,0.85951,1.97122,0.00189,1.97362,1.96161,-4.93112,1.26257,-2.49074,-9.60738,-1.90551,0.00015,-1.90510,-1.90579,0.00437,0.00049,0.00516,0.00324,-1.90242,0.00036,-1.90183,-1.90316,-1.90860,0.00040,-1.90774,-1.90930,2.11499,0.61356,7.62043,1.01858,0.42951,0.16096,0.97851,0.09551,5.04843,2.01820,14.17245,1.71836
880,623.0779469013214,7217152,140.91264,2773.25958,111.48194,344.87528,29.24249,248.85916,433.79688,0.04059,0.23472,0.61382,-0.85511,3.13958,0.81409,6.25413,1.49457,20.69496,12.27594,61.50463,4.91476,-29.69407,14.97827,-8.61581,-64.62319,6.63454,4.20304,39.05370,1.25086,238.86980,227.97561,2058.50342,26.30219,0.00547,0.01003,0.05342,-0.01471,0.96088,0.04495,1.09627,0.82398,1.00608,0.06171,1.18109,0.86445,1.96834,0.00271,1.97357,1.95526,-4.81072,1.13863,-2.65849,-8.69755,-1.90402,0.00104,-1.90273,-1.90575,0.00447,0.00060,0.00539,0.00344,-1.90085,0.00072,-1.89975,-1.90221,-1.90718,0.00141,-1.90545,-1.90930,2.18576,0.70292,8.07317,1.02474,0.40251,0.15945,0.98152,0.00590,5.17097,2.26041,17.79763,1.69885
890,620.9875166416168,7299072,114.87459,1486.63367,119.37316,344.34120,29.07045,247.47860,437.06250,0.15739,0.23841,0.87059,-0.54088,3.27154,0.66984,5.67442,1.83939,25.29197,11.27940,56.33342,4.74222,-26.59776,12.60273,-8.43282,-58.91116,7.15218,3.27997,19.71372,2.04597,248.61242,192.55127,1340.51050,25.98560,0.00404,0.00813,0.04138,-0.01457,0.95208,0.04573,1.07596,0.78034,1.01257,0.06307,1.21244,0.84545,1.96624,0.00185,1.96898,1.95711,-4.91085,1.33242,-2.45642,-11.08228,-1.90303,0.00020,-1.90272,-1.90347,0.00431,0.00041,0.00505,0.00352,-1.89999,0.00020,-1.89954,-1.90045,-1.90608,0.00045,-1.90541,-1.90695,1.96875,0.48842,4.60278,1.02790,0.46442,0.14505,0.97791,0.09976,4.91681,2.00698,12.55302,1.69216
900,621.7763428688049,7380992,139.42108,2076.31926,142.36434,344.37930,29.05582,248.02045,429.29688,0.16360,0.22804,0.78391,-0.40047,2.96762,0.66749,4.89389,1.69761,19.46022,10.02813,59.97625,6.07010,-28.51641,13.65932,-7.71062,-60.71887,6.09158,3.47431,23.91938,1.55817,174.06330,154.47519,1543.98303,32.19684,0.00357,0.00834,0.03591,-0.01923,0.95579,0.04461,1.08505,0.81998,1.00652,0.05844,1.17709,0.83384,1.96499,0.00258,1.96882,1.95091,-4.81587,1.25253,-2.43113,-10.46039,-1.90240,0.00080,-1.90085,-1.90347,0.00367,0.00065,0.00498,0.00274,-1.89980,0.00050,-1.89873,-1.90077,-1.90499,0.00120,-1.90297,-1.90664,2.03204,0.59189,7.15434,1.02818,0.45203,0.15318,0.97304,0.04847,4.59425,1.77249,11.95726,1.28896
910,621.4733035564423,7462912,129.03743,2894.64673,114.90713,344.31773,29.20721,247.85217,365.95312,0.04447,0.29116,0.80702,-0.78844,3.08696,0.74762,5.92894,1.73271,22.20196,11.82050,48.96292,5.35002,-26.86861,14.85431,-6.36059,-63.14071,6.53476,3.88723,23.70523,1.87395,171.14444,124.01920,1157.10449,31.21195,0.00385,0.00757,0.03857,-0.02191,0.94723,0.04430,1.07745,0.80923,1.01584,0.05860,1.18177,0.85224,1.96184,0.00198,1.96460,1.95364,-4.91680,1.21359,-2.29577,-10.42507,-1.90082,0.00041,-1.90006,-1.90126,0.00212,0.00075,0.00325,0.00085,-1.89932,0.00076,-1.89836,-1.90059,-1.90233,0.00056,-1.90156,-1.90338,1.98839,0.50109,4.98421,1.02833,0.46659,0.15144,0.97073,0.11181,4.82352,1.71883,12.57271,1.70439
920,619.6522967815399,7544832,141.05013,3583.14616,134.29095,342.53477,28.92306,248.08846,420.48438,0.08023,0.23158,0.64948,-0.73879,3.18904,0.71199,5.46530,1.71555,22.93896,10.81532,56.92743,6.65202,-29.25028,13.73222,-8.83335,-60.56347,7.27114,3.94078,27.54006,1.84074,226.48220,188.22125,1492.65381,27.99802,0.00380,0.00837,0.03248,-0.01589,0.94906,0.04700,1.08820,0.81402,1.01370,0.06319,1.19314,0.82456,1.96156,0.00216,1.96452,1.95056,-4.87834,1.21839,-2.44342,-8.84953,-1.90072,0.00040,-1.89963,-1.90122,0.00052,0.00021,0.00100,0.00001,-1.90035,0.00037,-1.89905,-1.90093,-1.90108,0.00049,-1.90020,-1.90190,2.04089,0.72988,10.97286,1.03088,0.44339,0.16283,0.97049,0.05030,5.04281,1.99878,12.89797,1.61499
930,618.2090263366699,7626752,136.75528,2968.97026,130.90871,342.26192,29.12448,246.61433,386.43750,0.10300,0.27943,1.12600,-0.48349,3.46324,0.68108,5.52529,2.15732,20.64532,11.86748,61.19345,4.78994,-32.69989,13.27927,-6.68084,-62.11687,8.15629,4.03870,28.71225,2.57687,252.38092,215.89524,2004.08228,49.40788,0.00317,0.00765,0.03025,-0.01830,0.94649,0.04457,1.09185,0.80382,1.00550,0.06008,1.15900,0.84966,1.95736,0.00238,1.96128,1.94584,-4.79862,1.07162,-2.50917,-8.80107,-1.89864,0.00065,-1.89698,-1.89963,0.00094,0.00022,0.00135,0.00050,-1.89797,0.00076,-1.89631,-1.89905,-1.89930,0.00057,-1.89765,-1.90022,2.00853,0.53512,4.37796,1.02588,0.45853,0.15459,0.97542,0.06118,5.07690,1.98418,12.88635,1.70167
940,619.6702048778534,7708672,132.38246,3053.99133,127.26202,342.95136,28.85651,247.76309,396.84375,0.12095,0.30681,0.88564,-0.75617,3.62881,0.67511,5.92375,1.75091,25.60678,13.24763,57.27886,5.89952,-32.43314,14.91502,-9.15470,-67.90493,8.51924,4.04482,24.18381,2.67724,238.05063,185.06466,1460.26392,40.97750,0.00434,0.00867,0.03865,-0.01481,0.93724,0.04589,1.10456,0.78767,1.01568,0.06333,1.17734,0.84965,1.95244,0.00224,1.95563,1.94209,-4.98574,1.15483,-2.54500,-8.57998,-1.89628,0.00029,-1.89581,-1.89697,0.00086,0.00049,0.00160,0.00000,-1.89567,0.00044,-1.89471,-1.89631,-1.89689,0.00046,-1.89606,-1.89762,2.05692,0.69069,9.77958,1.02729,0.43689,0.16337,0.97979,0.02863,5.16000,2.07480,14.02822,1.35163
950,619.0156908035278,7790592,159.02809,3054.23871,117.66481,341.85969,28.70522,248.34926,437.35938,0.11137,0.32330,0.87869,-0.71805,3.33030,0.76552,6.16916,1.88062,24.06278,11.64420,56.92899,5.12919,-29.95696,15.81756,-7.67688,-70.46024,7.59506,4.47242,24.05886,1.90796,233.87963,208.67449,1391.24011,35.29332,0.00373,0.00788,0.03026,-0.01473,0.93992,0.04309,1.03787,0.74317,1.01468,0.06323,1.20067,0.83782,1.95087,0.00208,1.95430,1.94088,-5.08974,1.27777,-2.58825,-9.94387,-1.89539,0.00034,-1.89503,-1.89611,0.00159,0.00055,0.00230,0.00027,-1.89426,0.00071,-1.89342,-1.89590,-1.89652,0.00018,-1.89611,-1.89684,1.97302,0.48626,4.63786,1.02340,0.46062,0.15007,0.97294,0.05670,5.07276,1.97170,12.44212,1.75353
960,621.76185131073,7872512,148.35129,2933.01882,129.79346,344.63870,28.74576,248.28137,470.70312,0.11262,0.19347,0.68887,-0.49195,2.91106,0.74531,5.49140,1.66934,21.16743,12.80372,52.45695,4.55103,-26.27130,14.28333,-6.34264,-67.56953,5.97159,3.67869,29.20211,1.81048,207.69227,183.00255,1695.48206,20.69723,0.00364,0.00787,0.02808,-0.01888,0.94107,0.04650,1.08960,0.77317,1.00294,0.06277,1.18770,0.84047,1.95091,0.00201,1.95394,1.94326,-4.86521,1.20342,-2.66296,-9.58008,-1.89544,0.00028,-1.89485,-1.89601,0.00237,0.00041,0.00300,0.00155,-1.89376,0.00031,-1.89321,-1.89431,-1.89711,0.00048,-1.89635,-1.89779,1.95269,0.51741,6.18943,1.02039,0.47078,0.15090,0.98247,0.11913,5.13717,1.97198,13.44458,1.41771
970,621.19393491745,7954432,133.11272,3041.77154,143.64932,343.37739,29.17266,248.54237,421.00000,0.07005,0.18319,0.63586,-0.43652,3.06969,0.67437,4.91847,1.72630,24.46107,13.03923,58.94048,5.38861,-26.35546,14.06968,-8.15339,-60.85219,6.41022,3.34600,21.94132,2.37849,208.71315,173.38109,1511.41248,28.75300,0.00314,0.00777,0.03531,-0.01645,0.94120,0.04751,1.05509,0.80153,1.00714,0.06417,1.20199,0.83013,1.94937,0.00232,1.95230,1.93616,-4.88768,1.19216,-2.54754,-9.85741,-1.89460,0.00057,-1.89352,-1.89514,0.00307,0.00049,0.00371,0.00227,-1.89243,0.00063,-1.89134,-1.89345,-1.89677,0.00070,-1.89532,-1.89756,1.94163,0.52126,8.08308,1.01614,0.48129,0.14875,0.98376,0.06566,5.01456,2.05828,13.76279,1.72634
980,621.3823764324188,8036352,151.29862,2692.96193,122.02114,344.64455,28.74292,247.88591,433.79688,0.13108,0.25718,0.78243,-0.46982,3.26215,0.97285,6.09200,1.39342,23.06183,15.32717,69.61261,4.03097,-32.06035,18.66335,-5.10305,-72.44604,7.29055,5.05286,31.10433,1.33083,253.76388,253.00054,1651.36328,23.77579,0.00392,0.00857,0.04516,-0.01616,0.93702,0.04397,1.07146,0.82192,1.01297,0.06300,1.20762,0.83913,1.94673,0.00226,1.95011,1.93537,-5.02578,1.30257,-2.23660,-9.80644,-1.89331,0.00060,-1.89205,-1.89407,0.00255,0.00040,0.00312,0.00164,-1.89151,0.00041,-1.89085,-1.89219,-1.89512,0.00084,-1.89326,-1.89598,1.98597,0.55321,6.91246,1.03070,0.46300,0.15254,0.97847,0.06251,4.98772,1.96593,16.98209,1.64317
990,621.8191864490509,8118272,141.83522,2154.56067,125.76622,344.33789,28.82039,248.55840,380.51562,0.08793,0.27522,0.84055,-0.92005,3.41675,0.74523,5.56774,2.04130,26.64165,12.23806,57.86814,4.73954,-27.94188,14.19099,-7.11601,-63.42222,7.69555,4.16090,23.72382,2.31896,258.14711,213.60976,1535.65088,30.30905,0.00338,0.00782,0.04537,-0.01831,0.92904,0.04516,1.07494,0.80587,1.00892,0.06276,1.21433,0.84361,1.94330,0.00209,1.94636,1.93194,-4.87199,1.25514,-2.76969,-12.02268,-1.89157,0.00024,-1.89106,-1.89220,0.00136,0.00047,0.00242,0.00085,-1.89061,0.00047,-1.88936,-1.89116,-1.89254,0.00034,-1.89219,-1.89338,1.99660,0.53294,5.13543,1.01767,0.46646,0.15940,0.98626,0.08058,4.91964,1.85529,14.60151,1.47316
1000,622.4209396839142,8200192,138.76914,2955.22012,117.43870,344.47130,29.01030,248.84349,414.82812,0.16778,0.20268,0.75032,-0.33573,3.37020,0.55153,5.28674,2.02354,25.47194,10.61988,66.34672,5.59209,-30.18426,12.59884,-8.67169,-64.80961,7.95725,3.70952,24.81548,2.63343,253.11043,195.27651,1502.24548,44.50604,0.00347,0.00761,0.03787,-0.01397,0.92959,0.04497,1.05606,0.78571,1.01364,0.06126,1.24436,0.84948,1.94101,0.00215,1.94408,1.92677,-4.95685,1.15956,-2.52593,-9.40962,-1.89050,0.00019,-1.89022,-1.89105,0.00227,0.00032,0.00272,0.00156,-1.88890,0.00036,-1.88832,-1.88960,-1.89210,0.00023,-1.89158,-1.89275,1.97446,0.53713,6.53643,1.01859,0.46909,0.14855,0.97812,0.07570,5.22116,2.00185,13.28127,1.67327
1010,621.7925293445587,8282112,134.70425,2636.06259,133.76027,343.37266,28.86668,249.45382,446.15625,-0.00010,0.32574,0.60423,-0.92971,3.24703,0.87431,6.14026,1.69833,20.55135,9.85584,50.82915,5.62691,-31.39111,15.80142,-5.59380,-65.36491,7.94471,5.13364,33.22752,1.63075,203.65853,173.47012,1452.15955,21.12875,0.00370,0.00752,0.03957,-0.01661,0.92308,0.04652,1.06009,0.77294,1.01842,0.06758,1.21283,0.83572,1.93978,0.00196,1.94271,1.92672,-5.06560,1.34480,-2.27215,-9.57470,-1.88979,0.00022,-1.88939,-1.89035,0.00194,0.00023,0.00238,0.00146,-1.88842,0.00030,-1.88786,-1.88913,-1.89117,0.00025,-1.89071,-1.89160,2.00302,0.56406,7.12754,1.01531,0.45692,0.16072,0.98158,0.02771,4.95800,1.83319,12.75314,1.69130
1020,623.4220705032349,8364032,135.37726,3411.75215,116.47746,346.12919,28.70782,248.49446,393.78125,0.05763,0.21717,0.64798,-0.68723,3.39772,0.81262,6.12769,1.79195,23.59238,10.47778,55.42858,4.97381,-33.24430,14.02447,-10.31998,-64.42970,8.64930,4.68863,34.03452,2.88823,231.63844,191.43059,1501.83960,34.89862,0.00276,0.00706,0.02637,-0.01617,0.92748,0.04104,1.04396,0.80727,1.01047,0.06019,1.25840,0.84709,1.93636,0.00243,1.94073,1.92626,-4.99383,1.25691,-2.60213,-9.96104,-1.88810,0.00065,-1.88709,-1.88940,0.00293,0.00039,0.00353,0.00219,-1.88602,0.00088,-1.88475,-1.88785,-1.89017,0.00046,-1.88937,-1.89106,1.99544,0.74030,11.28627,1.01976,0.47945,0.15407,0.98263,0.11073,4.92103,1.75978,11.77399,1.66175
1030,624.5332713127136,8445952,118.08291,2793.17744,129.45507,345.98937,29.04260,249.40479,400.96875,0.03889,0.21854,0.58841,-0.60038,3.39123,0.81472,5.58954,1.72238,23.80185,10.13932,54.09129,5.54695,-30.86098,14.49172,-9.22346,-60.88106,8.31469,4.56901,27.44417,2.16598,226.62868,180.96453,1762.97375,30.95633,0.00337,0.00731,0.03805,-0.01325,0.92270,0.04488,1.04893,0.78500,1.01311,0.05877,1.17413,0.86001,1.93357,0.00209,1.93631,1.91757,-5.17937,1.42367,-2.18652,-10.96122,-1.88674,0.00023,-1.88632,-1.88712,0.00313,0.00024,0.00374,0.00267,-1.88453,0.00026,-1.88407,-1.88506,-1.88895,0.00032,-1.88831,-1.88941,2.00494,0.57547,6.30058,1.02980,0.46678,0.14936,0.97443,0.10980,5.14226,1.81547,12.66554,1.85842
1040,623.0126240253448,8527872,117.94084,3028.06710,161.37363,344.80291,28.88785,249.21988,380.78125,0.01610,0.16486,0.43404,-0.49513,2.87386,0.63442,5.03690,1.81902,16.13441,8.42884,40.89531,5.00119,-27.60620,14.78955,-8.59642,-69.37957,6.10591,3.30044,25.44736,2.40898,157.60474,122.70327,1045.21289,30.06795,0.00260,0.00752,0.02764,-0.01616,0.91927,0.04489,1.04996,0.76233,1.00461,0.06298,1.24889,0.83699,1.93128,0.00243,1.93488,1.91848,-4.89878,1.27426,-2.38644,-8.90548,-1.88559,0.00064,-1.88464,-1.88642,0.00278,0.00045,0.00364,0.00199,-1.88363,0.00069,-1.88269,-1.88462,-1.88756,0.00073,-1.88636,-1.88872,1.97994,0.65287,10.19607,1.03793,0.48402,0.14190,0.96901,0.08198,5.01863,1.89301,11.39652,1.84248
1050,553.3379456996918,8609792,121.31442,2840.53458,139.26626,342.09011,28.60742,182.54216,300.32812,0.04611,0.21821,0.62062,-0.58692,3.24920,0.67047,5.22595,1.72430,23.93456,12.89321,57.00385,5.09952,-27.45965,12.58322,-8.26796,-59.78230,7.40309,3.51796,26.50676,2.43602,246.73545,194.08815,1408.13867,34.00066,0.00192,0.00741,0.02970,-0.01694,0.91640,0.04253,1.04120,0.71051,1.00841,0.05915,1.25609,0.84555,1.92921,0.00234,1.93205,1.91815,-4.87753,1.31246,-2.69972,-11.03537,-1.88466,0.00026,-1.88418,-1.88503,0.00257,0.00025,0.00296,0.00209,-1.88284,0.00039,-1.88216,-1.88336,-1.88648,0.00021,-1.88617,-1.88692,1.84371,0.44463,5.74555,1.02471,0.52136,0.13550,0.97414,0.21293,5.08314,1.97633,15.35907,1.81649
1060,620.8427906036377,8691712,132.09503,3462.02634,130.53221,343.27397,28.89159,248.58780,372.98438,0.07911,0.22643,0.67128,-0.65526,3.31609,0.81846,6.94794,1.85302,22.69531,10.52813,56.18318,5.76928,-28.18664,15.14217,-8.91312,-68.17844,8.03881,5.06737,45.35330,2.60633,220.41957,175.11667,1625.99524,39.26169,0.00345,0.00774,0.05004,-0.01434,0.92115,0.04450,1.04279,0.76903,1.01674,0.06513,1.33292,0.85919,1.93013,0.00219,1.93265,1.91597,-5.30992,1.57758,-2.48730,-15.92236,-1.88505,0.00011,-1.88478,-1.88528,0.00214,0.00032,0.00253,0.00152,-1.88354,0.00019,-1.88320,-1.88396,-1.88656,0.00030,-1.88585,-1.88698,1.89610,0.47273,5.22677,1.01608,0.49985,0.14443,0.97437,0.12102,5.35722,2.00928,13.37649,2.16331
1070,575.8663892745972,8773632,159.65981,3542.84017,131.45457,342.68934,29.09431,203.99091,357.28125,0.11193,0.28670,1.17127,-0.72386,3.47195,0.69635,5.99601,1.91796,24.23368,10.82004,55.08110,5.36524,-33.33896,13.62069,-9.42217,-69.05231,8.98288,4.08924,29.88777,3.32424,257.46286,193.23002,1497.01514,56.07776,0.00206,0.00685,0.02382,-0.01532,0.92573,0.04233,1.05309,0.79195,0.99781,0.05682,1.20471,0.84674,1.92999,0.00187,1.93243,1.92169,-4.78858,1.11990,-2.42207,-8.61145,-1.88488,0.00019,-1.88460,-1.88526,0.00223,0.00083,0.00341,0.00110,-1.88331,0.00074,-1.88240,-1.88432,-1.88645,0.00045,-1.88577,-1.88723,1.84676,0.43091,3.96852,1.02539,0.51687,0.14793,0.97291,0.15874,5.05357,1.81792,11.44466,1.93644
1080,621.0321033000946,8855552,137.22174,3519.03795,127.29402,343.01829,29.35739,248.56327,356.54688,-0.03514,0.20047,0.60724,-0.51576,3.23893,0.62219,5.46811,1.77716,21.51541,9.68371,45.03240,7.41263,-30.00274,13.05468,-9.34243,-66.50600,8.13409,4.01640,30.21610,2.37581,222.69263,197.95206,1903.50403,31.17114,0.00264,0.00760,0.03285,-0.01815,0.91913,0.04433,1.03752,0.77596,1.01448,0.05969,1.21764,0.84033,1.92944,0.00180,1.93174,1.92077,-5.06891,1.27634,-2.58496,-10.98307,-1.88462,0.00019,-1.88421,-1.88487,0.00346,0.00016,0.00376,0.00321,-1.88217,0.00020,-1.88177,-1.88259,-1.88707,0.00024,-1.88655,-1.88744,1.86991,0.50832,8.45480,1.02185,0.50037,0.14548,0.97369,0.06216,5.49185,2.13621,12.98447,1.61241
1090,622.7429506778717,8937472,135.17236,3790.45882,129.04764,343.70262,28.75569,250.19227,366.06250,0.00700,0.26115,0.72700,-0.76907,3.51370,0.74887,6.05017,2.00038,24.90547,12.38563,61.41095,5.33634,-31.35706,12.43572,-8.83563,-61.79089,9.41359,4.60643,31.29382,2.49492,235.69406,204.09914,1571.33484,34.47746,0.00283,0.00724,0.03087,-0.01837,0.91853,0.04665,1.04957,0.77713,1.01233,0.06265,1.26324,0.83005,1.92870,0.00202,1.93175,1.91799,-4.94759,1.22914,-2.41850,-11.12711,-1.88425,0.00039,-1.88357,-1.88491,0.00433,0.00029,0.00473,0.00362,-1.88119,0.00054,-1.88025,-1.88198,-1.88732,0.00030,-1.88686,-1.88814,1.86313,0.44970,4.42069,1.01824,0.50627,0.15307,0.97907,0.02105,5.29228,1.99917,12.41727,1.84324
1100,628.9026622772217,9019392,113.14160,3063.54334,96.34984,350.41044,29.62972,248.53740,337.79688,0.14129,0.27343,0.83132,-0.68018,3.57939,0.81573,6.43737,1.95256,25.68219,10.56214,60.54507,7.75186,-32.53163,16.44120,-9.30848,-69.15535,9.23676,5.15513,37.79578,2.57746,226.69226,174.37116,1415.97876,39.33885,0.00322,0.00719,0.02472,-0.01493,0.91945,0.04560,1.03508,0.76682,1.00781,0.06396,1.25843,0.83264,1.92664,0.00209,1.92959,1.91529,-4.99027,1.28270,-2.73322,-10.36404,-1.88319,0.00050,-1.88205,-1.88379,0.00444,0.00027,0.00484,0.00378,-1.88005,0.00036,-1.87938,-1.88061,-1.88633,0.00066,-1.88473,-1.88700,1.96680,0.54986,6.07356,1.02257,0.46288,0.15566,0.98298,0.04293,5.30679,1.99891,13.28734,1.79432
1110,623.2768440246582,9101312,119.02850,2769.64473,124.16896,344.81482,28.71090,249.65994,405.92188,0.07146,0.18047,0.55258,-0.45093,3.02347,0.64605,5.43713,1.73814,21.37094,9.36493,58.39206,4.87783,-27.64488,13.06247,-9.04763,-58.64556,6.82553,3.49453,22.88242,2.32951,205.31880,157.76093,1322.72314,41.73755,0.00225,0.00706,0.02721,-0.01452,0.91574,0.04344,1.05452,0.78901,1.00887,0.06252,1.25767,0.84096,1.92421,0.00183,1.92645,1.91561,-5.00609,1.61806,-2.31484,-13.95279,-1.88192,0.00024,-1.88126,-1.88218,0.00423,0.00030,0.00496,0.00377,-1.87893,0.00041,-1.87790,-1.87946,-1.88492,0.00019,-1.88462,-1.88531,1.82712,0.43319,7.03163,1.02088,0.51580,0.13725,0.98090,0.19055,5.26562,1.83438,14.24313,1.92804
1120,623.409859418869,9183232,129.89134,2066.65229,125.89571,344.11938,28.78802,250.40710,420.68750,0.01796,0.21441,0.63077,-0.86292,3.12299,1.01420,6.74221,1.22562,20.37739,10.00244,52.12561,3.79214,-27.42508,14.56955,-5.66742,-68.96008,7.18747,4.58288,36.49374,1.04321,244.54265,280.12551,1867.52649,17.09135,0.00261,0.00723,0.03326,-0.01667,0.91101,0.04444,1.03729,0.78391,1.00871,0.06143,1.21355,0.84626,1.92184,0.00207,1.92467,1.91085,-4.97748,1.24732,-2.50790,-9.54214,-1.88089,0.00030,-1.88049,-1.88130,0.00493,0.00018,0.00528,0.00454,-1.87741,0.00035,-1.87702,-1.87799,-1.88438,0.00030,-1.88391,-1.88486,1.84988,0.44898,4.68957,1.02596,0.50876,0.15150,0.97998,0.03117,5.53093,2.07381,15.26241,1.94653
1130,622.1896524429321,9265152,147.75456,2905.24699,139.81672,344.12844,28.97558,248.98987,439.23438,-0.04088,0.20084,0.50089,-0.77442,3.50875,0.80226,6.19851,1.83284,25.86548,13.73948,67.48030,5.69019,-30.93861,14.50059,-9.67473,-66.90063,8.68071,4.69871,28.93537,2.58921,288.70463,273.17345,2872.74463,27.53227,0.00295,0.00654,0.02882,-0.01572,0.91758,0.04538,1.05680,0.77463,1.00573,0.06366,1.18708,0.80412,1.92090,0.00214,1.92332,1.90882,-5.03564,1.30747,-2.31356,-10.78249,-1.88040,0.00019,-1.87998,-1.88064,0.00477,0.00014,0.00503,0.00451,-1.87702,0.00021,-1.87659,-1.87737,-1.88377,0.00022,-1.88321,-1.88402,1.83995,0.41401,3.67652,1.01658,0.50527,0.14516,0.98258,0.12961,5.40044,1.90210,14.54374,2.00586
1140,620.086651802063,9347072,118.25442,2380.56915,127.52008,343.65339,28.81494,247.52306,398.14062,0.04467,0.24155,0.52781,-0.81420,3.06596,0.98079,6.37132,1.43710,20.19466,10.40078,50.76257,5.11015,-27.73581,15.19936,-7.04513,-66.63570,7.39609,5.00763,37.52175,1.21252,206.83831,190.37615,1354.94775,21.50816,0.00220,0.00717,0.03576,-0.01536,0.91173,0.04740,1.04132,0.76203,1.00135,0.06453,1.16633,0.86090,1.91860,0.00215,1.92202,1.90573,-4.87509,1.20734,-2.54691,-8.63616,-1.87923,0.00033,-1.87875,-1.87999,0.00492,0.00017,0.00521,0.00442,-1.87575,0.00032,-1.87527,-1.87673,-1.88271,0.00039,-1.88221,-1.88338,1.85599,0.54596,8.96727,1.01524,0.51476,0.14783,0.98324,0.15175,5.37301,2.07788,19.07221,1.48162
1150,620.6421492099762,9428992,122.12461,2173.21564,139.69199,343.54668,28.81075,248.18159,351.62500,0.03097,0.19715,0.46986,-0.51787,2.75481,0.72050,5.42912,1.45768,17.67729,9.69547,56.62006,4.81007,-25.67143,13.21168,-6.38973,-57.42760,5.93536,3.54959,26.57690,1.69352,170.02042,157.34138,1213.17932,27.22006,0.00288,0.00677,0.03543,-0.01541,0.91196,0.04543,1.03319,0.76446,1.00637,0.06335,1.22962,0.84955,1.91812,0.00195,1.92058,1.90819,-4.87061,1.19211,-2.52049,-10.02763,-1.87898,0.00013,-1.87875,-1.87926,0.00456,0.00021,0.00507,0.00430,-1.87576,0.00023,-1.87530,-1.87618,-1.88221,0.00016,-1.88180,-1.88249,1.82605,0.42637,4.36748,1.01945,0.52551,0.14269,0.98251,0.09553,5.29894,2.03807,20.02551,1.74967
1160,620.9135224819183,9510912,126.14255,3342.88726,134.85314,343.73543,28.80263,248.28338,380.75000,-0.09684,0.19632,0.38929,-0.84941,3.22924,0.82231,6.37011,1.93318,18.50573,10.96073,50.99564,5.03518,-30.81159,14.23069,-9.61684,-66.42924,8.12422,4.59443,37.16310,2.59701,212.91962,191.94229,1308.83521,40.51733,0.00201,0.00672,0.02357,-0.01468,0.91336,0.04375,1.05344,0.77155,1.00502,0.06082,1.18943,0.81105,1.91741,0.00198,1.91997,1.90495,-4.97567,1.23916,-2.36236,-9.62053,-1.87865,0.00029,-1.87811,-1.87897,0.00513,0.00026,0.00552,0.00456,-1.87502,0.00018,-1.87477,-1.87533,-1.88228,0.00045,-1.88142,-1.88273,1.81480,0.87285,18.91146,1.02699,0.52749,0.14683,0.97414,0.13058,5.18335,1.90706,13.71414,1.89723
1170,621.2777400016785,9592832,133.38361,2933.00738,108.03802,344.33175,28.91449,247.91535,399.79688,0.02076,0.21775,0.48638,-0.62681,3.27349,0.74440,5.50049,1.94811,18.71934,9.91055,55.92288,4.48490,-31.84161,15.64920,-7.99822,-64.90924,8.19787,4.27175,23.48190,2.25089,230.25284,194.86736,2191.01392,30.82748,0.00256,0.00688,0.04830,-0.01574,0.90838,0.04477,1.03606,0.75364,1.00709,0.06427,1.20858,0.83667,1.91683,0.00194,1.92011,1.90567,-4.98390,1.41649,-2.55051,-10.26988,-1.87827,0.00032,-1.87788,-1.87908,0.00525,0.00050,0.00594,0.00456,-1.87456,0.00022,-1.87422,-1.87502,-1.88198,0.00063,-1.88121,-1.88323,1.81983,0.44029,4.25873,1.01518,0.52416,0.14053,0.98285,0.08769,5.09989,1.89636,17.28054,2.13521
1180,629.7890422344208,9674752,131.43582,2743.82768,120.78002,343.26742,37.86738,248.55813,467.14062,0.00730,0.21695,0.71326,-0.68055,3.18382,0.81222,5.91339,1.52637,19.67975,10.43016,56.23385,3.37069,-30.19680,13.92471,-8.17299,-64.65807,7.88956,4.43055,29.52911,1.95411,233.32028,226.64503,1787.85754,28.54145,0.00150,0.00687,0.03853,-0.01675,0.91381,0.04473,1.02557,0.76648,1.00395,0.06369,1.24419,0.77177,1.91737,0.00202,1.92017,1.90365,-4.86255,1.30282,-2.41820,-10.63028,-1.87859,0.00031,-1.87822,-1.87910,0.00612,0.00027,0.00669,0.00577,-1.87426,0.00043,-1.87365,-1.87494,-1.88292,0.00027,-1.88248,-1.88331,1.84756,0.51805,5.97863,1.01318,0.52873,0.14553,0.99038,0.08489,5.06931,1.88158,18.04809,1.71962
1190,620.8618628978729,9756672,143.36093,3235.27091,119.38129,342.21809,30.50723,248.03827,359.56250,0.07667,0.20286,0.68475,-0.55363,2.92329,0.56963,5.25641,2.06246,21.47952,11.38730,47.76175,6.04165,-22.75333,12.22950,-5.89817,-61.78650,6.56074,3.18229,23.02853,2.66107,187.69938,147.36986,987.33417,35.74763,0.00222,0.00659,0.03211,-0.01844,0.91285,0.04671,1.04669,0.76671,0.99904,0.05988,1.16943,0.83001,1.91709,0.00196,1.91926,1.90529,-4.80632,1.07941,-2.06033,-9.56102,-1.87846,0.00013,-1.87816,-1.87862,0.00710,0.00040,0.00802,0.00663,-1.87344,0.00038,-1.87251,-1.87384,-1.88348,0.00021,-1.88305,-1.88386,1.74142,0.37316,4.66385,1.01569,0.54805,0.14132,0.98597,0.11730,5.40256,1.89876,13.80060,1.59784
1200,617.8540272712708,9838592,140.25781,3213.68243,152.46887,340.57042,28.89129,248.29141,383.09375,0.03194,0.27388,0.66929,-0.85318,3.35598,0.75827,6.02997,1.70689,20.71969,11.83286,59.18216,5.64450,-33.96705,14.65493,-7.68078,-66.53766,8.91153,4.73868,30.67754,2.16563,273.73132,217.74834,1562.12817,53.11136,0.00256,0.00659,0.02692,-0.01333,0.91156,0.04785,1.04648,0.78355,1.00478,0.06769,1.21722,0.84034,1.91554,0.00213,1.91827,1.90446,-5.00099,1.35339,-2.59137,-10.40653,-1.87775,0.00037,-1.87704,-1.87819,0.00819,0.00033,0.00879,0.00775,-1.87195,0.00058,-1.87091,-1.87266,-1.88354,0.00020,-1.88303,-1.88386,1.77991,0.43714,4.43836,1.01867,0.54713,0.13854,0.97541,0.15842,5.45606,2.09036,15.49852,1.46872
1210,619.9334950447083,9920512,138.91567,3016.66092,134.41287,343.05657,28.67584,248.10896,408.21875,0.08600,0.23365,0.87201,-0.52283,3.46430,0.81320,5.69603,1.83586,24.15557,12.72660,60.57032,4.47590,-34.74777,14.75855,-8.44687,-70.94335,9.21260,4.72734,29.61035,2.49246,245.05090,176.80974,1253.62036,44.51003,0.00231,0.00608,0.02260,-0.01660,0.91014,0.04365,1.03771,0.76234,1.00814,0.06204,1.24570,0.83397,1.91455,0.00182,1.91672,1.90268,-4.97927,1.26583,-2.58036,-9.73601,-1.87711,0.00016,-1.87670,-1.87731,0.00832,0.00041,0.00886,0.00756,-1.87123,0.00017,-1.87093,-1.87154,-1.88300,0.00044,-1.88205,-1.88352,1.76535,0.39764,5.14473,1.01725,0.54075,0.14880,0.98199,0.10169,5.14667,1.83004,12.42032,1.42065
1220,619.5133306980133,10002432,135.02296,2627.56903,127.88010,342.60943,28.67141,248.13840,439.07812,0.10275,0.22603,0.52510,-0.84396,3.03151,0.66735,5.41063,1.66966,19.68896,10.31810,60.29663,4.26235,-28.11917,14.77678,-7.49345,-62.74295,7.24873,3.91018,27.17924,2.42650,206.54102,185.14324,1309.00500,34.61926,0.00238,0.00621,0.02684,-0.01497,0.90415,0.04641,1.02246,0.75999,1.00631,0.06450,1.19231,0.86535,1.91278,0.00215,1.91546,1.90071,-4.95806,1.24240,-2.44214,-9.11059,-1.87632,0.00030,-1.87573,-1.87670,0.00735,0.00022,0.00764,0.00699,-1.87113,0.00021,-1.87070,-1.87147,-1.88152,0.00043,-1.88074,-1.88204,1.75884,0.40269,3.93853,1.01344,0.55581,0.13857,0.98505,0.20344,5.04980,1.84423,12.23554,1.89392
1230,623.2862644195557,10084352,135.61816,2557.69714,135.59673,345.10539,28.77581,249.30850,422.10938,0.18009,0.24993,0.82298,-0.46162,2.94822,0.60382,4.71955,1.54504,21.42056,12.16252,59.94167,3.78558,-24.61561,13.96732,-4.09074,-59.21440,6.25017,2.97839,21.50801,2.18135,193.83995,158.73557,1086.55652,28.97662,0.00207,0.00625,0.04012,-0.01466,0.90226,0.04412,1.04198,0.77410,1.00883,0.06315,1.19490,0.83365,1.91266,0.00195,1.91529,1.90404,-4.96264,1.23430,-2.31850,-9.42938,-1.87624,0.00023,-1.87574,-1.87663,0.00727,0.00018,0.00751,0.00696,-1.87110,0.00019,-1.87072,-1.87148,-1.88138,0.00033,-1.88075,-1.88193,1.70359,0.36776,3.89525,1.01961,0.56316,0.15065,0.98710,0.17108,5.07775,1.91195,16.48733,1.80594
1240,618.6643328666687,10166272,146.71684,2927.68080,135.32912,342.92501,28.72374,246.82107,393.06250,-0.04407,0.26986,0.76782,-0.85395,2.91523,0.75552,6.50593,1.45541,20.29887,11.86215,54.12370,3.79513,-28.27524,14.75054,-7.49123,-70.32415,6.50175,3.65100,25.89000,1.55864,246.07978,223.99354,1807.52112,24.95591,0.00210,0.00649,0.02772,-0.01744,0.90518,0.04692,1.04130,0.75518,1.00952,0.06355,1.24481,0.85410,1.91315,0.00232,1.91601,1.89898,-5.09447,1.35258,-2.34557,-12.23720,-1.87653,0.00032,-1.87591,-1.87699,0.00725,0.00026,0.00785,0.00688,-1.87141,0.00050,-1.87036,-1.87213,-1.88166,0.00015,-1.88143,-1.88188,1.75104,0.41524,5.53045,1.01213,0.54622,0.14610,0.98665,0.11073,5.31614,1.97361,13.89877,1.56118
1250,618.5972194671631,10248192,161.85245,3013.67508,133.47686,341.97939,28.94495,247.57901,451.98438,0.03574,0.22045,0.70350,-0.64844,3.31636,0.59334,5.74508,1.77690,22.36596,10.15170,52.77401,7.06954,-30.20375,13.47054,-7.61727,-63.11635,8.67457,3.76441,31.88487,2.64266,249.25036,209.77273,1576.77539,45.45463,0.00230,0.00566,0.02223,-0.01308,0.90959,0.04650,1.03509,0.77586,1.00270,0.06936,1.26700,0.81372,1.91196,0.00196,1.91432,1.90274,-5.00579,1.44327,-2.30958,-10.34061,-1.87597,0.00009,-1.87584,-1.87614,0.00767,0.00026,0.00802,0.00713,-1.87054,0.00020,-1.87029,-1.87102,-1.88139,0.00020,-1.88110,-1.88180,1.64385,0.34177,4.59075,1.02008,0.59696,0.13362,0.98716,0.17406,4.99891,1.77169,13.46406,1.86726
1260,617.9717910289764,10330112,136.31096,2544.86842,124.03334,341.21603,28.98094,247.64800,428.09375,0.10468,0.24618,0.76447,-0.68233,2.79716,0.66557,5.28402,1.45424,17.13108,9.25188,48.84626,4.81900,-26.54886,14.20527,-7.15269,-65.29607,6.26937,3.43038,26.28177,1.46590,180.96468,166.06364,1406.20105,26.25250,0.00170,0.00591,0.02553,-0.01411,0.90562,0.04468,1.07342,0.75772,1.00247,0.06519,1.27173,0.84159,1.91228,0.00192,1.91461,1.90308,-5.02814,1.34004,-2.76837,-11.80030,-1.87613,0.00011,-1.87589,-1.87631,0.00796,0.00049,0.00862,0.00727,-1.87049,0.00030,-1.87000,-1.87084,-1.88176,0.00041,-1.88113,-1.88233,1.66034,0.41838,5.90371,1.01154,0.58800,0.13783,0.98890,0.19912,5.07788,1.74682,13.22725,1.38857
1270,618.3224928379059,10412032,112.54783,3440.23142,136.90639,341.47514,28.93408,247.81905,372.25000,0.06368,0.23074,0.85570,-0.55435,2.93589,0.75362,5.76346,1.62695,16.74612,9.46294,48.07959,4.20271,-28.53436,15.76457,-6.98546,-65.62820,6.87651,4.09511,33.14725,1.96502,222.90991,223.62350,1950.75562,27.64249,0.00216,0.00645,0.02881,-0.01787,0.90993,0.04325,1.00552,0.76073,0.99415,0.06068,1.20240,0.82032,1.91256,0.00204,1.91477,1.90244,-4.92683,1.27938,-2.56705,-9.79456,-1.87622,0.00008,-1.87607,-1.87638,0.00891,0.00014,0.00919,0.00860,-1.86992,0.00015,-1.86964,-1.87016,-1.88253,0.00011,-1.88216,-1.88266,1.66039,0.35315,4.97633,1.02075,0.57327,0.13769,0.98628,0.22172,5.42902,2.04974,14.80333,1.77158
1280,618.2678360939026,10493952,144.94844,2799.65650,138.63965,340.89605,28.69630,248.55887,364.79688,-0.00371,0.26228,0.66536,-0.79236,3.28881,0.80634,6.12687,1.73670,23.70273,12.59427,56.54798,4.73546,-30.74597,17.02727,-5.77716,-66.96931,8.76605,4.79666,28.11032,2.31624,285.86241,267.07195,1732.10779,33.73915,0.00190,0.00651,0.03283,-0.01558,0.91190,0.04073,1.01323,0.76491,0.99536,0.05999,1.19674,0.83320,1.91168,0.00182,1.91446,1.90045,-4.91826,1.26279,-2.20484,-9.69527,-1.87566,0.00030,-1.87520,-1.87618,0.00870,0.00015,0.00907,0.00848,-1.86951,0.00037,-1.86888,-1.87007,-1.88181,0.00027,-1.88141,-1.88229,1.71621,0.34565,3.40549,1.01261,0.55060,0.14899,0.99079,0.09523,5.24165,1.93179,12.87892,1.78352
1290,621.1612641811371,10575872,137.84267,2601.34737,130.33112,344.34336,28.67131,248.05243,449.62500,0.01952,0.20209,0.61064,-0.52953,3.12441,0.69049,5.58592,1.82315,21.89895,11.90588,54.64265,4.35830,-29.55231,15.51483,-9.46358,-69.06772,7.98371,4.27427,31.34550,2.25613,251.08116,219.59915,2067.12085,28.34303,0.00232,0.00587,0.02257,-0.01489,0.90883,0.04465,1.01342,0.76274,1.00356,0.06229,1.23371,0.82174,1.91024,0.00224,1.91277,1.89470,-5.06465,1.35225,-2.50169,-10.42357,-1.87518,0.00010,-1.87497,-1.87535,0.00935,0.00015,0.00959,0.00908,-1.86857,0.00015,-1.86827,-1.86887,-1.88179,0.00015,-1.88159,-1.88212,1.65073,0.35048,3.63302,1.01107,0.58851,0.14041,0.98610,0.23781,5.34636,1.98339,13.68935,1.80057
1300,619.9909162521362,10657792,125.86112,2746.79145,119.72917,343.25778,28.62276,248.01663,447.40625,0.00438,0.28188,0.66961,-0.69227,3.20601,0.64955,5.24309,1.86932,20.59251,11.57185,51.74518,4.91418,-30.13151,13.26259,-8.99060,-62.48168,8.60761,3.66938,23.18250,2.56272,289.19344,273.56747,2285.39526,43.62940,0.00154,0.00595,0.02201,-0.01231,0.90258,0.04429,1.07210,0.76476,1.01130,0.06442,1.19201,0.83413,1.91016,0.00201,1.91251,1.89810,-5.07676,1.18835,-2.72567,-9.49464,-1.87501,0.00013,-1.87476,-1.87522,0.00967,0.00026,0.01022,0.00936,-1.86817,0.00031,-1.86754,-1.86857,-1.88184,0.00009,-1.88163,-1.88199,1.63432,0.32249,4.86778,1.01074,0.58309,0.14017,0.98504,0.06898,5.28645,1.81885,12.58281,1.67266
1310,621.746907711029,10739712,126.77486,2584.42818,133.22608,344.01788,29.03789,248.59487,383.18750,0.03891,0.19164,0.64373,-0.53571,2.91817,0.62618,5.44164,1.67347,20.41636,11.68785,54.99909,4.44147,-27.01255,13.49707,-7.10970,-61.31646,6.79078,3.48154,29.56026,2.37708,250.71811,253.94002,2092.48853,35.40833,0.00223,0.00591,0.03303,-0.01520,0.90194,0.04733,1.03535,0.72110,1.00721,0.06423,1.30805,0.83632,1.90923,0.00217,1.91152,1.89196,-4.95024,1.28281,-2.72470,-9.35600,-1.87461,0.00007,-1.87450,-1.87476,0.00989,0.00016,0.01019,0.00957,-1.86762,0.00013,-1.86747,-1.86789,-1.88161,0.00014,-1.88139,-1.88196,1.63833,0.35610,3.62781,1.02039,0.60254,0.14118,0.98651,0.10235,5.78247,2.24623,18.17605,2.31300
1320,620.4281163215637,10821632,157.07377,2748.05916,113.69249,343.92672,28.72229,247.69126,463.59375,0.05168,0.20943,0.59887,-0.46902,3.16699,0.69777,5.15989,1.63170,22.46962,11.71234,64.59930,6.74371,-30.45971,14.69561,-6.73246,-67.23898,8.30071,4.01379,21.58314,2.36931,264.75148,227.45869,1731.77417,42.88649,0.00189,0.00570,0.02549,-0.01108,0.90867,0.03976,1.02455,0.77456,1.00456,0.06111,1.20334,0.82170,1.90933,0.00194,1.91160,1.90089,-4.90517,1.34213,-2.57352,-10.63012,-1.87459,0.00010,-1.87444,-1.87475,0.01010,0.00010,0.01030,0.00986,-1.86745,0.00016,-1.86716,-1.86776,-1.88173,0.00007,-1.88155,-1.88184,1.62984,0.46732,8.61676,1.01719,0.60330,0.12816,0.99129,0.22743,5.46432,1.95754,12.93635,2.19262
1330,620.9144027233124,10903552,142.18032,3230.49612,139.27410,343.15777,28.79458,248.85702,365.64062,0.07601,0.17075,0.56247,-0.44615,3.15955,0.66472,5.25915,1.76189,22.38556,10.23456,56.10500,5.80196,-29.62195,14.93293,-9.40352,-70.39903,8.17604,3.75597,25.95403,2.28444,265.19273,225.73065,1505.85608,40.23218,0.00204,0.00533,0.02115,-0.01327,0.90032,0.04436,1.01352,0.75910,1.01187,0.06575,1.25953,0.82609,1.90911,0.00202,1.91119,1.89899,-5.27771,1.50245,-2.70803,-12.67220,-1.87444,0.00008,-1.87423,-1.87461,0.01051,0.00022,0.01084,0.01018,-1.86701,0.00019,-1.86657,-1.86727,-1.88187,0.00016,-1.88165,-1.88213,1.58040,0.26466,2.96876,1.01614,0.61588,0.12480,0.98800,0.27116,5.29211,1.81782,12.93402,1.91937
1340,607.5943608283997,10985472,137.39740,3119.90696,149.64759,344.40065,28.87777,234.21348,373.07812,0.03563,0.21344,0.84149,-0.54887,3.08277,0.71321,5.68932,1.55571,19.71283,12.78459,69.34153,4.43926,-29.25969,14.14061,-8.09111,-61.47215,7.35900,3.48552,21.13962,2.39461,302.23190,291.34805,1969.59106,33.46331,0.00221,0.00541,0.02087,-0.01514,0.90840,0.04451,1.04534,0.71681,1.00368,0.06255,1.26971,0.81803,1.90899,0.00196,1.91128,1.89803,-4.76507,1.15226,-2.18555,-9.69357,-1.87442,0.00012,-1.87420,-1.87463,0.01087,0.00005,0.01095,0.01075,-1.86674,0.00014,-1.86650,-1.86697,-1.88211,0.00011,-1.88189,-1.88229,1.54907,0.25021,2.70334,1.01235,0.62314,0.12704,0.98802,0.24135,5.55319,1.95892,15.76243,1.96548
1350,621.6991760730743,11067392,125.83387,2930.92731,141.17119,344.23878,28.69211,248.67338,391.75000,0.05461,0.27222,0.76384,-0.75198,3.22647,0.73902,5.86663,1.72079,21.73401,10.92470,58.76820,3.75145,-31.60096,15.59701,-7.76675,-67.55975,8.63086,4.59664,31.43087,2.52243,301.39272,298.28875,2789.03857,35.26441,0.00225,0.00570,0.02254,-0.01550,0.90479,0.04385,1.01197,0.72998,1.00808,0.05808,1.19769,0.85684,1.90774,0.00206,1.91051,1.89332,-4.90824,1.10722,-2.66128,-8.45574,-1.87385,0.00017,-1.87362,-1.87437,0.01048,0.00024,0.01089,0.01016,-1.86643,0.00010,-1.86620,-1.86667,-1.88126,0.00033,-1.88083,-1.88206,1.60334,0.29270,3.24754,1.01159,0.61589,0.13231,0.98631,0.30548,5.30421,2.08807,15.20057,2.09857
1360,623.3352842330933,11149312,118.38288,3202.58469,106.97703,344.84824,29.00639,249.38494,435.35938,0.06377,0.21139,0.54744,-0.59644,2.91852,0.69125,5.28746,1.70609,18.53211,10.40722,68.93616,5.16088,-25.91528,14.01028,-7.24839,-63.16053,7.46463,3.69637,22.43153,2.36697,193.62537,146.95723,1144.67395,31.23518,0.00194,0.00509,0.01816,-0.01387,0.90278,0.04440,1.05866,0.77541,1.00253,0.06273,1.23543,0.79468,1.90747,0.00190,1.90968,1.89522,-4.89335,1.25765,-2.31762,-8.82621,-1.87366,0.00005,-1.87358,-1.87380,0.01038,0.00006,0.01047,0.01016,-1.86632,0.00007,-1.86619,-1.86648,-1.88100,0.00007,-1.88083,-1.88112,1.56460,0.27898,2.82229,1.00966,0.62867,0.12555,0.98867,0.26963,5.47171,2.02560,15.69622,2.03892
1370,623.5456213951111,11231232,151.35778,3103.75492,147.87013,345.60049,28.68054,249.16658,488.81250,0.09940,0.22996,0.92720,-0.44348,3.01161,0.68071,5.42446,1.80784,19.82650,10.30301,53.94630,5.92669,-30.05733,17.16744,-7.02929,-70.30828,7.77126,4.08822,29.16368,2.43847,264.72784,250.10182,1558.62891,27.64689,0.00173,0.00540,0.02298,-0.01183,0.90015,0.04331,1.01580,0.76892,1.01044,0.06076,1.19650,0.85100,1.90700,0.00196,1.90923,1.89750,-5.07219,1.39456,-2.27478,-12.77464,-1.87346,0.00009,-1.87326,-1.87358,0.01054,0.00009,0.01068,0.01040,-1.86600,0.00013,-1.86579,-1.86619,-1.88091,0.00009,-1.88070,-1.88104,1.58480,0.30445,3.16321,1.00927,0.61614,0.13375,0.99090,0.32217,5.29566,1.95006,20.14707,1.70116
1380,628.3411927223206,11313152,142.21879,2602.50598,126.75375,348.14318,28.91883,251.18194,426.85938,0.05805,0.18833,0.51973,-0.46097,3.14629,0.74106,5.68709,1.43920,22.04478,11.40361,62.99389,5.78782,-30.24501,14.32443,-8.65416,-64.85202,8.71987,4.53485,26.60474,1.85300,314.09949,287.87920,2538.75854,50.18722,0.00208,0.00485,0.01855,-0.00993,0.90368,0.04403,1.02059,0.78300,1.00163,0.06144,1.26715,0.83621,1.90606,0.00209,1.90851,1.88942,-4.99400,1.39219,-2.44849,-10.63312,-1.87296,0.00010,-1.87284,-1.87326,0.01084,0.00017,0.01104,0.01052,-1.86529,0.00021,-1.86505,-1.86581,-1.88062,0.00007,-1.88053,-1.88078,1.50259,0.24339,2.61460,1.00754,0.65220,0.12997,0.99457,0.24851,5.59964,2.02532,18.24531,1.87828
1390,625.1593034267426,11395072,154.66244,2630.98014,123.46695,347.43576,28.85457,248.76814,460.59375,0.00351,0.20877,0.51402,-0.60175,3.08964,0.84137,5.48104,1.57027,20.71959,12.27493,63.76963,4.74951,-31.00210,15.04207,-7.94416,-63.91211,8.56706,4.85935,27.12809,2.22229,311.21069,255.29273,1879.90234,44.10939,0.00205,0.00500,0.02327,-0.01026,0.89894,0.04309,1.03396,0.74219,1.01644,0.06212,1.22065,0.84313,1.90587,0.00176,1.90803,1.89754,-5.06027,1.31711,-2.32878,-10.08540,-1.87280,0.00010,-1.87266,-1.87298,0.01100,0.00006,0.01108,0.01086,-1.86503,0.00009,-1.86486,-1.86519,-1.88058,0.00013,-1.88038,-1.88077,1.52464,0.27152,2.87829,1.00514,0.64841,0.13367,0.99445,0.18812,5.51298,1.94444,12.29780,2.09036
1400,623.534083366394,11476992,146.62894,2314.04648,165.31059,345.54673,28.70306,249.18477,487.12500,0.05028,0.21454,0.51738,-0.52134,2.67839,0.79631,5.38344,1.28792,15.52798,8.59835,43.93634,4.80302,-25.03973,14.73806,-5.81543,-67.52703,6.67737,4.21249,26.09896,1.28685,189.44631,173.38329,1377.17578,17.63565,0.00175,0.00462,0.01603,-0.01199,0.90693,0.04286,1.00823,0.72434,1.00128,0.06160,1.21240,0.82996,1.90570,0.00193,1.90773,1.89477,-4.82138,1.28606,-2.62245,-10.16835,-1.87276,0.00003,-1.87270,-1.87282,0.01085,0.00006,0.01097,0.01075,-1.86509,0.00005,-1.86498,-1.86518,-1.88043,0.00006,-1.88032,-1.88054,1.49422,0.28075,3.28046,1.00756,0.65641,0.13516,0.99237,0.18686,5.55441,1.73495,13.07081,2.17659
1410,623.8268508911133,11558912,143.42595,3245.32483,138.24072,345.53426,28.70466,249.49381,489.73438,-0.07572,0.18633,0.47963,-0.64452,3.24659,0.84126,5.75588,1.76195,22.52908,13.44667,58.03666,3.79722,-31.01689,14.77634,-8.58115,-60.97031,9.43657,5.25763,30.89223,2.63352,363.27149,306.84927,2392.77271,45.11539,0.00181,0.00437,0.01143,-0.01476,0.91204,0.04529,1.02981,0.76452,0.99420,0.06623,1.20561,0.78855,1.90502,0.00201,1.90743,1.89215,-4.83035,1.33574,-2.51028,-10.39775,-1.87249,0.00009,-1.87238,-1.87273,0.01082,0.00004,0.01089,0.01071,-1.86484,0.00010,-1.86471,-1.86509,-1.88014,0.00009,-1.88002,-1.88037,1.46325,0.26705,3.10666,1.01040,0.66840,0.13357,0.99068,0.24305,5.35704,1.79843,11.11106,1.83535
1420,623.3639760017395,11640832,158.36512,3014.01207,135.91904,344.80901,28.90483,249.55306,383.84375,0.08065,0.19344,0.58292,-0.60331,3.25183,0.68583,5.67524,1.86778,23.04206,12.88544,61.14067,5.27222,-29.23689,14.23504,-8.21237,-67.39809,9.17454,4.05587,25.55831,3.08716,349.89710,346.48226,3443.27441,45.69781,0.00200,0.00474,0.02700,-0.01316,0.90234,0.04378,1.02204,0.74999,1.00522,0.06583,1.24004,0.80449,1.90487,0.00214,1.90703,1.88929,-4.95524,1.42948,-2.34459,-12.44741,-1.87234,0.00006,-1.87227,-1.87246,0.01081,0.00004,0.01088,0.01073,-1.86470,0.00007,-1.86459,-1.86485,-1.87998,0.00006,-1.87987,-1.88009,1.42548,0.23840,3.01965,1.00868,0.68371,0.13450,0.99285,0.25503,5.46499,1.78485,13.87197,2.10075
1430,622.0438966751099,11722752,137.43883,3161.71836,126.47334,344.55484,28.70393,248.69321,427.01562,0.00711,0.19469,0.45126,-0.66895,2.94190,0.65068,5.29480,1.58873,19.49698,11.83275,46.11723,3.71999,-27.45102,14.67117,-7.84759,-63.05367,7.45860,3.55539,25.01044,2.13763,298.82070,291.81776,2577.06812,32.35088,0.00256,0.00404,0.01538,-0.00931,0.90769,0.04656,1.03687,0.74014,0.99919,0.06588,1.21647,0.84002,1.90480,0.00195,1.90680,1.89214,-4.87570,1.23769,-2.55083,-9.47874,-1.87227,0.00007,-1.87219,-1.87239,0.01076,0.00004,0.01083,0.01067,-1.86466,0.00008,-1.86456,-1.86481,-1.87987,0.00006,-1.87973,-1.88001,1.44012,0.26469,2.85084,1.00615,0.68543,0.15009,0.99602,0.25608,5.22869,1.80878,13.71076,1.94324
1440,621.960577249527,11804672,136.74088,2952.56168,145.88492,344.31452,28.68052,248.87193,466.34375,0.08680,0.20905,0.75610,-0.71048,3.15802,0.78735,6.67070,1.62791,21.64126,12.29612,69.63829,4.95304,-31.54780,16.47273,-5.36160,-75.09348,9.12046,5.14046,41.05744,2.02180,306.72041,291.14409,2323.81982,43.42283,0.00265,0.00403,0.02258,-0.01100,0.90340,0.04501,1.00865,0.73156,0.99629,0.06068,1.21622,0.79410,1.90440,0.00210,1.90649,1.89259,-4.79637,1.19493,-1.90735,-9.61250,-1.87210,0.00007,-1.87199,-1.87220,0.01070,0.00003,0.01075,0.01063,-1.86454,0.00009,-1.86440,-1.86467,-1.87967,0.00007,-1.87956,-1.87974,1.39466,0.23280,2.79172,1.00722,0.71533,0.12748,0.99373,0.35607,5.41833,1.81532,13.23710,2.05213
1450,623.4206042289734,11886592,137.93274,2751.60992,143.47271,345.72636,28.81264,248.77756,407.21875,-0.04185,0.21311,0.53590,-0.76372,3.26441,0.66586,5.50604,1.84637,21.69917,11.54835,49.34232,5.72361,-31.73121,13.13460,-8.83424,-60.45827,9.74471,4.04709,30.29100,2.70965,311.61159,264.89121,2043.60681,44.06892,0.00267,0.00382,0.01655,-0.00993,0.90396,0.04559,1.00915,0.76510,1.00569,0.06618,1.30818,0.85001,1.90418,0.00198,1.90612,1.88792,-5.08351,1.44173,-2.36028,-11.81230,-1.87200,0.00002,-1.87198,-1.87206,0.01097,0.00013,0.01115,0.01073,-1.86424,0.00009,-1.86411,-1.86441,-1.87976,0.00010,-1.87958,-1.87989,1.38117,0.20191,2.18948,1.00596,0.72053,0.12498,0.99518,0.32002,5.50551,1.79146,15.06182,2.18457
1460,623.2217252254486,11968512,121.04428,2555.43840,107.94412,345.23551,28.92589,248.96094,455.95312,0.05757,0.20238,0.65749,-0.54223,2.75364,0.67973,5.27635,1.64455,16.77401,10.66943,61.50449,4.92860,-26.50893,15.55790,-7.61058,-65.32845,7.14444,3.91877,27.70584,2.58759,316.12007,323.99118,1908.15991,23.45980,0.00261,0.00382,0.02837,-0.01018,0.90030,0.04390,1.05511,0.75446,1.00803,0.06501,1.19587,0.83894,1.90428,0.00182,1.90628,1.89632,-5.04387,1.27135,-2.32192,-9.83077,-1.87205,0.00002,-1.87201,-1.87209,0.01097,0.00005,0.01108,0.01091,-1.86429,0.00005,-1.86422,-1.86437,-1.87981,0.00004,-1.87975,-1.87990,1.35804,0.23344,2.77307,1.00438,0.73723,0.12178,0.99600,0.31124,5.65637,1.80676,13.46607,2.21075
1470,624.8960440158844,12050432,172.79347,2920.30413,132.07524,346.96543,28.59345,249.24160,411.57812,0.00406,0.21416,0.47971,-0.80204,2.97242,0.60677,5.06098,1.70395,21.80007,13.17602,58.46185,4.56090,-28.98175,12.79845,-8.89863,-63.34529,8.50329,3.71663,24.53688,2.82509,361.73109,327.78711,2205.72803,59.15772,0.00299,0.00297,0.01151,-0.00772,0.90306,0.04581,1.01732,0.74153,1.00498,0.06263,1.18926,0.84227,1.90423,0.00195,1.90618,1.89313,-5.12414,1.46241,-2.40032,-11.51351,-1.87199,0.00003,-1.87194,-1.87203,0.01102,0.00002,0.01105,0.01099,-1.86419,0.00003,-1.86415,-1.86425,-1.87978,0.00003,-1.87973,-1.87984,1.27109,0.18820,2.12913,1.00362,0.79413,0.10908,0.99544,0.46438,5.72837,1.82553,14.69624,2.26112
1480,623.9042963981628,12132352,130.57589,3255.90699,155.43527,345.23763,28.82989,249.74243,387.21875,0.02865,0.21943,0.57377,-0.77171,3.18057,0.80608,5.97292,1.62331,20.09801,10.33022,50.52144,5.31187,-34.41918,17.42972,-7.98005,-74.01268,10.00897,5.37819,36.10014,2.33377,418.64262,370.18359,2603.69507,39.30774,0.00331,0.00289,0.01507,-0.01125,0.90526,0.04480,1.03031,0.77154,1.00103,0.05938,1.18199,0.81066,1.90398,0.00204,1.90601,1.89098,-4.96307,1.24284,-2.59722,-8.92154,-1.87193,0.00001,-1.87192,-1.87196,0.01097,0.00002,0.01100,0.01094,-1.86418,0.00001,-1.86417,-1.86419,-1.87969,0.00002,-1.87966,-1.87974,1.24237,0.18080,2.07745,1.00228,0.80961,0.11457,0.99786,0.41161,5.59207,2.01792,18.74958,2.04832
1490,624.3777430057526,12214272,141.24453,2676.78481,134.57498,346.23038,28.78853,249.26129,460.75000,0.10703,0.19700,0.71025,-0.54120,2.65003,0.70092,5.22667,1.35461,20.03072,11.29247,64.53139,5.65311,-21.74565,12.16240,-4.82156,-69.86055,7.11180,3.95552,25.70466,1.68446,276.28349,235.87662,1946.54041,27.67344,0.00361,0.00217,0.01055,-0.00608,0.90633,0.04588,1.05729,0.76522,0.99623,0.06351,1.18729,0.80929,1.90385,0.00199,1.90592,1.89244,-4.86835,1.29330,-2.34541,-10.38606,-1.87190,0.00001,-1.87188,-1.87193,0.01099,0.00002,0.01102,0.01096,-1.86413,0.00002,-1.86410,-1.86417,-1.87967,0.00001,-1.87966,-1.87969,1.19168,0.15635,2.64657,1.00167,0.84355,0.10386,0.99731,0.46904,5.83880,1.97076,19.13678,2.40568
