EPOCH,Time Consumed,Total Frames,Running_Average_Rewards,Train_Epoch_Reward,Running_Training_Average_Rewards,Explore_Time,Train___Time,Eval____Time,eval_traj_length,advs/mean_Mean,advs/mean_Std,advs/mean_Max,advs/mean_Min,advs/std_Mean,advs/std_Std,advs/std_Max,advs/std_Min,advs/max_Mean,advs/max_Std,advs/max_Max,advs/max_Min,advs/min_Mean,advs/min_Std,advs/min_Max,advs/min_Min,Training/vf_loss_Mean,Training/vf_loss_Std,Training/vf_loss_Max,Training/vf_loss_Min,grad_norm/vf_Mean,grad_norm/vf_Std,grad_norm/vf_Max,grad_norm/vf_Min,Training/policy_loss_Mean,Training/policy_loss_Std,Training/policy_loss_Max,Training/policy_loss_Min,logprob/mean_Mean,logprob/mean_Std,logprob/mean_Max,logprob/mean_Min,logprob/std_Mean,logprob/std_Std,logprob/std_Max,logprob/std_Min,logprob/max_Mean,logprob/max_Std,logprob/max_Max,logprob/max_Min,logprob/min_Mean,logprob/min_Std,logprob/min_Max,logprob/min_Min,log_std/mean_Mean,log_std/mean_Std,log_std/mean_Max,log_std/mean_Min,log_std/std_Mean,log_std/std_Std,log_std/std_Max,log_std/std_Min,log_std/max_Mean,log_std/max_Std,log_std/max_Max,log_std/max_Min,log_std/min_Mean,log_std/min_Std,log_std/min_Max,log_std/min_Min,ratio/max_Mean,ratio/max_Std,ratio/max_Max,ratio/max_Min,ratio/min_Mean,ratio/min_Std,ratio/min_Max,ratio/min_Min,grad_norm/pf_Mean,grad_norm/pf_Std,grad_norm/pf_Max,grad_norm/pf_Min
0,436.34265780448914,8192,-114.78636,-1013.67561,nan,48.63653,9.54194,374.47922,1000.00000,-1.95896,0.08154,-1.78686,-2.09147,0.47925,0.08828,0.68088,0.34850,-0.41151,0.35514,0.20515,-1.14516,-3.14326,0.10775,-2.84091,-3.28783,3.14372,0.73198,4.28464,1.67725,20.27147,5.50123,29.50581,11.55058,-0.01155,0.00869,0.00661,-0.02790,1.30071,0.04209,1.40407,1.19097,1.01690,0.05779,1.15973,0.83809,2.31958,0.00162,2.32168,2.31279,-4.66062,1.28919,-1.87184,-7.58432,-2.07960,0.00019,-2.07932,-2.07989,0.00011,0.00006,0.00025,0.00000,-2.07953,0.00016,-2.07927,-2.07974,-2.07968,0.00022,-2.07936,-2.08006,1.57898,0.21489,2.51363,1.00384,0.63703,0.07652,0.99456,0.47707,2.24682,1.24440,6.62866,0.26477
10,913.9810147285461,90112,-2.04255,170.35193,nan,493.20213,49.10075,371.47911,868.17188,-0.15318,0.78940,0.93515,-1.74443,0.42725,0.03562,0.60672,0.36602,1.20378,0.78691,2.45557,-0.58051,-1.32165,0.78780,-0.02474,-2.94909,0.29688,0.36557,2.94306,0.12938,9.81148,11.03963,49.66325,0.15962,-0.01466,0.01035,0.01333,-0.04562,1.30800,0.04413,1.42626,1.16615,1.01025,0.06210,1.23083,0.85523,2.32310,0.00446,2.33194,2.30776,-4.55617,1.30406,-1.54916,-8.98753,-2.08145,0.00203,-2.07921,-2.08497,0.00629,0.00279,0.00957,0.00026,-2.07701,0.00111,-2.07532,-2.07973,-2.08590,0.00385,-2.08008,-2.09165,1.67704,0.32004,2.95063,1.00233,0.59665,0.13325,0.99803,0.34672,3.26876,2.07691,14.97559,0.22297
20,920.3068952560425,172032,48.33686,771.88716,28.90985,501.21516,48.73666,370.16282,533.15625,0.64548,0.19365,1.00968,-0.12955,1.80912,0.70225,3.78525,0.36607,3.80096,1.91030,12.54089,1.92173,-15.51401,6.09818,-0.04226,-26.45493,3.40601,2.08091,11.41117,0.13364,58.41804,67.76906,509.69675,0.57408,0.00205,0.00920,0.04030,-0.03247,1.32280,0.04564,1.45624,1.16130,1.00390,0.06126,1.16895,0.85000,2.32872,0.00213,2.33255,2.31721,-4.54970,1.20331,-1.63161,-8.42813,-2.08416,0.00058,-2.08322,-2.08535,0.00983,0.00064,0.01086,0.00812,-2.07721,0.00083,-2.07568,-2.07843,-2.09112,0.00063,-2.08974,-2.09265,1.66223,0.36774,3.91482,1.00503,0.60205,0.13209,0.99369,0.23216,2.84149,1.49504,9.77023,0.36590
30,837.6376516819,253952,85.60553,1048.38019,56.27242,509.01774,48.99770,279.37613,548.18750,0.62927,0.20143,1.15654,0.06562,2.14168,0.35023,3.19841,1.30187,7.60423,2.84552,15.55202,2.86706,-20.22516,6.23586,-3.63159,-33.24646,4.78610,1.78585,10.94782,1.26154,180.96024,137.55379,625.86151,9.64938,0.00589,0.00651,0.03055,-0.00966,1.31350,0.04379,1.45054,1.17899,1.01714,0.06414,1.22447,0.85073,2.32681,0.00207,2.32979,2.31375,-4.67451,1.28158,-2.15278,-9.26888,-2.08329,0.00028,-2.08260,-2.08393,0.01235,0.00085,0.01409,0.01064,-2.07456,0.00073,-2.07269,-2.07571,-2.09203,0.00059,-2.09070,-2.09309,1.72004,0.37391,3.05457,1.01457,0.57484,0.13193,0.99103,0.23001,3.42723,1.81241,10.97914,0.37560
40,944.3546998500824,335872,80.26786,940.48552,62.05763,508.26321,64.54668,371.45571,602.67188,0.36044,0.18051,0.87666,-0.30340,2.43647,0.40003,3.68124,1.56808,11.01833,3.78406,24.90884,4.22815,-22.07715,7.69023,-7.33688,-38.90440,5.44229,1.83224,13.22800,2.10617,156.89462,104.00166,564.38171,16.77475,0.00646,0.00665,0.03114,-0.01459,1.31532,0.04496,1.44905,1.18413,1.00590,0.06474,1.20937,0.81087,2.32153,0.00261,2.32669,2.30868,-4.56969,1.31414,-1.93577,-9.91501,-2.08073,0.00074,-2.07944,-2.08258,0.01734,0.00146,0.01866,0.01403,-2.06847,0.00173,-2.06633,-2.07266,-2.09300,0.00049,-2.09203,-2.09384,1.73585,0.38550,4.89355,1.01893,0.55461,0.12872,0.98082,0.15720,3.10502,1.64290,10.96032,0.53151
50,844.6330761909485,417792,70.61019,1100.81120,71.20768,512.38565,47.17728,284.96435,480.15625,0.30963,0.25209,0.86373,-0.26236,2.33022,0.39222,3.72256,1.38865,10.05926,3.51983,20.27993,4.57508,-21.37404,8.04451,-8.57170,-44.07533,4.51251,1.63450,13.80063,1.43339,137.71075,94.29220,560.36023,11.27364,0.00739,0.00713,0.03693,-0.00998,1.30772,0.04603,1.43750,1.18399,1.00915,0.06641,1.23535,0.79529,2.31537,0.00231,2.32065,2.30596,-4.63208,1.42217,-2.20182,-11.67962,-2.07765,0.00054,-2.07688,-2.07941,0.01829,0.00069,0.01953,0.01710,-2.06472,0.00068,-2.06354,-2.06632,-2.09059,0.00077,-2.08920,-2.09251,1.82969,0.41458,4.74181,1.01738,0.52667,0.13648,0.98052,0.16987,3.20207,1.54928,8.83108,0.68870
60,930.4266149997711,499712,77.37047,853.16138,67.27468,514.53886,46.24796,369.52925,567.95312,0.17995,0.18331,0.71216,-0.31338,2.48851,0.45886,4.32381,1.42007,11.17754,5.04198,28.22572,3.05075,-21.10343,7.76790,-10.09273,-44.04579,5.17572,1.91109,16.38692,1.81223,173.22930,117.56715,687.67096,20.60414,0.00703,0.00719,0.03842,-0.01049,1.30867,0.04488,1.43136,1.18744,1.01283,0.06133,1.21500,0.84696,2.31363,0.00202,2.31646,2.30313,-4.67822,1.15532,-1.88420,-9.14252,-2.07672,0.00034,-2.07600,-2.07723,0.01742,0.00061,0.01883,0.01598,-2.06440,0.00038,-2.06322,-2.06497,-2.08904,0.00067,-2.08756,-2.09006,1.84859,0.43637,3.87293,1.02389,0.52533,0.13560,0.97051,0.14076,3.21399,1.53825,8.73660,0.77269
70,866.896853685379,581632,82.86457,1333.20159,84.79377,513.71110,40.05000,312.89312,532.17188,0.25667,0.23984,0.76051,-0.27610,2.43748,0.44404,4.26654,1.49424,13.15129,5.33369,27.28395,4.41923,-22.04812,9.55127,-8.74745,-47.45669,4.65591,1.91412,18.25567,1.91047,164.26984,109.79744,703.89996,22.81455,0.00653,0.00694,0.02972,-0.01349,1.29924,0.04011,1.41108,1.19739,1.00952,0.05711,1.16285,0.85286,2.30820,0.00282,2.31407,2.29556,-4.58399,1.28369,-2.34059,-8.81098,-2.07395,0.00099,-2.07278,-2.07625,0.01554,0.00073,0.01697,0.01373,-2.06296,0.00128,-2.06152,-2.06594,-2.08495,0.00092,-2.08306,-2.08752,1.88513,0.48522,6.14628,1.01302,0.50984,0.13778,0.97962,0.10384,3.14545,1.43463,8.12574,0.60971
80,824.2039034366608,663552,89.44416,1479.49882,87.72787,509.13627,39.86642,274.99682,453.39062,0.21227,0.22777,0.79327,-0.50102,2.48150,0.53374,4.77234,1.48726,10.53795,3.90178,30.88045,4.29143,-22.70235,8.63794,-9.01612,-47.08200,4.66662,1.89300,12.82303,1.54296,153.07788,106.52946,729.33667,15.92214,0.00760,0.00768,0.04269,-0.00846,1.28703,0.04523,1.42684,1.15368,1.01897,0.06508,1.21425,0.83978,2.30557,0.00222,2.31021,2.29687,-4.57049,1.24921,-2.04410,-10.38744,-2.07267,0.00066,-2.07171,-2.07414,0.01501,0.00084,0.01635,0.01336,-2.06205,0.00065,-2.06041,-2.06337,-2.08329,0.00107,-2.08119,-2.08493,2.11452,0.74536,8.62221,1.03652,0.45227,0.15616,0.94711,0.03340,3.33222,1.51758,9.19332,0.73931
90,816.5152354240417,745472,84.28311,1581.50766,76.64290,509.35740,41.93257,265.11482,488.92188,0.04826,0.14046,0.43535,-0.37243,2.25403,0.39944,3.81529,1.29419,12.19423,6.23953,29.92228,3.43193,-18.89450,7.32691,-7.84022,-44.40947,3.91427,1.41328,14.56349,1.21189,148.57742,115.96673,899.19598,14.19101,0.00669,0.00695,0.04312,-0.00956,1.29616,0.04460,1.44078,1.18704,1.01106,0.06040,1.19487,0.86709,2.30415,0.00213,2.30785,2.29162,-4.59545,1.25026,-1.87409,-9.69265,-2.07196,0.00041,-2.07132,-2.07289,0.01487,0.00123,0.01718,0.01286,-2.06145,0.00083,-2.05992,-2.06324,-2.08248,0.00107,-2.08071,-2.08440,2.01289,0.73087,8.18433,1.01285,0.47613,0.16368,0.98599,0.07445,3.00942,1.29168,8.53486,0.72464
100,859.1132881641388,827392,91.53226,1510.53623,98.88358,505.23501,40.17482,313.59976,485.48438,0.22124,0.15845,0.67320,-0.32126,2.44893,0.47086,4.59896,1.50208,11.45273,5.23344,29.61884,4.26370,-21.47638,9.92833,-9.46304,-51.12434,4.67318,1.95026,16.93002,1.36492,147.84204,93.86853,500.03552,19.05548,0.00751,0.00771,0.04055,-0.01101,1.28704,0.04437,1.42430,1.15810,1.01250,0.06234,1.26290,0.86101,2.30281,0.00303,2.30767,2.28965,-4.55135,1.31456,-2.31183,-10.83956,-2.07149,0.00100,-2.06938,-2.07285,0.01593,0.00054,0.01675,0.01483,-2.06022,0.00112,-2.05792,-2.06183,-2.08275,0.00103,-2.08082,-2.08462,2.07551,0.68768,10.80746,1.03933,0.45427,0.14454,0.95701,0.03749,3.47069,1.59831,9.35664,0.78019
110,914.1004943847656,909312,90.34666,1613.43153,100.25314,498.65576,38.67815,376.56140,493.70312,0.15387,0.21965,0.85858,-0.40913,2.49148,0.53571,3.97301,1.24899,11.13484,6.23252,38.52637,2.52249,-21.63170,8.39398,-6.67355,-47.69078,4.83745,2.13913,14.48252,1.38031,134.31928,91.34834,474.16785,16.79206,0.00708,0.00754,0.04810,-0.01474,1.28649,0.04685,1.42899,1.14342,1.01121,0.06480,1.29018,0.84996,2.29532,0.00287,2.30079,2.28477,-4.55970,1.22360,-2.08773,-8.33120,-2.06757,0.00105,-2.06588,-2.06937,0.01706,0.00065,0.01840,0.01610,-2.05551,0.00143,-2.05342,-2.05792,-2.07963,0.00076,-2.07823,-2.08088,2.11766,0.71715,8.12607,1.03135,0.43123,0.14334,0.94883,0.07445,3.52897,1.57621,10.67012,0.84456
120,852.548704624176,991232,95.88185,1750.31385,95.10409,507.31331,41.89156,303.16729,390.81250,0.18638,0.23287,0.77860,-0.50993,2.64916,0.49517,4.51324,1.59825,10.75613,3.91647,23.24475,3.68641,-24.82887,9.70565,-9.21118,-50.99084,5.57331,2.30140,19.70010,1.65448,148.17173,88.10393,496.70990,26.23241,0.00730,0.00777,0.04626,-0.01549,1.27954,0.04544,1.40385,1.10758,1.01040,0.06090,1.21208,0.83017,2.29007,0.00264,2.29448,2.27464,-4.52886,1.18167,-2.15818,-8.89626,-2.06501,0.00086,-2.06369,-2.06630,0.01935,0.00131,0.02119,0.01718,-2.05132,0.00146,-2.04949,-2.05367,-2.07869,0.00103,-2.07747,-2.08080,2.10650,0.62349,5.76393,1.02910,0.42939,0.15078,0.98570,0.04974,3.92049,1.80434,11.83613,1.00909
130,927.533394575119,1073152,86.34968,1296.00798,79.21725,508.64706,40.33019,378.46784,539.34375,-0.02368,0.20278,0.43882,-0.77217,2.79059,0.65662,4.95825,1.21107,12.52619,6.09936,38.03075,4.26459,-25.60767,10.55965,-6.52036,-55.01449,6.14543,3.12310,24.84546,0.59993,215.90596,166.39139,1329.62451,26.19782,0.00869,0.01012,0.10715,-0.01083,1.26955,0.04569,1.40964,1.14173,1.01396,0.05960,1.16830,0.84687,2.28374,0.00252,2.29045,2.27343,-4.59868,1.23831,-2.06231,-9.25432,-2.06181,0.00086,-2.06057,-2.06423,0.01920,0.00092,0.02077,0.01766,-2.04824,0.00084,-2.04684,-2.05033,-2.07539,0.00127,-2.07342,-2.07825,2.18656,0.84447,12.02090,1.01902,0.41890,0.15683,0.95754,0.02088,4.09490,2.00275,14.09012,0.77478
140,926.8974089622498,1155072,90.83782,1604.11095,85.96323,507.11039,39.39577,380.31223,517.14062,-0.00037,0.17361,0.38526,-0.62443,2.58988,0.53750,4.23194,1.36820,13.54706,7.26571,37.41541,3.69400,-25.33198,10.00845,-6.47832,-52.19796,5.01998,2.40812,16.15919,1.10509,145.83725,88.52481,699.58374,21.35031,0.00743,0.00918,0.03884,-0.01486,1.27167,0.04971,1.44040,1.10926,1.01277,0.06772,1.21825,0.83370,2.28080,0.00229,2.28432,2.26913,-4.68992,1.31430,-2.25672,-9.73290,-2.06040,0.00045,-2.05948,-2.06118,0.01696,0.00059,0.01796,0.01601,-2.04841,0.00024,-2.04798,-2.04903,-2.07239,0.00083,-2.07091,-2.07383,2.14771,0.79352,10.52850,1.03776,0.41863,0.15797,0.96872,0.04356,3.71614,1.77736,11.47568,0.82512
150,937.714875459671,1236992,110.84418,1874.04976,103.45823,511.95982,46.36948,379.07515,577.06250,0.09428,0.17642,0.58111,-0.44651,2.66399,0.52010,4.21827,1.51205,13.21160,6.91686,45.67021,3.97792,-25.60270,10.39186,-9.14534,-49.67639,5.30606,2.44331,15.54369,1.26284,149.14828,96.02451,610.13947,23.46534,0.00639,0.00760,0.03935,-0.01314,1.27002,0.04751,1.41235,1.08684,1.01162,0.06628,1.21228,0.81022,2.27691,0.00265,2.28371,2.26888,-4.76604,1.28146,-2.18101,-8.48815,-2.05837,0.00098,-2.05725,-2.06093,0.01290,0.00160,0.01670,0.00990,-2.04925,0.00048,-2.04834,-2.05031,-2.06749,0.00206,-2.06429,-2.07265,2.15534,0.71732,7.64233,1.04009,0.43675,0.15481,0.96360,0.06915,3.72925,1.63347,11.71238,1.12016
160,935.5266561508179,1318912,100.99189,1643.55539,108.32822,518.02762,40.36042,376.86182,492.62500,0.20793,0.17895,0.84366,-0.26998,2.88306,0.52382,4.85349,1.40818,17.10883,8.77826,44.18878,5.51121,-25.44161,9.92251,-5.53911,-50.38137,6.11739,2.64395,22.57236,1.32129,193.25081,130.43992,924.87280,28.32201,0.00845,0.00859,0.04678,-0.01707,1.25823,0.04595,1.40058,1.06922,1.00985,0.06297,1.26506,0.85767,2.27055,0.00352,2.27671,2.25734,-4.60625,1.32374,-1.93339,-9.45415,-2.05523,0.00151,-2.05247,-2.05745,0.00992,0.00046,0.01050,0.00811,-2.04822,0.00134,-2.04641,-2.05029,-2.06224,0.00173,-2.05821,-2.06487,2.14773,0.61602,6.03002,1.02367,0.41597,0.14233,0.97442,0.10810,4.22666,1.76242,11.37791,1.06513
170,867.5792484283447,1400832,123.63046,2378.56607,109.08317,515.54502,45.30076,306.52217,335.37500,0.18034,0.17599,0.74330,-0.45727,3.18486,0.64892,5.77962,1.95119,15.70477,6.94064,46.97132,5.09778,-30.30294,12.54380,-9.44192,-58.02518,7.62901,3.56872,31.53786,2.33507,192.79447,113.59916,834.83112,25.78236,0.00851,0.00934,0.04736,-0.01354,1.24855,0.04611,1.40310,1.10093,1.00787,0.06172,1.16483,0.83479,2.25789,0.00398,2.26675,2.24670,-4.64432,1.24655,-2.31131,-10.50704,-2.04891,0.00170,-2.04647,-2.05246,0.00609,0.00142,0.00809,0.00395,-2.04460,0.00091,-2.04335,-2.04677,-2.05321,0.00265,-2.04958,-2.05818,2.25201,0.65326,6.22238,1.05208,0.38861,0.15752,0.95241,0.06634,4.59911,2.10533,13.37614,0.91990
180,913.1537744998932,1482752,102.23586,2475.42280,97.18491,516.42707,76.16974,320.29681,334.79688,0.07080,0.31939,0.80605,-0.67138,3.62785,0.60603,5.47205,1.91420,19.72620,7.69190,44.82144,7.62559,-32.07374,9.92236,-10.04185,-51.24302,9.53363,3.86340,25.98650,2.68959,240.71672,136.76341,900.74713,46.10151,0.01005,0.01160,0.07992,-0.01508,1.22319,0.04641,1.36055,1.06529,1.02570,0.06406,1.21187,0.85154,2.24908,0.00329,2.25482,2.23806,-4.87633,1.51203,-2.23867,-11.54769,-2.04447,0.00140,-2.04200,-2.04646,0.00357,0.00050,0.00441,0.00259,-2.04195,0.00111,-2.03983,-2.04348,-2.04700,0.00171,-2.04408,-2.04958,2.48835,0.94469,9.04098,1.04689,0.35206,0.16345,0.96541,0.01057,5.36352,2.52169,19.92991,1.49856
190,917.4185230731964,1564672,108.52412,2602.83660,137.13260,504.14792,44.60683,368.47324,379.70312,0.18334,0.27405,0.89949,-0.66441,3.50597,0.78200,6.11437,1.89618,18.12355,7.90170,41.76500,5.69172,-32.62273,12.02274,-8.13039,-63.10270,9.06703,4.69392,33.23029,3.00299,219.12642,141.60549,866.44275,36.15655,0.01080,0.01108,0.07297,-0.01092,1.21545,0.04860,1.35901,1.05755,1.01836,0.06356,1.20733,0.80401,2.24006,0.00405,2.24787,2.22844,-4.60061,1.25689,-1.71414,-9.08079,-2.03996,0.00178,-2.03712,-2.04297,0.00355,0.00092,0.00520,0.00222,-2.03746,0.00156,-2.03551,-2.04043,-2.04247,0.00217,-2.03872,-2.04562,2.49042,1.00855,10.15696,1.03021,0.35763,0.15398,0.96326,0.01774,5.08482,2.48621,20.60468,1.25012
200,935.063894033432,1646592,126.38164,2260.50670,122.85408,510.48582,40.47069,384.01328,375.51562,0.04277,0.27363,0.76447,-0.87177,3.45717,0.73994,5.70660,1.91709,17.25194,6.83289,44.56044,5.16909,-34.33697,12.89514,-9.05777,-56.21724,8.97368,4.53989,27.94390,2.11622,196.77787,121.47002,932.00739,30.28990,0.00841,0.01047,0.06727,-0.01448,1.21400,0.04895,1.35191,1.04137,1.02090,0.06703,1.21902,0.83063,2.22789,0.00457,2.23601,2.21548,-4.82463,1.38715,-2.03952,-11.25467,-2.03390,0.00217,-2.03092,-2.03710,0.00089,0.00071,0.00228,0.00001,-2.03327,0.00193,-2.02944,-2.03555,-2.03453,0.00249,-2.03102,-2.03870,2.53099,0.92055,7.87507,1.05087,0.32842,0.16153,0.96184,0.00007,4.39399,1.74580,10.21026,1.31087
210,939.5558001995087,1728512,120.90132,2023.68122,92.21897,508.45353,45.03778,385.86264,447.96875,-0.02798,0.21696,0.52617,-0.82468,3.55477,0.67797,5.53649,1.95008,17.82647,8.83762,45.74768,5.97990,-35.41416,11.27040,-10.25331,-65.13294,8.81632,4.15260,26.32620,2.69473,201.92211,115.98684,854.90594,35.44445,0.00725,0.00942,0.05350,-0.01224,1.20105,0.04395,1.32375,1.07404,1.01593,0.06334,1.22714,0.84484,2.21827,0.00329,2.22389,2.20568,-4.74716,1.32684,-1.69496,-9.79979,-2.02903,0.00127,-2.02584,-2.03095,0.00400,0.00123,0.00548,0.00195,-2.02621,0.00203,-2.02223,-2.02944,-2.03186,0.00079,-2.02946,-2.03329,2.39294,1.02111,14.22579,1.04524,0.38000,0.16031,0.96881,0.02862,4.40153,1.91291,12.39425,1.15701
220,929.8558144569397,1810432,145.60389,2555.38530,102.55720,506.91168,39.75415,382.95594,522.17188,0.00355,0.28205,0.54850,-0.99707,3.12785,0.75025,6.45758,1.68743,17.45125,8.89388,50.04062,4.78985,-29.52594,15.08548,-7.05335,-62.89955,6.79101,4.10873,30.58566,1.90408,173.81943,102.09929,735.17865,27.35138,0.00860,0.00996,0.05082,-0.01450,1.18147,0.04619,1.31881,1.05550,1.02792,0.06398,1.26160,0.86559,2.20497,0.00381,2.21326,2.19431,-4.87878,1.37231,-2.08088,-12.56474,-2.02238,0.00165,-2.02009,-2.02582,0.00290,0.00083,0.00512,0.00149,-2.02033,0.00134,-2.01809,-2.02220,-2.02443,0.00208,-2.02134,-2.02944,2.50288,0.96498,11.45611,1.04392,0.34759,0.15074,0.94021,0.00788,4.81508,2.14630,12.63638,1.37177
230,942.3849914073944,1892352,119.43718,3190.29316,113.54893,510.08856,52.73787,379.43012,380.76562,0.02196,0.23432,0.55718,-0.67932,3.77497,0.80780,6.24683,1.57379,20.83261,9.75882,50.91761,5.90560,-34.58813,13.01034,-7.73248,-59.33003,10.39712,4.84600,29.96963,1.76976,239.79809,161.25710,1133.49585,36.40068,0.00745,0.00891,0.04759,-0.01498,1.17808,0.04383,1.30243,1.03661,1.02133,0.06457,1.24656,0.83287,2.19674,0.00311,2.20325,2.18493,-4.85596,1.32347,-2.27315,-9.68373,-2.01831,0.00109,-2.01691,-2.02059,0.00283,0.00045,0.00400,0.00194,-2.01630,0.00119,-2.01481,-2.01884,-2.02031,0.00107,-2.01895,-2.02237,2.41349,1.16482,16.24392,1.04571,0.36893,0.16412,0.97147,0.00311,4.72674,1.85482,10.63763,1.42057
240,934.7593541145325,1974272,120.70096,2803.92139,126.36755,511.24133,39.13721,384.27525,447.40625,0.25641,0.25304,1.07808,-0.48116,3.55563,0.66677,5.77660,2.14328,20.54057,8.59568,46.65508,6.68691,-32.80957,11.12798,-5.86868,-57.75035,8.53655,3.92079,26.15863,2.40813,224.99821,138.84574,1009.86493,38.72943,0.00767,0.00976,0.07496,-0.01285,1.18209,0.04633,1.31336,1.05190,1.01650,0.06464,1.27160,0.83584,2.19389,0.00224,2.19724,2.18254,-4.76769,1.28794,-2.09545,-9.42546,-2.01687,0.00055,-2.01517,-2.01760,0.00240,0.00032,0.00297,0.00147,-2.01517,0.00055,-2.01368,-2.01609,-2.01857,0.00064,-2.01667,-2.01969,2.30036,0.96739,12.82228,1.02348,0.37511,0.16692,0.97074,0.01171,4.60558,2.02558,16.58869,1.54147
250,938.8698973655701,2056192,125.22643,2318.55998,102.91932,504.93120,48.97245,384.85603,451.00000,0.33264,0.22621,0.91177,-0.22826,2.80797,0.74404,5.08425,1.41351,17.81059,9.34065,51.99184,5.22680,-25.96168,13.32937,-6.48433,-58.96211,5.53835,3.31084,22.12541,1.15154,154.93074,94.08775,641.62042,19.07947,0.00688,0.00859,0.03069,-0.01303,1.17466,0.04465,1.28352,1.03556,1.01650,0.06139,1.29780,0.84246,2.18858,0.00184,2.19243,2.17902,-4.64499,1.34169,-2.29839,-16.35402,-2.01420,0.00029,-2.01390,-2.01520,0.00345,0.00126,0.00565,0.00176,-2.01175,0.00099,-2.01011,-2.01389,-2.01664,0.00088,-2.01544,-2.01813,2.42761,1.16847,14.75445,1.03062,0.36099,0.16864,0.95975,0.00413,4.34475,1.82467,12.06816,1.31262
260,928.9067113399506,2138112,133.22345,3046.03854,128.41327,505.80163,38.86554,384.14179,455.43750,0.02041,0.23596,0.54844,-0.67045,3.81881,0.94736,6.52535,1.66219,21.89682,9.13497,44.27570,7.32541,-36.21583,14.50674,-7.66419,-63.67426,10.70527,5.49911,38.76627,1.81716,227.94145,147.75317,959.91138,22.48994,0.00838,0.01088,0.05327,-0.01638,1.16391,0.04509,1.28984,1.02220,1.02267,0.06018,1.21743,0.85458,2.18582,0.00208,2.19025,2.17670,-4.84033,1.25133,-2.30774,-10.66013,-2.01280,0.00047,-2.01211,-2.01413,0.00449,0.00048,0.00541,0.00380,-2.00963,0.00039,-2.00901,-2.01079,-2.01598,0.00072,-2.01500,-2.01748,2.52727,1.52622,21.89885,1.02567,0.34340,0.15945,0.97377,0.01027,4.64716,2.00673,13.75927,1.15921
270,943.7238254547119,2220032,127.62648,3168.36920,124.98087,504.88700,48.05911,390.68737,416.78125,0.03975,0.28624,0.62562,-1.04817,3.82531,0.67947,5.87787,2.29632,23.42071,9.71488,56.64664,6.97025,-33.57072,12.68654,-9.59855,-61.99410,9.78291,4.45261,28.04524,3.37040,233.70609,136.17472,928.09967,44.05729,0.00752,0.00906,0.04217,-0.01189,1.16244,0.04567,1.28328,1.01955,1.02023,0.06441,1.20493,0.84986,2.18083,0.00283,2.18668,2.16895,-4.86480,1.43429,-2.43519,-11.20086,-2.01039,0.00106,-2.00888,-2.01239,0.00312,0.00082,0.00456,0.00201,-2.00818,0.00083,-2.00688,-2.00958,-2.01260,0.00149,-2.01055,-2.01560,2.38195,0.87166,8.30558,1.03797,0.34901,0.16613,0.94256,0.00435,4.36946,1.83439,12.13214,1.02368
280,1011.03009557724,2301952,127.11016,2769.35033,99.72363,551.95730,45.38979,413.57970,464.54688,0.21104,0.28539,0.78676,-0.94934,3.64499,0.91268,7.09045,1.94453,20.40064,9.42108,54.86240,8.41986,-33.52074,14.65863,-6.70783,-65.81327,9.65058,5.74202,39.35685,1.87911,203.52384,121.88616,738.08032,47.15953,0.00774,0.01035,0.04923,-0.01601,1.16299,0.04622,1.30258,1.02495,1.01620,0.06181,1.19973,0.84787,2.18290,0.00272,2.18800,2.17253,-4.73793,1.24294,-2.26584,-10.45396,-2.01137,0.00110,-2.00961,-2.01297,0.00367,0.00108,0.00575,0.00194,-2.00877,0.00114,-2.00701,-2.01008,-2.01396,0.00152,-2.01183,-2.01605,2.30810,0.80163,7.99985,1.05696,0.37286,0.15959,0.96734,0.01307,4.76372,2.03669,14.59389,1.22184
290,978.9439508914948,2383872,159.76285,1837.24047,138.99176,529.59147,48.46754,400.75318,481.57812,0.04762,0.26867,0.57561,-0.85530,3.26054,0.85131,5.92198,1.58711,18.91913,8.66266,42.10754,3.89865,-31.77909,12.77344,-9.31955,-61.37746,7.55622,4.41378,29.66728,1.66876,203.46745,159.24451,1297.49353,29.45744,0.00759,0.00926,0.04929,-0.01199,1.16723,0.04639,1.28243,1.04074,1.02150,0.06936,1.24392,0.84617,2.18278,0.00285,2.18816,2.17219,-4.90018,1.42105,-1.60691,-10.63291,-2.01136,0.00110,-2.00852,-2.01309,0.00585,0.00041,0.00638,0.00501,-2.00722,0.00115,-2.00418,-2.00869,-2.01549,0.00113,-2.01286,-2.01750,2.43539,0.93579,7.66203,1.02699,0.34453,0.16317,0.96132,0.00124,4.19770,1.71380,15.95899,1.35771
300,938.1272621154785,2465792,125.01943,2412.44498,128.79346,521.56082,41.06080,375.41259,424.54688,0.13144,0.30473,0.83445,-0.88429,3.66509,0.66396,6.32317,2.26962,23.41242,10.11352,54.64983,6.86287,-32.95790,12.63060,-8.98605,-62.67696,9.50176,4.81158,32.60119,2.82969,215.15419,149.58043,1348.02258,37.70955,0.00754,0.01082,0.08005,-0.01355,1.15698,0.04475,1.28128,0.99221,1.01985,0.06549,1.28450,0.85575,2.17354,0.00268,2.17883,2.15963,-4.81849,1.34267,-2.26255,-12.06889,-2.00677,0.00068,-2.00578,-2.00849,0.00456,0.00070,0.00614,0.00303,-2.00354,0.00059,-2.00268,-2.00501,-2.00999,0.00104,-2.00866,-2.01283,2.43234,0.89849,7.45122,1.04640,0.35198,0.17304,0.96473,0.00150,4.55966,2.27504,20.88183,1.01224
310,922.9745652675629,2547712,129.00167,2517.56021,111.74511,497.09890,42.76770,382.99582,436.57812,0.12974,0.29455,0.95891,-0.82353,3.38371,0.70303,5.52711,1.91965,19.79954,8.37514,50.04056,5.96083,-32.74233,12.36388,-7.48452,-58.40118,7.74688,3.84812,27.81030,2.25833,170.88634,107.04443,846.08295,42.22607,0.00730,0.01013,0.05856,-0.01376,1.14971,0.04624,1.27009,1.02005,1.02671,0.06138,1.21451,0.85341,2.17403,0.00246,2.17744,2.16368,-4.82974,1.26685,-2.49885,-9.34322,-2.00700,0.00068,-2.00542,-2.00782,0.00677,0.00130,0.00900,0.00439,-2.00222,0.00125,-1.99977,-2.00431,-2.01179,0.00102,-2.01016,-2.01372,2.46821,1.02663,12.29832,1.03697,0.34667,0.15835,0.97801,0.01132,4.40769,1.91690,12.31974,1.31753
320,927.4420077800751,2629632,155.53884,2242.91842,110.59996,502.54625,44.33553,380.36129,519.04688,0.13398,0.34009,0.90820,-0.82064,3.99721,0.63504,6.19801,2.49051,22.56289,7.39316,51.06415,6.71220,-35.70756,12.27506,-9.74733,-58.32214,10.67499,4.56124,31.49116,3.28194,231.81029,140.23498,849.34009,54.74302,0.00660,0.00898,0.04652,-0.01257,1.15203,0.04307,1.30267,1.00983,1.01438,0.05673,1.19868,0.84918,2.17042,0.00215,2.17419,2.15938,-4.78141,1.24645,-2.36119,-10.27321,-2.00518,0.00051,-2.00442,-2.00607,0.00715,0.00088,0.00827,0.00536,-2.00012,0.00090,-1.99902,-2.00212,-2.01024,0.00069,-2.00932,-2.01158,2.33274,0.80859,8.11154,1.02846,0.35950,0.17387,0.97780,0.00054,4.27290,1.75918,13.68070,1.20750
330,890.6373298168182,2711552,129.91458,2638.48894,131.35273,503.64689,41.96924,344.92982,383.25000,0.08541,0.23225,0.64148,-0.48678,3.63583,0.78766,6.00561,2.16915,20.84322,11.20446,60.07047,6.77412,-36.53757,12.37866,-8.92068,-62.08954,9.69610,4.85263,28.48412,2.25563,166.85626,102.53408,722.99542,34.67430,0.00635,0.01013,0.06415,-0.01913,1.15213,0.04715,1.27750,0.98939,1.01604,0.06577,1.23176,0.84805,2.16759,0.00290,2.17294,2.15439,-4.87927,1.44880,-2.38483,-12.05888,-2.00372,0.00113,-2.00158,-2.00551,0.00654,0.00139,0.00860,0.00417,-1.99909,0.00188,-1.99670,-2.00203,-2.00834,0.00097,-2.00646,-2.01021,2.42964,0.97230,11.55844,1.04432,0.36128,0.16823,0.97687,0.00607,3.93370,1.66813,10.26396,1.10632
340,926.270788192749,2793472,170.22958,2801.50061,144.96077,503.24355,41.30684,381.51621,462.35938,0.10752,0.28909,0.87258,-0.82819,3.66497,0.77845,6.97945,1.90238,20.98300,7.49393,43.54164,7.23802,-31.65078,12.12627,-9.30558,-66.25132,8.81065,4.76052,37.98764,2.13033,202.85405,141.51638,1245.91077,32.90105,0.00678,0.00937,0.05965,-0.02064,1.15149,0.04441,1.28680,1.03339,1.01211,0.06521,1.23156,0.84740,2.16498,0.00205,2.16842,2.15724,-4.69738,1.24411,-2.27379,-8.83447,-2.00238,0.00039,-2.00171,-2.00317,0.00691,0.00076,0.00813,0.00584,-1.99749,0.00069,-1.99623,-1.99871,-2.00726,0.00064,-2.00621,-2.00867,2.30168,0.80126,10.05181,1.03699,0.36789,0.16245,0.97032,0.01410,4.69173,2.13530,21.56307,1.22847
350,921.6943073272705,2875392,136.99542,2518.39722,123.48452,499.39297,40.01708,382.20282,501.60938,0.05590,0.25136,0.86118,-0.70335,3.67797,0.67820,6.03401,2.19606,22.66732,8.89489,51.56197,6.14538,-35.21422,12.04687,-10.11086,-60.10804,9.61229,4.36774,29.99498,2.68693,209.13635,121.70636,1017.68463,49.52891,0.00691,0.00968,0.04754,-0.01399,1.14772,0.04785,1.30337,0.97503,1.01729,0.06847,1.24863,0.80780,2.16475,0.00333,2.16934,2.15160,-4.78845,1.41799,-2.26937,-10.71857,-2.00234,0.00134,-1.99919,-2.00370,0.00630,0.00083,0.00814,0.00500,-1.99788,0.00119,-1.99528,-1.99944,-2.00680,0.00170,-2.00272,-2.00880,2.49010,1.06149,8.75187,1.06933,0.33925,0.17085,0.93367,0.00208,4.45557,1.96273,13.59248,1.30103
360,920.366881608963,2957312,141.97085,2154.95460,135.66658,500.50492,41.81009,377.94560,506.81250,0.04068,0.33986,0.96235,-0.76956,3.65843,0.86944,6.76976,1.77529,22.91015,11.01816,54.85172,7.48772,-34.93955,14.32707,-8.07176,-73.34362,8.89011,4.92176,34.00170,1.51374,237.98118,187.41141,1389.56091,24.49725,0.00633,0.00960,0.05046,-0.01739,1.13791,0.04767,1.26190,0.98582,1.01408,0.06577,1.22604,0.85753,2.15314,0.00280,2.15999,2.13935,-4.79725,1.28150,-2.34324,-9.96336,-1.99652,0.00097,-1.99519,-1.99916,0.00533,0.00045,0.00622,0.00441,-1.99275,0.00120,-1.99094,-1.99564,-2.00029,0.00080,-1.99934,-2.00268,2.42859,1.32200,16.93017,1.03331,0.34735,0.16670,0.94985,0.01057,4.37129,1.90606,13.09701,1.44717
370,872.4888677597046,3039232,142.10863,3059.52140,127.40104,499.02575,42.45255,330.76044,395.31250,0.08449,0.29901,0.89260,-0.69649,3.74131,0.73605,6.68306,1.99807,24.16855,9.65380,54.10043,7.82278,-33.34860,11.95671,-11.10960,-62.78372,9.38977,4.63454,26.14837,2.31710,210.55093,142.25524,1253.46838,35.50173,0.00627,0.00868,0.03742,-0.01817,1.13817,0.04664,1.29074,0.97478,1.01097,0.06197,1.22181,0.81758,2.14638,0.00402,2.15428,2.12933,-4.64506,1.12921,-2.00361,-7.86660,-1.99314,0.00167,-1.99021,-1.99609,0.00501,0.00079,0.00610,0.00369,-1.98959,0.00187,-1.98710,-1.99315,-1.99668,0.00164,-1.99321,-1.99944,2.32700,0.82447,7.50790,1.04074,0.37847,0.16670,0.95127,0.03161,4.46909,1.84168,11.67851,1.19335
380,933.3152706623077,3121152,145.99524,2705.97358,114.92745,503.27530,44.74923,385.18988,434.85938,0.00355,0.24566,0.80176,-0.64217,3.90108,0.80109,6.22048,2.15834,25.60216,11.95820,57.57260,6.93050,-35.08055,11.98592,-10.47890,-64.07118,10.48998,5.25748,29.36663,2.83565,218.73761,127.97201,1142.87732,50.71431,0.00678,0.00894,0.03893,-0.01458,1.11573,0.04817,1.24063,0.95538,1.02098,0.06489,1.24230,0.86826,2.13572,0.00298,2.14232,2.12529,-4.83299,1.28430,-2.79419,-9.69005,-1.98771,0.00118,-1.98571,-1.99019,0.00754,0.00162,0.00929,0.00409,-1.98238,0.00227,-1.97915,-1.98715,-1.99304,0.00048,-1.99227,-1.99408,2.38046,1.28097,24.06823,1.03980,0.37019,0.16266,0.96295,0.01205,4.62335,1.89960,13.04536,1.25495
390,925.5805561542511,3203072,142.06193,2325.38464,138.86505,502.24900,40.37618,382.84987,497.85938,0.07852,0.21942,0.55741,-0.68677,3.25842,0.70462,5.68632,1.74848,20.14825,9.00425,47.89143,6.30188,-32.36945,13.08447,-7.71142,-63.95160,7.27250,3.70962,26.71940,1.35144,170.39076,108.35578,677.17444,29.14840,0.00627,0.00940,0.09056,-0.01268,1.10800,0.04252,1.24359,0.97035,1.01713,0.06394,1.33441,0.85930,2.12688,0.00385,2.13374,2.11751,-4.92480,1.36271,-2.45178,-12.28260,-1.98338,0.00170,-1.98084,-1.98585,0.00785,0.00036,0.00927,0.00718,-1.97783,0.00167,-1.97540,-1.98070,-1.98893,0.00177,-1.98611,-1.99226,2.48336,1.23485,18.88342,1.03653,0.36254,0.17368,0.96307,0.00012,4.57091,2.00255,16.48377,1.23272
400,926.6883916854858,3284992,155.48029,2764.24219,100.27525,500.24580,43.24068,383.01323,514.96875,0.16727,0.29520,0.90159,-0.58761,3.82093,0.79522,6.08368,2.18115,25.63404,10.38366,54.15949,7.11840,-36.58545,13.96488,-11.54240,-67.78745,9.30956,5.33464,31.79929,2.50811,207.36489,181.66909,1450.09180,32.63646,0.00468,0.00882,0.03631,-0.01594,1.10742,0.04540,1.21870,0.90324,1.01046,0.06366,1.28438,0.85363,2.12034,0.00239,2.12435,2.10282,-4.81645,1.21603,-2.53654,-8.91050,-1.98006,0.00052,-1.97932,-1.98124,0.00767,0.00030,0.00836,0.00696,-1.97464,0.00049,-1.97380,-1.97592,-1.98548,0.00063,-1.98437,-1.98711,2.40160,0.80893,6.62860,1.05081,0.36255,0.16316,0.94102,0.03009,4.17916,1.75806,10.83915,1.14453
410,927.7365553379059,3366912,147.66071,3127.78664,131.93383,499.77142,44.77241,383.10203,440.81250,0.14997,0.23922,0.88996,-0.50272,3.64031,0.91686,6.76440,1.84396,24.59295,12.81314,59.08702,5.45416,-34.74550,14.06249,-8.65991,-68.32317,8.89811,5.73131,39.59138,2.26751,198.96445,136.09635,805.93243,44.05128,0.00646,0.00931,0.04229,-0.01592,1.10216,0.04646,1.22178,0.93422,1.01569,0.06639,1.19661,0.85110,2.11743,0.00365,2.12339,2.10332,-4.70600,1.18863,-1.92363,-9.76121,-1.97868,0.00148,-1.97603,-1.98089,0.00808,0.00107,0.00999,0.00663,-1.97297,0.00222,-1.96904,-1.97599,-1.98440,0.00080,-1.98294,-1.98582,2.33146,0.69562,5.64586,1.03417,0.36612,0.16264,0.96971,0.01996,4.50771,1.98277,12.17800,1.20954
420,925.0547115802765,3448832,152.27563,2868.91665,125.46785,500.67095,40.18895,384.08188,500.39062,0.04373,0.29672,0.87448,-0.72776,3.66092,0.86004,6.58372,1.69226,22.39717,10.22412,48.36948,6.56986,-34.71362,14.59642,-9.33735,-72.18756,9.02363,5.06367,40.92421,1.93382,211.65843,162.48158,1381.16370,38.49564,0.00732,0.01109,0.07819,-0.01492,1.08910,0.04643,1.22527,0.94225,1.02827,0.06864,1.25915,0.85979,2.11052,0.00248,2.11389,2.09825,-4.91354,1.52295,-2.20122,-10.86491,-1.97524,0.00061,-1.97406,-1.97601,0.00859,0.00102,0.01000,0.00719,-1.96916,0.00056,-1.96839,-1.97045,-1.98132,0.00121,-1.97942,-1.98297,2.46876,0.93089,12.85579,1.04730,0.34735,0.16553,0.96891,0.01330,4.73107,2.13106,20.66242,1.36812
430,924.6498861312866,3530752,163.21382,2398.34347,124.00056,502.80194,38.87400,382.85637,482.20312,0.04833,0.26325,0.88171,-0.69900,3.39321,0.75414,5.91404,1.82291,21.18081,11.66528,67.50887,5.60654,-31.53796,15.03573,-7.93460,-66.86008,7.79484,4.48740,32.54663,2.36808,195.04210,133.80558,1039.22986,26.92332,0.00626,0.00955,0.04862,-0.01727,1.08830,0.04494,1.23694,0.95426,1.02231,0.06712,1.23966,0.86246,2.10874,0.00258,2.11320,2.09567,-4.93081,1.46036,-2.39871,-11.83271,-1.97434,0.00063,-1.97352,-1.97557,0.00983,0.00072,0.01100,0.00827,-1.96739,0.00101,-1.96588,-1.96872,-1.98129,0.00053,-1.98026,-1.98252,2.48471,0.91770,9.29583,1.03919,0.33240,0.15626,0.96495,0.00446,4.47482,1.86354,14.86937,1.37252
440,939.9937720298767,3612672,142.69483,2042.98442,136.75772,512.76881,44.06272,383.06042,488.32812,0.08330,0.26803,0.67877,-0.64425,3.82228,0.65962,5.56061,1.78799,26.60186,9.90956,53.93796,7.02404,-34.86818,11.49709,-10.63893,-62.54069,9.45389,4.17363,24.88332,2.73899,197.46607,118.75455,893.07025,44.91699,0.00525,0.00964,0.06604,-0.01633,1.08904,0.04475,1.25339,0.95848,1.02135,0.06362,1.26166,0.83732,2.10361,0.00335,2.11002,2.09155,-4.98263,1.28586,-2.33477,-11.76629,-1.97175,0.00133,-1.97019,-1.97403,0.00968,0.00083,0.01083,0.00792,-1.96490,0.00090,-1.96374,-1.96642,-1.97859,0.00185,-1.97581,-1.98164,2.43006,0.76416,5.64580,1.04955,0.33586,0.16913,0.96097,0.00000,4.13820,1.64643,10.07819,1.09936
450,940.2530722618103,3694592,160.11684,2100.54580,134.10360,505.94925,50.86023,383.23376,491.70312,0.29777,0.33106,1.15453,-0.41889,3.42916,0.66980,5.29931,1.75268,22.56405,9.72596,47.73165,5.72998,-30.78800,12.58538,-4.91823,-60.20908,8.16646,4.03477,26.06156,1.74818,179.78600,112.75769,821.11627,31.22375,0.00563,0.01068,0.10713,-0.01611,1.08265,0.04436,1.21589,0.94523,1.01616,0.06312,1.21413,0.83296,2.09929,0.00258,2.10323,2.08620,-4.87611,1.35163,-2.19864,-11.84861,-1.96953,0.00091,-1.96728,-1.97060,0.00731,0.00071,0.00841,0.00557,-1.96436,0.00050,-1.96332,-1.96510,-1.97469,0.00138,-1.97124,-1.97614,2.52006,1.08328,13.31149,1.02432,0.33256,0.17871,0.96965,0.00026,4.41197,2.88965,54.64593,1.29720
460,938.2064001560211,3776512,146.15653,2515.38985,157.00551,506.01154,49.04972,383.05038,500.39062,0.07378,0.31824,0.94243,-0.78280,3.87723,0.74824,6.32385,2.29112,22.16844,11.41605,61.58715,4.71786,-37.73461,13.36832,-8.81918,-65.08632,10.86969,5.31726,32.63934,2.57323,213.51044,133.51805,1136.07471,37.72289,0.00663,0.01092,0.08563,-0.01607,1.06809,0.04822,1.21648,0.92249,1.02188,0.06688,1.27126,0.86331,2.08974,0.00330,2.09653,2.07621,-5.03007,1.50263,-2.43217,-14.28729,-1.96480,0.00132,-1.96170,-1.96726,0.00630,0.00100,0.00846,0.00472,-1.96035,0.00199,-1.95572,-1.96330,-1.96925,0.00071,-1.96768,-1.97122,2.63605,1.30400,19.79892,1.08532,0.29265,0.18178,0.92021,0.00002,4.52808,1.94754,14.55023,1.38079
470,931.2189631462097,3858432,145.02322,2778.09240,127.70677,502.67054,47.76499,380.68953,414.35938,0.06227,0.22157,0.79388,-0.70309,3.54617,0.78975,5.83043,1.97369,22.46164,11.55298,55.78057,6.41698,-35.03209,12.97106,-9.65763,-62.60905,8.71199,4.63161,32.51302,2.27855,193.66480,141.23471,1084.02917,36.42002,0.00459,0.00845,0.03839,-0.01868,1.07040,0.04621,1.19974,0.94023,1.01188,0.06622,1.21205,0.82548,2.08081,0.00291,2.08601,2.07044,-4.93997,1.40348,-2.48964,-11.65415,-1.96026,0.00113,-1.95784,-1.96205,0.00832,0.00074,0.00980,0.00715,-1.95437,0.00125,-1.95254,-1.95618,-1.96614,0.00124,-1.96314,-1.96801,2.46729,1.54763,25.20330,1.05085,0.34445,0.17615,0.94427,0.00474,4.24482,1.64166,11.00669,1.33073
480,927.4604439735413,3940352,148.61919,2447.77509,135.24808,504.55845,44.48114,378.33134,427.00000,0.13985,0.29275,0.70619,-0.71209,3.67708,0.89396,6.54708,1.99962,21.92088,10.56504,52.46620,6.74467,-33.01275,13.41405,-8.32312,-64.74942,8.79050,4.71404,28.71167,2.57138,198.28396,130.00656,780.74078,32.27038,0.00706,0.01155,0.07171,-0.01481,1.04387,0.04764,1.16121,0.91857,1.03148,0.06742,1.22902,0.85037,2.07371,0.00221,2.07745,2.05858,-5.03971,1.43971,-2.55957,-13.07990,-1.95679,0.00055,-1.95573,-1.95782,0.00719,0.00047,0.00811,0.00634,-1.95170,0.00051,-1.95089,-1.95262,-1.96187,0.00076,-1.96034,-1.96319,2.59112,1.10850,13.53701,1.04267,0.31583,0.16428,0.96750,0.00125,4.82926,2.09394,17.18723,1.59521
490,1015.775707244873,4022272,153.49029,3301.91104,146.54223,598.85620,39.47967,377.33524,418.87500,0.24045,0.21721,0.83336,-0.36474,4.35911,0.86085,6.80494,2.28619,31.51617,10.41246,55.73843,9.28225,-39.84182,14.87756,-7.46334,-66.85939,12.61530,6.29464,44.32808,3.17251,237.73577,141.18270,1329.36584,43.00180,0.00590,0.00920,0.03804,-0.01896,1.05017,0.04448,1.18059,0.91304,1.02126,0.06215,1.31983,0.84101,2.06816,0.00334,2.07349,2.05616,-4.83643,1.10431,-2.31242,-8.26292,-1.95395,0.00140,-1.95112,-1.95572,0.00791,0.00059,0.00908,0.00649,-1.94836,0.00174,-1.94470,-1.95113,-1.95955,0.00110,-1.95754,-1.96097,2.51448,0.93171,11.48000,1.03622,0.34873,0.16328,0.95435,0.01887,4.63601,1.82358,11.21804,1.51123
500,886.679132938385,4104192,169.70526,3176.41635,147.05811,502.84287,59.03796,324.55355,367.95312,0.14242,0.24086,0.89819,-0.82726,4.35428,0.76115,6.85051,2.54605,28.76904,10.40835,61.73101,9.45803,-39.22344,12.85638,-9.24945,-66.89179,13.02289,6.09070,45.17002,3.74627,291.03723,193.84753,1277.96289,46.47178,0.00470,0.00842,0.04193,-0.01748,1.04466,0.04624,1.17174,0.88236,1.01375,0.06559,1.21343,0.82794,2.06052,0.00224,2.06429,2.04978,-4.91201,1.42140,-2.42148,-12.83120,-1.95019,0.00057,-1.94915,-1.95115,0.00976,0.00055,0.01075,0.00876,-1.94329,0.00070,-1.94197,-1.94470,-1.95709,0.00069,-1.95535,-1.95825,2.46343,0.91946,8.49313,1.03361,0.35083,0.15963,0.96043,0.00148,4.67051,1.73154,10.59820,1.45844
510,951.4078810214996,4186112,154.36561,2548.20521,149.36519,508.32236,60.72710,382.25381,464.39062,0.10279,0.24202,0.75646,-0.55935,4.31982,0.84831,6.68059,2.35379,27.48646,10.63685,57.82252,10.42892,-37.90684,14.21627,-9.01924,-68.46885,13.00728,6.54864,44.60098,3.56371,254.37801,159.33166,1185.91736,42.36124,0.00458,0.00890,0.04742,-0.01907,1.04090,0.04785,1.18527,0.86024,1.01779,0.06626,1.25627,0.84640,2.05578,0.00273,2.06024,2.04570,-4.91622,1.40741,-2.34304,-11.09088,-1.94777,0.00099,-1.94619,-1.94918,0.00881,0.00052,0.01021,0.00816,-1.94154,0.00122,-1.93921,-1.94312,-1.95400,0.00087,-1.95256,-1.95546,2.35157,0.85751,7.63436,1.05818,0.37458,0.16591,0.97005,0.01274,4.69920,1.97491,19.28163,1.58146
520,947.6437091827393,4268032,156.75966,3183.11115,148.48851,504.30076,68.71249,374.49002,402.09375,0.12602,0.22567,0.89498,-0.60623,4.02234,0.85543,6.50341,2.33694,26.48605,12.69871,62.93439,6.90291,-34.13673,15.82599,-10.42215,-69.62071,10.97282,5.52547,29.96184,2.34835,231.66958,153.86788,1086.27063,41.99347,0.00488,0.00986,0.04953,-0.02194,1.02550,0.04654,1.16855,0.89162,1.02773,0.06551,1.26668,0.85118,2.05114,0.00220,2.05474,2.03886,-4.98759,1.40470,-2.45060,-9.97865,-1.94553,0.00043,-1.94482,-1.94646,0.01029,0.00059,0.01102,0.00920,-1.93826,0.00047,-1.93715,-1.93924,-1.95281,0.00071,-1.95157,-1.95380,2.60317,1.06656,10.61562,1.06000,0.32900,0.16094,0.95684,0.00732,4.65964,1.80890,14.54698,1.55264
530,965.9737801551819,4349952,166.59427,2633.46383,137.25036,505.26702,75.37276,385.21878,490.15625,0.13423,0.40094,1.24082,-0.76583,4.37757,0.99717,7.03399,2.00818,28.11043,11.95648,57.59460,7.62516,-40.65185,13.97004,-9.97173,-72.09423,12.35997,6.63400,39.06883,2.37181,286.04474,214.08714,1677.21240,30.98259,0.00663,0.01042,0.05315,-0.01368,1.02762,0.04875,1.17479,0.87955,1.02102,0.06737,1.23482,0.83317,2.04555,0.00342,2.05172,2.03362,-4.90742,1.33962,-2.29670,-11.10921,-1.94267,0.00138,-1.94057,-1.94503,0.01116,0.00032,0.01173,0.01054,-1.93478,0.00137,-1.93245,-1.93742,-1.95056,0.00143,-1.94824,-1.95265,2.57555,1.08045,11.58227,1.03890,0.33447,0.16494,0.96504,0.00542,4.73258,2.03222,17.81339,1.21616
540,932.3068649768829,4431872,152.98982,2967.42971,129.82166,504.00805,45.07001,383.07955,427.42188,-0.12363,0.34125,0.73324,-1.07865,4.30050,0.85239,7.61530,2.35418,24.97586,10.97672,66.36144,8.09696,-42.31916,12.90571,-10.30821,-69.84112,13.11291,6.21000,34.64555,2.80801,273.20089,184.52314,1273.69202,43.84662,0.00533,0.00975,0.04443,-0.01339,1.01681,0.04483,1.16473,0.85013,1.01321,0.06107,1.21382,0.84741,2.03773,0.00299,2.04316,2.02709,-4.74168,1.09582,-2.43525,-8.54574,-1.93883,0.00105,-1.93744,-1.94056,0.01235,0.00038,0.01295,0.01150,-1.93010,0.00094,-1.92885,-1.93243,-1.94756,0.00121,-1.94576,-1.94931,2.69439,1.11479,12.52405,1.06259,0.30899,0.16607,0.93308,0.00020,4.90806,1.93369,12.99483,1.84498
550,917.0768389701843,4513792,152.49861,2974.62753,134.93856,502.61557,58.35080,356.00381,424.34375,0.12809,0.30930,0.84734,-0.71967,3.98284,0.74071,5.96887,1.99147,24.58620,12.05129,63.18304,6.42976,-36.24997,14.92783,-7.49726,-65.39670,10.95912,5.16618,29.35307,2.01073,258.39372,179.86419,1278.33899,35.83922,0.00514,0.01023,0.05757,-0.01875,1.01614,0.04283,1.13025,0.89813,1.01434,0.05808,1.17639,0.85401,2.03393,0.00210,2.03757,2.02456,-4.81224,1.17022,-2.61160,-8.48672,-1.93684,0.00037,-1.93623,-1.93779,0.01520,0.00095,0.01653,0.01267,-1.92610,0.00082,-1.92473,-1.92884,-1.94759,0.00072,-1.94629,-1.94891,2.41576,0.81032,10.10452,1.02917,0.35852,0.15910,0.97811,0.00750,5.13797,2.20908,15.06801,1.55797
560,948.1887845993042,4595712,160.29063,3635.99604,150.66063,503.15782,65.41535,379.51940,483.45312,0.17946,0.26920,1.01453,-0.57501,4.05483,0.71670,6.40266,2.47205,26.35202,10.34343,55.26814,5.71767,-35.46445,12.55048,-9.38394,-59.14729,10.54751,4.55710,31.94669,3.94487,233.85909,145.91045,1066.61658,51.01260,0.00412,0.00872,0.03033,-0.01763,1.01404,0.04563,1.13408,0.88841,1.01890,0.06465,1.20781,0.86292,2.03165,0.00204,2.03465,2.02093,-4.96796,1.26394,-2.29088,-9.49803,-1.93574,0.00033,-1.93508,-1.93636,0.01507,0.00064,0.01643,0.01409,-1.92509,0.00072,-1.92355,-1.92620,-1.94640,0.00033,-1.94572,-1.94718,2.26853,0.70961,8.11419,1.03696,0.37412,0.16387,0.96381,0.00333,4.90402,1.76477,11.49270,1.45479
570,905.7304952144623,4677632,156.03203,2697.03677,133.75899,504.47666,51.52482,349.51160,390.39062,0.03289,0.32022,0.82067,-1.15532,3.92454,0.65697,6.26079,2.26975,26.71389,11.35629,56.97669,6.94218,-35.65354,13.68733,-9.21260,-69.38289,10.22077,4.97384,34.26059,3.06098,244.90469,177.98314,1386.91125,35.19753,0.00508,0.00918,0.03898,-0.01646,1.01015,0.04564,1.14159,0.87556,1.01828,0.06293,1.22020,0.86142,2.02895,0.00262,2.03336,2.01173,-4.84204,1.35258,-2.27048,-9.38810,-1.93442,0.00086,-1.93332,-1.93566,0.01617,0.00072,0.01704,0.01483,-1.92298,0.00129,-1.92145,-1.92487,-1.94585,0.00057,-1.94484,-1.94724,2.46763,1.12762,12.46738,1.04124,0.35463,0.16340,0.95511,0.00444,4.85941,1.97370,13.44773,1.58652
580,945.2995758056641,4759552,179.84314,3412.75486,166.48165,504.61079,60.60105,379.88742,483.12500,0.10544,0.37083,1.06182,-1.59617,4.34603,0.96964,8.56906,2.30003,28.92258,12.27065,63.31620,5.73440,-36.93314,16.11967,-9.45837,-73.84508,13.31466,7.31010,62.66988,3.00340,271.69308,174.99646,1264.82666,37.59602,0.00422,0.00955,0.04385,-0.02077,1.00430,0.04528,1.13539,0.88221,1.02579,0.06089,1.23372,0.87084,2.02540,0.00242,2.02991,2.01498,-5.05029,1.29107,-2.62203,-10.27845,-1.93268,0.00063,-1.93163,-1.93392,0.01635,0.00052,0.01778,0.01565,-1.92112,0.00080,-1.91992,-1.92283,-1.94425,0.00067,-1.94296,-1.94512,2.46453,0.90709,9.86084,1.02133,0.34374,0.16903,0.97249,0.02019,4.90901,2.00235,12.42757,1.63701
590,943.443831205368,4841472,177.81100,3541.25356,167.90068,502.73999,60.14463,380.31913,445.20312,0.17627,0.36153,1.25175,-0.68306,4.52620,0.79315,6.90662,2.23734,27.15496,11.79066,59.99713,7.56667,-42.32403,13.87948,-9.73039,-71.96426,14.48069,6.57674,45.84742,2.56874,262.77637,170.49972,1363.69287,49.84803,0.00489,0.00942,0.04272,-0.01782,1.00034,0.04527,1.12108,0.83873,1.02137,0.06031,1.22188,0.84632,2.02352,0.00266,2.02881,2.01195,-4.87282,1.22501,-2.60188,-9.78430,-1.93171,0.00079,-1.93064,-1.93338,0.01899,0.00068,0.02004,0.01776,-1.91828,0.00099,-1.91697,-1.92034,-1.94514,0.00086,-1.94335,-1.94646,2.48117,0.82562,6.80348,1.04713,0.32930,0.17040,0.95634,0.00148,5.09079,2.08667,12.74686,1.64917
600,897.5465607643127,4923392,183.20016,3134.49479,169.99804,503.17728,40.68407,353.59260,385.96875,0.24896,0.19035,0.73041,-0.37208,4.23872,0.78196,6.73401,2.48863,25.75732,11.43055,60.26258,9.32824,-41.14089,14.45808,-10.35108,-72.14115,12.47117,5.49518,31.49895,3.76135,247.89257,151.88466,1460.64551,42.57591,0.00507,0.01017,0.04564,-0.01659,0.98935,0.04737,1.11626,0.85914,1.02649,0.06577,1.24304,0.82458,2.01702,0.00380,2.02393,2.00324,-5.06279,1.33931,-2.53676,-11.21752,-1.92845,0.00159,-1.92498,-1.93096,0.01739,0.00046,0.01833,0.01668,-1.91615,0.00179,-1.91202,-1.91843,-1.94074,0.00143,-1.93795,-1.94350,2.51713,0.84495,8.17162,1.03572,0.32168,0.16418,0.97268,0.00303,5.08598,2.09772,16.19048,1.48709
610,931.6574413776398,5005312,199.33089,3200.02446,180.78256,503.11496,50.07512,378.27763,492.90625,0.33431,0.35758,1.23438,-0.58330,4.35896,0.91775,7.93634,2.48556,26.60395,10.19383,59.57788,8.84396,-37.92703,14.49679,-7.61563,-70.71552,13.11567,7.09932,45.23214,3.82065,246.50666,142.93086,939.43048,45.12210,0.00614,0.01017,0.05488,-0.01729,0.98941,0.04821,1.13570,0.78675,1.02074,0.06478,1.22556,0.84918,2.00718,0.00303,2.01183,1.99333,-5.07039,1.33350,-2.58100,-9.72971,-1.92360,0.00100,-1.92179,-1.92498,0.01751,0.00048,0.01833,0.01679,-1.91121,0.00073,-1.90980,-1.91210,-1.93598,0.00131,-1.93373,-1.93794,2.65379,1.21250,12.77187,1.05337,0.32258,0.16644,0.96875,0.00081,5.65154,2.38616,19.53004,1.99011
620,926.5106289386749,5087232,196.08001,3301.93223,132.64842,503.92266,45.34385,377.06991,438.48438,-0.00765,0.29213,1.36232,-0.62343,4.04954,0.81674,6.63086,2.48054,23.72694,12.31765,65.06620,7.30367,-35.19339,14.59459,-10.85585,-68.80451,11.41378,5.99123,37.33329,3.02408,237.35680,154.44033,966.54010,43.78590,0.00612,0.03156,0.66397,-0.01665,0.97629,0.04470,1.12245,0.84786,1.02536,0.06446,1.31026,0.82175,2.00134,0.00262,2.00551,1.97794,-5.09435,1.49901,-2.59295,-11.48944,-1.92064,0.00056,-1.91943,-1.92181,0.01960,0.00129,0.02141,0.01674,-1.90678,0.00138,-1.90439,-1.90991,-1.93450,0.00062,-1.93346,-1.93549,2.56361,1.55384,29.69981,1.02850,0.33617,0.16394,0.96445,0.00002,5.62328,4.20881,82.86580,1.63002
630,945.7335247993469,5169152,206.00370,3511.89661,162.87437,501.40356,67.13089,377.10266,480.04688,0.14439,0.25882,0.90648,-0.61008,4.28779,0.92090,6.66814,2.22632,26.48657,12.90318,57.71756,8.17433,-43.32501,14.52084,-10.75236,-75.99814,12.90789,6.66849,38.87334,2.89925,241.83925,162.65850,1539.37012,41.86214,0.00645,0.01073,0.06838,-0.01846,0.97234,0.04922,1.11025,0.83855,1.02686,0.06618,1.21029,0.86369,1.99411,0.00350,2.00112,1.98216,-5.03802,1.30224,-2.38853,-9.87982,-1.91701,0.00137,-1.91540,-1.91955,0.02022,0.00041,0.02078,0.01929,-1.90271,0.00120,-1.90122,-1.90507,-1.93131,0.00157,-1.92930,-1.93414,2.55024,1.31740,18.39932,1.05831,0.33608,0.17237,0.94378,0.00074,5.18494,2.12187,15.97346,1.53870
640,954.0977671146393,5251072,217.57601,3639.31070,168.22799,502.25732,72.70529,378.91802,488.62500,0.04819,0.25941,0.80530,-0.82804,4.05580,0.84930,6.83079,2.19068,24.95891,11.75990,55.05464,5.99717,-37.95492,15.49693,-11.08654,-72.22417,11.95276,6.04444,37.02888,2.86370,246.45065,161.52306,1579.34680,39.16695,0.00427,0.00912,0.03314,-0.02199,0.96909,0.04783,1.08161,0.79673,1.02139,0.06647,1.36802,0.86413,1.99171,0.00237,1.99498,1.98038,-4.97304,1.36800,-2.56786,-10.90851,-1.91584,0.00049,-1.91504,-1.91650,0.02041,0.00048,0.02150,0.01987,-1.90141,0.00077,-1.89987,-1.90232,-1.93027,0.00033,-1.92962,-1.93081,2.56515,1.03638,12.17392,1.05159,0.32715,0.16696,0.97768,0.00448,5.20299,2.02982,15.23749,1.52007
650,931.787205696106,5332992,218.82049,2878.37692,161.51407,502.29432,49.36730,379.92161,518.12500,-0.14659,0.32377,0.80199,-1.24520,4.67292,0.88539,7.51587,2.64472,25.91640,11.32797,68.88383,7.16800,-44.92908,14.93369,-11.27342,-72.44971,15.02557,7.15023,45.09500,4.19055,270.80698,159.66658,1178.81982,57.35081,0.00568,0.00998,0.05774,-0.01520,0.96826,0.04516,1.09307,0.81174,1.01362,0.06128,1.21260,0.84585,1.98754,0.00310,1.99191,1.97513,-4.80928,1.34605,-2.49555,-12.36257,-1.91368,0.00118,-1.91079,-1.91505,0.02162,0.00062,0.02327,0.02060,-1.89839,0.00152,-1.89433,-1.89987,-1.92897,0.00094,-1.92724,-1.93023,2.64639,1.05745,8.60373,1.04653,0.31213,0.17191,0.94808,0.00000,5.27329,2.24880,20.33734,1.66983
660,945.8118660449982,5414912,209.36516,3619.48972,132.28003,503.34164,62.68744,379.57831,559.95312,0.26565,0.31269,1.22643,-0.61765,4.51827,0.76212,7.61273,2.93728,28.81822,10.85006,66.12786,8.72962,-36.63679,15.00254,-9.76544,-76.32880,13.87564,6.24513,43.96069,4.37166,298.47440,186.74869,1298.86523,58.04903,0.00584,0.01084,0.05747,-0.01957,0.96074,0.04574,1.08274,0.84640,1.02214,0.06546,1.26404,0.85077,1.98165,0.00191,1.98419,1.96614,-5.08067,1.38570,-2.66692,-10.26437,-1.91071,0.00017,-1.91036,-1.91108,0.02359,0.00034,0.02411,0.02299,-1.89402,0.00032,-1.89353,-1.89457,-1.92739,0.00027,-1.92691,-1.92785,2.67952,1.20707,14.33661,1.03802,0.30373,0.17368,0.97169,0.00152,5.37016,1.98824,13.57054,1.80620
670,932.2058408260345,5496832,267.24064,3032.35634,124.85877,504.29502,47.91035,379.89822,493.48438,0.10686,0.39327,1.04241,-1.17055,4.27480,1.00773,7.65403,2.10802,25.72988,11.88118,59.71025,8.35693,-36.83836,15.79014,-9.55285,-73.85260,13.05245,6.53542,38.69068,2.93187,316.78485,216.88069,1369.75439,35.60608,0.00493,0.01022,0.05683,-0.01798,0.96501,0.04833,1.14017,0.77955,1.02325,0.06447,1.24937,0.83899,1.98218,0.00227,1.98558,1.97020,-5.05202,1.38375,-2.04205,-10.62474,-1.91110,0.00051,-1.91006,-1.91185,0.02361,0.00034,0.02419,0.02300,-1.89441,0.00045,-1.89367,-1.89516,-1.92780,0.00065,-1.92633,-1.92862,2.77293,2.12216,35.74529,1.01975,0.31080,0.17707,0.97805,0.00074,5.18287,1.98516,20.82015,1.98924
680,930.5553741455078,5578752,191.54852,3549.47883,158.72264,506.03256,44.06666,380.37000,519.32812,0.01345,0.41096,0.88553,-1.65064,5.33647,0.80259,7.94406,3.23406,33.29841,11.37152,61.79688,9.53737,-46.64957,13.50602,-15.03668,-76.24179,18.60508,8.06447,55.30662,5.32049,354.93722,205.94736,1317.61096,72.09246,0.00651,0.01066,0.05178,-0.01736,0.95841,0.04951,1.11012,0.80648,1.02502,0.06620,1.24622,0.83857,1.98089,0.00270,1.98525,1.96836,-5.05072,1.32711,-2.15508,-11.59933,-1.91042,0.00100,-1.90853,-1.91167,0.02253,0.00044,0.02337,0.02160,-1.89449,0.00075,-1.89311,-1.89538,-1.92635,0.00128,-1.92387,-1.92818,2.66342,1.11886,12.93921,1.03952,0.29908,0.17240,0.95856,0.00005,5.69617,2.31096,15.17381,1.42553
690,952.5562727451324,5660672,190.35464,3390.84630,134.43439,510.79054,50.82289,390.84198,519.67188,0.12766,0.29250,0.89056,-0.69004,4.70346,0.73287,7.48805,3.05299,29.71268,12.39949,67.93692,9.51510,-40.78210,14.68751,-10.91622,-75.41766,14.54642,6.88000,46.41278,3.96943,302.18907,198.52965,1251.25342,63.65768,0.00568,0.01120,0.06936,-0.01677,0.95382,0.04509,1.08569,0.81684,1.02617,0.06543,1.31719,0.82648,1.97481,0.00295,1.97966,1.96333,-5.09739,1.39943,-2.58030,-12.05393,-1.90737,0.00108,-1.90579,-1.90886,0.02043,0.00052,0.02161,0.01971,-1.89293,0.00075,-1.89163,-1.89400,-1.92182,0.00143,-1.91989,-1.92407,2.78397,1.41711,12.16929,1.03837,0.29794,0.17481,0.95586,0.00074,5.32621,2.19972,16.34829,1.66384
700,926.8151955604553,5742592,187.37997,3657.62725,178.70549,505.74211,40.53830,380.34438,550.42188,-0.03764,0.36104,0.82187,-1.88637,5.07424,1.10377,10.15563,2.80944,30.08835,13.44613,70.76874,8.66354,-45.96310,15.07565,-10.70824,-77.68816,18.48457,10.82305,77.87128,4.90404,380.72207,254.83646,1577.04797,85.73674,0.00420,0.00970,0.04000,-0.02093,0.95583,0.04196,1.08208,0.80671,1.01027,0.05969,1.20532,0.83492,1.96871,0.00322,1.97421,1.95495,-4.91522,1.18906,-2.66898,-8.57022,-1.90427,0.00123,-1.90206,-1.90610,0.02077,0.00044,0.02157,0.02007,-1.88958,0.00139,-1.88682,-1.89167,-1.91896,0.00113,-1.91729,-1.92057,2.56969,1.01937,10.06536,1.03598,0.32140,0.17165,0.95807,0.00342,5.43574,2.17309,14.30058,1.71159
710,927.7813940048218,5824512,217.91526,4019.68970,177.13065,505.34456,45.01123,377.34004,464.76562,0.12847,0.33142,1.00533,-0.97819,5.02479,0.94432,8.38419,2.74160,33.41299,12.88616,70.87629,11.17879,-42.96553,16.80893,-11.94992,-75.42751,18.53076,8.80957,52.17726,4.09228,389.73811,250.53377,1921.55188,58.40815,0.00449,0.01034,0.08757,-0.01733,0.93887,0.04647,1.07881,0.80299,1.03170,0.06514,1.22662,0.87316,1.96218,0.00274,1.96639,1.95153,-5.21272,1.51742,-2.90983,-13.43037,-1.90107,0.00088,-1.89984,-1.90218,0.02259,0.00051,0.02342,0.02154,-1.88510,0.00113,-1.88373,-1.88683,-1.91704,0.00072,-1.91580,-1.91790,2.65061,1.34522,12.62091,1.03322,0.33744,0.17579,0.98072,0.00050,5.58623,2.53174,32.70862,1.71770
720,937.4730327129364,5906432,211.34981,3385.03948,196.41928,506.10217,54.31331,376.96652,463.79688,0.04045,0.37745,1.05999,-0.94844,5.22483,0.98477,7.75064,3.07798,34.21668,12.58939,69.77947,11.55097,-47.00591,16.84263,-10.43677,-80.11923,20.18885,9.03221,51.04197,6.05867,353.10918,247.97615,2745.62305,81.66149,0.00578,0.01041,0.04358,-0.01818,0.94384,0.04818,1.09593,0.79934,1.02053,0.06775,1.22492,0.85649,1.95730,0.00290,1.96318,1.94339,-5.04599,1.35136,-2.75908,-9.18472,-1.89869,0.00091,-1.89727,-1.90058,0.02276,0.00027,0.02323,0.02229,-1.88260,0.00094,-1.88114,-1.88446,-1.91478,0.00091,-1.91340,-1.91672,2.58389,1.40786,20.28177,1.03914,0.31206,0.17462,0.95767,0.00083,5.79233,2.28882,14.57646,1.98082
730,936.1250219345093,5988352,247.18238,3924.74371,154.67992,506.03292,53.32553,376.58591,534.85938,0.09628,0.29795,0.83106,-0.68755,4.70273,0.93047,7.08715,2.62070,29.77656,11.59021,76.13335,9.43084,-43.79335,15.12321,-8.76988,-74.66497,15.86348,7.69924,45.75291,3.89300,292.44300,187.18511,1704.58679,71.33146,0.00483,0.01000,0.07909,-0.01807,0.93649,0.04418,1.06102,0.81358,1.01951,0.06653,1.29668,0.86474,1.95049,0.00339,1.95637,1.93551,-5.03539,1.35031,-2.65503,-11.94866,-1.89520,0.00134,-1.89349,-1.89726,0.02356,0.00034,0.02436,0.02282,-1.87854,0.00145,-1.87656,-1.88112,-1.91186,0.00128,-1.90995,-1.91352,2.71901,1.38894,17.09719,1.04070,0.32298,0.17104,0.96428,0.00001,5.51033,2.15089,12.85922,1.72679
740,943.2584037780762,6070272,271.85367,3731.13229,157.81816,505.32718,59.78464,377.94662,528.81250,-0.03452,0.37632,0.92889,-1.09528,4.90069,0.86497,7.28116,2.77048,33.49604,11.10457,71.36744,8.31236,-41.71692,16.98007,-11.88296,-78.40379,16.40753,7.62464,47.32507,3.86702,361.26804,220.72894,1747.85986,82.53973,0.00413,0.00933,0.04467,-0.02198,0.92793,0.04746,1.05408,0.73508,1.01721,0.06338,1.21600,0.82071,1.94396,0.00296,1.94935,1.92993,-4.95798,1.17078,-2.73970,-9.28292,-1.89200,0.00110,-1.89036,-1.89368,0.02469,0.00033,0.02503,0.02392,-1.87455,0.00128,-1.87271,-1.87677,-1.90946,0.00095,-1.90797,-1.91076,2.53262,1.06229,10.96194,1.02176,0.34847,0.16497,0.94918,0.00185,5.23621,1.93642,13.44669,1.84608
750,926.0493049621582,6152192,202.15987,4442.72275,193.90605,505.29496,42.93081,377.73026,473.56250,-0.03468,0.25398,0.59821,-1.08442,4.63391,0.86454,7.94952,2.65617,31.71779,13.06517,67.97144,7.68462,-44.13056,15.46637,-13.56848,-76.53303,15.01620,7.21610,57.90977,4.40058,351.80634,203.70650,1503.23730,68.92788,0.00465,0.01047,0.06408,-0.01911,0.93102,0.04252,1.05986,0.80180,1.01007,0.06088,1.20732,0.83635,1.94168,0.00212,1.94598,1.93404,-4.93499,1.44690,-2.53384,-11.56410,-1.89072,0.00060,-1.88997,-1.89200,0.02430,0.00018,0.02489,0.02393,-1.87354,0.00056,-1.87283,-1.87455,-1.90790,0.00065,-1.90691,-1.90946,2.56407,0.93133,8.75257,1.02943,0.32732,0.17580,0.97684,0.00178,5.52448,2.31912,18.85169,2.03117
760,932.6887471675873,6234112,187.36874,4195.83551,181.06498,505.07857,49.97383,377.54100,417.64062,-0.09626,0.26644,0.57488,-0.95711,4.74749,0.88969,7.70466,2.70052,31.48083,11.44964,64.31156,10.82390,-45.43158,15.99730,-9.40055,-79.71539,15.21317,7.35402,49.12921,4.75739,383.83355,255.09732,1929.77795,46.88327,0.00434,0.01019,0.06607,-0.01889,0.92005,0.04630,1.05111,0.78423,1.02496,0.06557,1.28035,0.84797,1.93916,0.00256,1.94310,1.92332,-5.01539,1.28444,-2.55365,-11.82762,-1.88953,0.00070,-1.88837,-1.89054,0.02485,0.00040,0.02552,0.02381,-1.87196,0.00091,-1.87069,-1.87330,-1.90710,0.00057,-1.90600,-1.90788,2.53362,1.68196,33.14989,1.02745,0.34259,0.16692,0.95997,0.01777,5.46610,2.25030,19.17051,2.06809
770,960.3094274997711,6316032,223.33232,3592.29509,184.71107,505.12146,78.90732,376.19152,466.10938,0.19954,0.25284,1.00208,-0.60882,4.96326,0.84488,8.09112,2.61141,33.50107,12.24909,74.55228,8.77670,-47.48750,15.13533,-9.55226,-80.58581,17.23910,7.85973,60.72928,4.93007,361.23079,261.22138,2420.92871,64.26428,0.00505,0.00984,0.03629,-0.01710,0.91407,0.04393,1.05325,0.78843,1.02608,0.06636,1.28364,0.85979,1.93555,0.00247,1.93970,1.92637,-5.21182,1.51967,-2.36348,-14.99202,-1.88774,0.00076,-1.88620,-1.88880,0.02428,0.00034,0.02487,0.02371,-1.87057,0.00063,-1.86908,-1.87138,-1.90491,0.00093,-1.90332,-1.90632,2.62370,1.16332,14.71869,1.03244,0.31837,0.17079,0.97169,0.00102,5.60173,2.07599,12.48102,1.44341
780,929.9602327346802,6397952,234.33513,3873.37072,138.85316,506.59210,43.23118,380.06067,479.62500,-0.02543,0.38773,0.95895,-0.95893,5.11270,0.99216,7.73048,2.74370,35.27945,12.26957,71.59782,11.32829,-44.91293,15.75589,-12.14326,-79.37202,19.29662,9.46984,53.61295,4.83594,373.43890,228.79328,1310.85095,89.65347,0.00509,0.01050,0.07254,-0.01743,0.91132,0.04441,1.03771,0.76021,1.01187,0.06263,1.21569,0.81757,1.92909,0.00251,1.93422,1.91450,-4.91881,1.32809,-2.41646,-10.80507,-1.88452,0.00066,-1.88367,-1.88618,0.02486,0.00031,0.02542,0.02422,-1.86694,0.00079,-1.86570,-1.86906,-1.90209,0.00059,-1.90135,-1.90333,2.65401,1.20830,13.52407,1.02107,0.32564,0.16328,0.97422,0.00075,5.74554,2.39544,19.83225,1.77442
790,925.7695236206055,6479872,222.05993,3974.99532,149.36646,505.68769,40.47534,379.39588,511.56250,0.12011,0.41910,0.98579,-1.11520,5.54209,1.16181,9.30461,2.95989,34.45697,13.19378,71.88596,8.60352,-49.66324,15.85627,-12.92218,-78.49586,21.77014,11.92101,79.29693,4.93847,398.99313,241.54787,2011.18457,72.49877,0.00379,0.00898,0.03167,-0.01796,0.90347,0.04495,1.04655,0.77028,1.02647,0.06370,1.22286,0.85392,1.92330,0.00302,1.93020,1.91287,-5.13339,1.28615,-2.68894,-12.22213,-1.88150,0.00125,-1.87961,-1.88407,0.02653,0.00129,0.02871,0.02489,-1.86274,0.00204,-1.85930,-1.86626,-1.90026,0.00077,-1.89917,-1.90192,2.46752,0.94263,10.13202,1.04992,0.34523,0.17833,0.96075,0.01321,5.04243,1.92396,14.16126,1.66439
800,937.8852670192719,6561792,202.45010,3863.34712,224.16536,504.99140,54.44852,378.35195,512.53125,0.06191,0.25248,0.75852,-0.72343,4.79259,1.00564,8.06804,2.49716,33.37189,11.36614,63.67158,11.08460,-45.79024,15.72908,-9.90871,-76.87923,16.96853,8.53207,57.95100,4.20857,338.37285,206.49994,1404.67920,68.97953,0.00498,0.00994,0.04440,-0.02228,0.90024,0.04326,0.99525,0.73484,1.01736,0.05993,1.18488,0.86183,1.91641,0.00235,1.92101,1.90429,-5.10744,1.24153,-2.30500,-10.16965,-1.87811,0.00069,-1.87696,-1.87959,0.02854,0.00042,0.02935,0.02785,-1.85793,0.00053,-1.85671,-1.85928,-1.89829,0.00093,-1.89709,-1.89994,2.55834,0.97560,9.84832,1.04616,0.33790,0.16971,0.96891,0.03143,5.35630,2.15791,16.81918,1.46502
810,964.7954893112183,6643712,233.16318,3998.32769,173.93296,506.69529,79.88795,378.12286,488.07812,-0.03883,0.39642,1.01333,-1.50149,4.90902,0.99971,7.73125,2.67909,30.95905,11.15938,63.47050,8.79017,-45.35015,16.38066,-10.82771,-78.14790,17.54813,8.70377,52.12354,4.01686,359.17253,251.24448,2123.09448,51.07059,0.00418,0.00999,0.08875,-0.01980,0.89848,0.04667,1.05246,0.76011,1.01745,0.06709,1.25686,0.82221,1.91243,0.00196,1.91613,1.89889,-5.15452,1.46184,-2.58181,-10.85028,-1.87610,0.00029,-1.87576,-1.87703,0.02886,0.00036,0.02952,0.02796,-1.85570,0.00032,-1.85520,-1.85672,-1.89651,0.00044,-1.89570,-1.89734,2.44519,1.00248,9.87186,1.03228,0.36036,0.16562,0.97237,0.04948,5.54783,2.36350,21.44666,1.31285
820,945.6599624156952,6725632,243.12087,4347.67520,165.91067,505.85906,62.03097,377.63740,485.10938,0.18958,0.37938,1.04911,-0.98928,4.29995,0.92180,7.30444,2.16863,28.48091,13.34694,60.56256,7.64885,-39.40366,18.21638,-9.16207,-75.61977,12.44378,6.50967,46.96873,3.35809,313.48996,213.03556,1392.10107,47.36568,0.00389,0.01005,0.06397,-0.02070,0.89468,0.04742,1.01330,0.72726,1.01867,0.06645,1.19198,0.82507,1.91124,0.00220,1.91498,1.89830,-5.03877,1.28860,-2.16456,-9.50241,-1.87552,0.00049,-1.87445,-1.87650,0.03052,0.00109,0.03153,0.02791,-1.85394,0.00103,-1.85267,-1.85622,-1.89710,0.00079,-1.89567,-1.89828,2.42258,0.93746,12.28175,1.02816,0.35888,0.17037,0.96252,0.01496,5.10948,2.00209,17.88295,1.44122
830,926.5096733570099,6807552,230.93910,4060.49835,173.25447,505.49686,43.32459,377.58802,469.17188,0.09132,0.45075,1.65098,-0.89960,4.61900,0.84299,7.65840,2.53159,28.43452,13.24457,63.34084,8.92769,-46.21070,15.25527,-7.21490,-78.78521,14.83569,7.15073,48.28227,4.20810,346.66960,258.42889,1844.08130,59.28776,0.00371,0.01043,0.06091,-0.01798,0.88932,0.04551,1.04452,0.76911,1.02395,0.06725,1.24437,0.83105,1.90809,0.00204,1.91076,1.89523,-5.16369,1.42040,-2.41792,-12.88397,-1.87397,0.00018,-1.87372,-1.87444,0.03164,0.00034,0.03216,0.03082,-1.85161,0.00033,-1.85104,-1.85265,-1.89634,0.00026,-1.89578,-1.89692,2.45999,1.09556,16.45389,1.03843,0.35123,0.17776,0.97085,0.00088,5.34860,2.08095,14.83395,1.51299
840,932.3241620063782,6889472,260.44717,4071.08854,148.93990,504.59297,48.26509,379.27591,519.75000,-0.19093,0.29739,0.72725,-1.35062,5.32937,1.05821,9.15121,2.85956,32.11509,11.84828,61.22082,9.95574,-51.10610,14.22082,-12.12276,-77.58667,19.94390,10.62178,57.64174,4.84625,400.84879,259.87096,1728.15588,66.62560,0.00432,0.00925,0.04818,-0.01763,0.88779,0.04589,1.02129,0.76097,1.01776,0.06800,1.22923,0.79856,1.90500,0.00273,1.90962,1.89533,-5.09479,1.21207,-2.74655,-11.68655,-1.87239,0.00096,-1.87098,-1.87378,0.03316,0.00048,0.03400,0.03197,-1.84894,0.00126,-1.84694,-1.85116,-1.89584,0.00069,-1.89465,-1.89679,2.44638,0.98844,15.68669,1.03512,0.33900,0.18327,0.96177,0.00271,5.40744,2.13976,17.23787,1.76939
850,935.1903817653656,6971392,205.63585,4361.78250,148.55054,503.71553,54.28175,377.10444,486.76562,0.14141,0.31477,0.86602,-0.89408,5.08455,1.12410,8.52134,2.60723,32.51980,13.13430,72.18522,11.10486,-44.39125,15.09786,-11.42442,-73.98367,18.23045,9.85833,63.98285,4.14790,349.31990,208.22652,1366.96423,73.48051,0.00378,0.00956,0.04785,-0.01796,0.88404,0.04786,1.00431,0.74558,1.01060,0.06592,1.22973,0.81608,1.89921,0.00270,1.90385,1.88733,-4.97444,1.31342,-2.36445,-9.94641,-1.86961,0.00079,-1.86829,-1.87098,0.03405,0.00034,0.03484,0.03341,-1.84553,0.00087,-1.84376,-1.84693,-1.89368,0.00079,-1.89255,-1.89503,2.38381,0.93382,10.92220,1.03965,0.37258,0.16580,0.96841,0.02325,5.61407,2.30042,16.45820,1.75279
860,946.8788025379181,7053312,206.61358,4066.80690,157.76456,506.69010,62.54463,377.53700,492.78125,0.07117,0.43207,1.14209,-1.41533,5.24404,1.03936,8.66254,2.97991,31.64475,13.56416,66.40679,9.28990,-47.74913,15.61652,-8.62322,-77.42219,19.13678,10.09343,65.10799,5.23396,360.09109,253.28502,2215.38110,62.90138,0.00256,0.00944,0.05039,-0.01894,0.87762,0.04334,1.01831,0.74852,1.02220,0.06282,1.23536,0.89120,1.89404,0.00305,1.89889,1.88227,-5.05556,1.40441,-2.40864,-12.27303,-1.86685,0.00116,-1.86455,-1.86841,0.03516,0.00085,0.03667,0.03420,-1.84198,0.00171,-1.83870,-1.84381,-1.89171,0.00070,-1.89038,-1.89307,2.37690,0.86343,8.93260,1.04144,0.37305,0.16564,0.95558,0.00271,5.47734,2.18091,17.72240,1.94968
870,946.9048511981964,7135232,275.50706,4321.68265,176.66034,504.84922,65.30149,376.56266,552.20312,0.00740,0.36433,1.06645,-1.19743,5.20168,0.94688,8.26736,2.96193,35.20425,11.34765,61.89256,9.62632,-46.88350,16.29237,-10.89283,-77.86509,18.89516,9.69384,58.35801,5.04706,427.60435,271.92531,2570.02344,82.92859,0.00258,0.00906,0.04894,-0.02012,0.86944,0.04531,1.02340,0.71936,1.01932,0.06068,1.22040,0.84664,1.88618,0.00267,1.89129,1.87243,-5.06139,1.27344,-2.45183,-10.36981,-1.86303,0.00088,-1.86181,-1.86465,0.03714,0.00028,0.03766,0.03661,-1.83677,0.00102,-1.83518,-1.83876,-1.88929,0.00076,-1.88836,-1.89055,2.34877,0.94251,10.60853,1.04060,0.38326,0.16914,0.94671,0.00030,5.47112,2.18246,18.10657,2.01826
880,932.976053237915,7217152,241.61932,4605.22758,145.02646,506.85081,49.16893,376.85666,517.01562,-0.08506,0.37638,0.84488,-1.57862,5.36302,1.01272,8.63222,2.64349,35.34584,13.24755,69.42916,10.66436,-49.24773,14.42466,-10.12441,-78.32820,20.62604,9.82241,57.79403,4.14939,479.09669,302.79771,3013.02246,65.75083,0.00225,0.00870,0.03827,-0.01900,0.87292,0.04613,1.01578,0.72636,1.00645,0.06209,1.21506,0.86965,1.88236,0.00208,1.88555,1.87124,-4.91570,1.14664,-2.63461,-8.73620,-1.86103,0.00050,-1.85992,-1.86181,0.03720,0.00062,0.03811,0.03626,-1.83472,0.00023,-1.83424,-1.83526,-1.88733,0.00091,-1.88561,-1.88846,2.32518,0.73381,6.51955,1.02569,0.37676,0.16773,0.96796,0.00911,5.38020,2.10920,15.34617,1.78820
890,934.8430600166321,7299072,204.00920,4242.81476,181.39346,506.56339,48.51725,379.63875,460.93750,-0.03886,0.32878,0.81512,-0.93409,5.33122,0.84283,7.77735,3.36495,35.08581,11.82789,63.91662,11.25183,-45.59588,14.61763,-10.22081,-77.20676,20.27257,8.27506,52.44403,7.28751,449.15977,282.03233,2171.13452,87.29529,0.00275,0.00869,0.03508,-0.02009,0.85839,0.04585,0.98146,0.68455,1.01678,0.06209,1.22352,0.83098,1.87688,0.00289,1.88211,1.86506,-5.02135,1.33298,-2.81292,-11.19731,-1.85841,0.00096,-1.85712,-1.86019,0.03633,0.00052,0.03716,0.03530,-1.83272,0.00078,-1.83184,-1.83448,-1.88409,0.00123,-1.88234,-1.88590,2.23868,0.66114,7.28685,1.04197,0.38020,0.15513,0.96203,0.02202,5.80572,2.18130,13.70282,1.80166
900,934.7217352390289,7380992,242.07432,3524.04338,157.29195,504.08321,54.13076,376.41551,561.53125,0.04882,0.36423,0.94646,-0.85394,4.83758,1.04304,8.16031,2.58064,31.94556,12.28273,69.65602,6.67763,-40.62520,16.58650,-8.15993,-78.77682,17.01936,9.19178,53.71035,4.98674,386.45921,265.74469,2112.30005,78.24731,0.00400,0.00888,0.03156,-0.01741,0.85745,0.04720,0.98707,0.69947,1.01491,0.06042,1.21251,0.81742,1.87420,0.00217,1.87714,1.86122,-5.01357,1.28115,-2.39364,-10.37755,-1.85704,0.00036,-1.85625,-1.85763,0.03421,0.00044,0.03530,0.03345,-1.83285,0.00027,-1.83232,-1.83333,-1.88124,0.00061,-1.87990,-1.88259,2.42088,1.41222,15.58719,1.03089,0.37840,0.15151,0.95939,0.00347,5.84466,2.13330,12.57678,1.87524
910,931.9368386268616,7462912,236.30346,4184.28836,122.85871,502.85301,51.76774,377.20962,471.14062,0.14082,0.35722,1.08788,-0.85872,4.78349,0.77129,7.81520,3.09488,30.83497,10.60888,59.24335,10.55240,-43.96460,14.51427,-11.12441,-82.20258,16.18816,7.15193,48.04622,5.46845,372.24348,244.45843,1488.06519,88.02617,0.00298,0.00848,0.03473,-0.01769,0.85089,0.04404,0.97794,0.70505,1.02094,0.05975,1.20072,0.84986,1.87003,0.00226,1.87461,1.85768,-5.08040,1.21894,-2.67054,-10.43768,-1.85500,0.00054,-1.85415,-1.85627,0.03319,0.00024,0.03355,0.03270,-1.83153,0.00062,-1.83045,-1.83267,-1.87846,0.00051,-1.87785,-1.87991,2.21016,0.71191,8.22507,1.04716,0.39474,0.16807,0.96666,0.00167,5.24244,1.91592,12.97795,1.61370
920,930.5242006778717,7544832,308.87496,4128.75630,176.36440,503.62897,51.41938,375.37560,574.75000,0.06570,0.34560,1.15189,-0.81917,4.95708,0.99790,8.27437,2.74230,30.35082,11.82154,71.21017,7.58587,-45.13609,15.68466,-12.51344,-75.97884,17.64350,9.08791,66.46919,4.24241,352.64212,229.66118,1662.48389,58.79521,0.00353,0.01035,0.10319,-0.01744,0.85005,0.04596,0.99161,0.72229,1.01768,0.06362,1.19314,0.83547,1.86707,0.00188,1.87021,1.85918,-5.02366,1.25335,-2.35491,-10.27522,-1.85346,0.00021,-1.85309,-1.85414,0.03230,0.00046,0.03355,0.03174,-1.83062,0.00021,-1.83020,-1.83099,-1.87630,0.00051,-1.87576,-1.87784,2.26030,0.67625,7.39318,1.02706,0.38860,0.16210,0.97564,0.03924,5.55456,2.38678,27.41642,2.09942
930,930.6339356899261,7626752,239.47324,4026.85786,175.59791,504.77508,49.49114,376.27269,455.65625,0.08084,0.32090,1.15328,-0.74215,5.40882,0.90170,8.58365,3.05899,33.85563,10.75253,65.87474,14.23728,-49.18838,13.39361,-16.70734,-79.30045,21.20739,8.97622,63.41982,6.34873,424.79887,269.25050,1997.55591,85.91821,0.00292,0.00915,0.04086,-0.02099,0.84886,0.04479,0.98672,0.72490,1.01154,0.05955,1.17200,0.85928,1.86428,0.00223,1.86798,1.85252,-4.94945,1.14087,-2.72634,-9.82760,-1.85202,0.00053,-1.85135,-1.85308,0.03298,0.00050,0.03385,0.03234,-1.82870,0.00073,-1.82787,-1.83020,-1.87534,0.00052,-1.87423,-1.87615,2.38458,1.12232,11.76321,1.02633,0.37512,0.16833,0.97876,0.00376,5.31777,2.03053,14.00383,1.98052
940,923.9604573249817,7708672,246.62337,3966.60818,171.89391,504.02046,43.86119,375.97102,497.03125,0.12492,0.30661,1.08487,-0.69027,4.89710,0.82541,7.20935,2.73179,30.59521,10.29870,62.90349,10.24635,-41.87481,16.02694,-8.56033,-80.35521,17.53643,7.68202,47.93128,4.09752,354.69149,229.14439,1816.92517,68.20068,0.00201,0.00868,0.03111,-0.02011,0.84968,0.04500,1.00392,0.70081,1.01506,0.06237,1.18788,0.85084,1.86384,0.00205,1.86654,1.85274,-5.09150,1.15950,-2.78378,-9.00337,-1.85186,0.00021,-1.85152,-1.85226,0.03205,0.00085,0.03309,0.03009,-1.82920,0.00047,-1.82858,-1.83049,-1.87452,0.00077,-1.87302,-1.87556,2.16149,0.68474,8.61009,1.03304,0.40572,0.16733,0.97498,0.00996,5.28360,1.98373,14.33307,1.99788
950,918.861720085144,7790592,208.99450,4020.69201,151.14127,502.47040,40.34260,375.91912,446.67188,0.18726,0.27814,1.04661,-0.60079,4.82984,0.92172,9.09868,3.11652,31.12891,10.84464,64.34178,12.11318,-45.34279,15.24621,-12.74720,-78.38367,17.28376,9.10423,78.66357,4.96759,370.14096,244.89570,1537.78516,58.52951,0.00239,0.00839,0.04010,-0.01693,0.84723,0.04431,0.95789,0.65308,1.01871,0.06460,1.24561,0.84782,1.86261,0.00220,1.86588,1.85290,-5.22822,1.26517,-2.57550,-10.48300,-1.85122,0.00054,-1.85034,-1.85194,0.02979,0.00015,0.03011,0.02948,-1.83016,0.00059,-1.82925,-1.83106,-1.87228,0.00051,-1.87132,-1.87308,2.22075,0.68679,7.29685,1.03385,0.39834,0.16344,0.96407,0.03943,5.21475,1.95337,13.31009,1.63427
960,925.8655598163605,7872512,292.24457,4092.51283,168.74204,502.55630,47.60593,375.61677,538.14062,0.02867,0.35158,1.07594,-0.77180,4.76690,0.90453,7.28026,2.61583,29.47430,12.04029,57.67623,9.11671,-44.95269,15.50816,-11.20473,-80.43515,17.09842,7.80307,47.66524,4.38419,379.01218,256.68142,2158.73291,81.80222,0.00220,0.00839,0.03450,-0.01714,0.84724,0.04674,0.99712,0.68769,1.00700,0.06298,1.21892,0.85124,1.86000,0.00212,1.86283,1.84915,-5.00132,1.24254,-2.86473,-11.36863,-1.84999,0.00022,-1.84964,-1.85038,0.03066,0.00030,0.03109,0.02978,-1.82831,0.00040,-1.82773,-1.82932,-1.87167,0.00017,-1.87138,-1.87203,2.20987,0.83320,9.51267,1.02012,0.40122,0.16928,0.97881,0.00007,5.34798,1.86822,13.76950,1.76861
970,938.2969965934753,7954432,311.06445,4011.40129,153.70590,504.12526,59.00103,375.06952,557.06250,0.07620,0.35819,1.03244,-1.33067,4.78779,0.87123,8.26575,2.73823,29.80230,12.19218,61.56686,8.19955,-43.47436,14.16842,-13.16330,-77.28554,16.61063,7.66758,48.26696,4.42970,326.10956,210.19953,1619.75867,72.28420,0.00181,0.00867,0.04133,-0.01847,0.84691,0.04703,0.98058,0.70220,1.01187,0.06398,1.19489,0.82085,1.85899,0.00208,1.86169,1.84778,-5.03880,1.19114,-2.78729,-10.16429,-1.84942,0.00039,-1.84851,-1.84982,0.03172,0.00043,0.03245,0.03049,-1.82699,0.00052,-1.82602,-1.82826,-1.87184,0.00046,-1.87099,-1.87267,2.28899,0.90035,8.30381,1.03059,0.39746,0.17469,0.97283,0.01734,5.17594,1.95821,14.08248,1.80962
980,930.9594149589539,8036352,350.76358,4153.33114,179.35024,503.38758,53.22143,374.17074,621.59375,0.20407,0.29623,0.97461,-0.60621,4.59713,0.89071,7.33861,2.56705,34.89853,14.76009,77.52177,9.09673,-41.73362,16.42096,-11.18640,-77.68407,15.18217,7.70838,45.86559,4.05796,335.47355,218.87825,2440.54858,54.30024,0.00291,0.00896,0.04545,-0.01710,0.84312,0.04439,0.96593,0.72005,1.01748,0.06409,1.22234,0.85847,1.85635,0.00193,1.85898,1.84825,-5.18182,1.39869,-2.63997,-10.64003,-1.84809,0.00017,-1.84766,-1.84852,0.03124,0.00033,0.03210,0.03052,-1.82600,0.00029,-1.82496,-1.82638,-1.87018,0.00028,-1.86951,-1.87099,2.25092,0.80782,8.23678,1.03086,0.39970,0.16691,0.97472,0.00645,5.39554,1.92566,14.16078,1.88077
990,936.7712790966034,8118272,269.71398,4293.48254,189.68975,503.93528,59.13876,373.61633,485.25000,0.09456,0.50527,1.17695,-1.34748,5.25328,0.89307,7.91285,2.90533,32.75116,13.19219,74.53680,6.50612,-46.66243,15.60123,-11.85160,-80.00637,20.18929,8.99894,60.88879,6.21190,419.34433,276.74197,2101.53711,72.96365,0.00317,0.00878,0.06727,-0.01597,0.83693,0.04698,0.98792,0.71063,1.01216,0.06505,1.26349,0.81215,1.85511,0.00209,1.85809,1.84704,-4.99724,1.31019,-2.54550,-11.26236,-1.84760,0.00021,-1.84719,-1.84803,0.03109,0.00052,0.03217,0.03046,-1.82562,0.00045,-1.82490,-1.82648,-1.86958,0.00039,-1.86899,-1.87039,2.32374,0.91756,11.81623,1.03768,0.39216,0.16792,0.96452,0.02005,5.63380,2.35630,20.15741,1.92754
1000,928.21169257164,8200192,232.55465,3570.12386,141.39978,502.42375,51.11580,374.55848,452.46875,0.03339,0.30965,0.80255,-0.88124,4.93362,0.91213,7.72052,2.90541,32.03598,11.85815,70.14452,10.94538,-46.00786,16.39959,-10.36401,-80.86742,17.20252,8.35725,50.52607,4.32499,395.04006,298.03423,2812.54639,65.04526,0.00256,0.00839,0.03374,-0.01906,0.83632,0.04548,0.96820,0.69255,1.01917,0.06370,1.24255,0.86020,1.85207,0.00227,1.85647,1.84119,-5.16895,1.28458,-2.62047,-10.15870,-1.84592,0.00060,-1.84491,-1.84726,0.03057,0.00032,0.03103,0.02998,-1.82430,0.00047,-1.82344,-1.82532,-1.86754,0.00078,-1.86638,-1.86921,2.31336,1.20134,16.13635,1.03380,0.39364,0.16849,0.97180,0.00183,5.47061,2.05254,15.30710,1.74117
1010,922.4433526992798,8282112,255.36989,3904.58198,193.92096,505.57826,40.38997,376.35246,480.00000,-0.06008,0.37052,0.95178,-1.21948,4.89737,0.87992,8.81802,2.83644,31.99129,12.68995,64.32395,9.55049,-44.93670,15.17385,-12.33234,-80.36014,17.17988,7.81508,68.39629,5.62021,327.46792,205.95213,1565.96899,67.78883,0.00244,0.00868,0.03551,-0.02040,0.82784,0.04743,0.97167,0.66561,1.02354,0.06969,1.25776,0.83370,1.84857,0.00260,1.85199,1.83675,-5.21441,1.38573,-2.65108,-10.75721,-1.84424,0.00080,-1.84292,-1.84500,0.03063,0.00019,0.03097,0.03028,-1.82258,0.00076,-1.82111,-1.82343,-1.86589,0.00087,-1.86443,-1.86682,2.27086,0.88334,11.36475,1.02475,0.39743,0.16412,0.96989,0.00256,5.30916,1.92714,14.89706,1.88673
1020,927.231879234314,8364032,213.83560,4191.45130,213.34739,503.61646,46.80967,376.69492,455.54688,0.05604,0.30165,0.86645,-0.70922,4.97059,1.02316,7.88934,2.67430,31.58252,13.11420,66.33981,9.54119,-46.82308,16.24276,-11.15264,-81.89200,19.14915,9.49941,57.70693,3.57381,358.56084,221.11419,1399.66748,59.03840,0.00320,0.00920,0.04214,-0.01758,0.83142,0.04200,0.93609,0.69763,1.01736,0.06367,1.25468,0.86170,1.84587,0.00228,1.84848,1.82548,-5.12139,1.31265,-2.78890,-11.45183,-1.84286,0.00022,-1.84244,-1.84319,0.03096,0.00039,0.03145,0.03025,-1.82097,0.00045,-1.82022,-1.82180,-1.86475,0.00023,-1.86430,-1.86523,2.30849,0.98758,11.44512,1.03077,0.39328,0.17106,0.97295,0.00313,5.52276,2.08656,16.78392,2.24101
1030,945.3400645256042,8445952,297.87334,3646.15514,194.11173,504.53532,64.82730,375.87211,588.81250,-0.04823,0.28197,0.60891,-0.95495,4.66418,0.88826,7.54772,2.60127,31.71999,12.71434,73.56701,9.19947,-43.28295,15.00355,-11.53897,-74.52115,15.69680,7.82211,53.08635,3.88884,357.45964,245.01331,1584.39038,51.96019,0.00289,0.00891,0.04571,-0.01692,0.82892,0.04612,0.96378,0.69623,1.01407,0.05969,1.18790,0.85661,1.84355,0.00215,1.84702,1.83127,-5.19939,1.39594,-2.20045,-10.87218,-1.84164,0.00047,-1.84060,-1.84247,0.03116,0.00025,0.03170,0.03076,-1.81960,0.00042,-1.81859,-1.82055,-1.86367,0.00058,-1.86250,-1.86439,2.33136,0.81496,10.20819,1.02545,0.40470,0.15862,0.97415,0.03396,5.52021,2.11772,17.26138,2.09505
1040,931.8708283901215,8527872,291.89599,4002.38284,138.02940,506.34960,49.38628,376.02594,445.20312,0.01798,0.35641,0.93861,-1.03740,4.87398,1.07176,8.23011,2.72822,34.15110,12.20154,64.49487,10.71436,-44.37423,16.85327,-8.36513,-79.03044,17.72623,9.29491,54.18137,4.86500,377.67204,256.74653,1767.21741,60.26424,0.00179,0.00819,0.02696,-0.02048,0.82347,0.04585,0.95805,0.67156,1.00926,0.06294,1.23167,0.85582,1.83987,0.00235,1.84328,1.82786,-5.02882,1.26870,-2.43974,-9.48436,-1.83995,0.00035,-1.83924,-1.84061,0.03157,0.00020,0.03196,0.03113,-1.81763,0.00046,-1.81665,-1.81859,-1.86228,0.00026,-1.86183,-1.86280,2.22346,0.83361,10.38814,1.02360,0.41267,0.16987,0.97741,0.00617,5.30977,1.87617,13.30170,1.84946
1050,929.346314907074,8609792,238.22678,4088.46103,154.35756,504.70722,51.00875,373.52688,485.42188,-0.04393,0.28256,0.81127,-0.87330,4.85805,0.80341,7.60629,2.22209,32.98393,10.15611,59.37012,10.27544,-45.44644,14.41713,-9.95726,-79.61023,17.08505,7.17988,51.42443,4.50300,384.98054,261.70490,2690.19971,80.97863,0.00221,0.00865,0.03920,-0.01934,0.81970,0.04291,0.93775,0.62303,1.01556,0.06130,1.25571,0.85527,1.83729,0.00188,1.84018,1.82888,-5.01958,1.33164,-2.57360,-10.33566,-1.83856,0.00029,-1.83803,-1.83923,0.03217,0.00018,0.03248,0.03183,-1.81582,0.00038,-1.81522,-1.81664,-1.86131,0.00025,-1.86072,-1.86182,2.10701,0.71239,10.62736,1.03208,0.41867,0.16687,0.98172,0.00086,5.39898,1.98987,14.99717,1.86818
1060,925.596173286438,8691712,239.19850,4285.35644,166.36932,504.14787,46.96344,374.38902,450.73438,0.00713,0.49647,1.16474,-1.24300,5.05487,1.05110,8.15900,2.09307,33.65710,13.04219,70.69206,7.90509,-44.76203,15.37129,-8.35978,-80.33988,18.04781,8.93518,53.28996,3.48470,427.50880,278.56049,1703.82080,49.31971,0.00291,0.00848,0.03593,-0.01541,0.82114,0.04532,0.96111,0.68152,1.02080,0.06453,1.31753,0.82952,1.83552,0.00199,1.83804,1.82505,-5.39540,1.56767,-2.58676,-15.66112,-1.83767,0.00020,-1.83731,-1.83805,0.03222,0.00024,0.03262,0.03180,-1.81489,0.00025,-1.81452,-1.81541,-1.86045,0.00028,-1.85983,-1.86077,2.15056,0.64141,5.60463,1.02873,0.42424,0.16582,0.97738,0.04980,5.75027,2.08430,15.92059,2.07818
1070,926.073584318161,8773632,284.73110,4058.46165,193.19462,504.09934,47.87690,374.00663,507.42188,0.20902,0.28409,0.90604,-0.59008,4.71810,0.81825,7.46708,2.59786,33.01043,12.49459,65.22276,10.96884,-43.52149,17.14370,-7.97225,-77.37947,16.36103,7.50822,55.82420,4.95767,376.81402,306.60941,2870.04126,74.67895,0.00176,0.00826,0.03270,-0.02115,0.82530,0.04287,0.94724,0.70283,1.00481,0.05810,1.23061,0.85382,1.83485,0.00199,1.83727,1.82491,-4.93609,1.14814,-2.58969,-8.89564,-1.83736,0.00018,-1.83705,-1.83763,0.03226,0.00025,0.03265,0.03176,-1.81454,0.00017,-1.81428,-1.81488,-1.86017,0.00031,-1.85955,-1.86068,2.16443,0.62593,5.15859,1.02674,0.42024,0.16637,0.98272,0.03429,5.35090,1.87887,15.88799,1.92760
1080,932.4252688884735,8855552,294.44116,4639.95747,177.96838,503.94742,54.79739,373.56849,542.84375,0.09175,0.36642,1.00083,-1.46386,4.61575,1.06932,9.31223,2.43482,28.83080,11.21655,76.00987,9.91485,-43.63152,16.35524,-8.51425,-77.76804,15.74127,8.82446,56.96080,3.45955,319.38670,219.30116,2201.57471,56.67715,0.00306,0.00884,0.04244,-0.01864,0.81851,0.04467,0.95047,0.69559,1.01977,0.06038,1.19677,0.84272,1.83394,0.00199,1.83671,1.81670,-5.20939,1.23863,-2.95360,-10.74492,-1.83686,0.00029,-1.83629,-1.83733,0.03197,0.00050,0.03281,0.03139,-1.81425,0.00061,-1.81310,-1.81503,-1.85946,0.00022,-1.85893,-1.85980,2.21324,0.74894,7.60389,1.03264,0.40974,0.15866,0.97421,0.00004,5.68951,2.07568,15.28561,1.88459
1090,928.0740439891815,8937472,283.90683,3548.38107,232.98032,503.77825,50.97156,373.21452,526.46875,-0.05971,0.29410,0.86209,-1.11777,5.02673,1.03289,8.26314,2.69071,32.05725,13.89557,71.55933,10.57152,-46.37725,15.61469,-9.99548,-82.32607,19.98134,9.39968,59.24697,5.85725,409.62027,294.70174,2118.96851,74.57903,0.00124,0.00895,0.08204,-0.02534,0.81925,0.04598,0.94413,0.66070,1.01549,0.06298,1.24743,0.82321,1.83272,0.00192,1.83517,1.82099,-5.08766,1.23572,-2.83665,-10.88904,-1.83627,0.00022,-1.83578,-1.83656,0.03265,0.00017,0.03294,0.03236,-1.81319,0.00029,-1.81262,-1.81368,-1.85936,0.00019,-1.85888,-1.85968,2.23937,1.54266,31.18431,1.02281,0.42728,0.16826,0.98038,0.04092,5.29636,2.05918,29.92758,2.15479
1100,922.3884172439575,9019392,361.93655,4274.15930,173.18029,506.95836,42.64991,372.60136,594.25000,0.02018,0.35620,0.87181,-1.04888,5.17086,0.95028,8.09238,3.06412,34.16461,11.15502,73.21602,10.59586,-47.86246,16.02801,-12.88109,-80.34451,20.17494,9.66859,58.91924,6.13003,363.82071,217.00999,1633.60181,94.36017,0.00258,0.00821,0.03236,-0.01672,0.82333,0.04657,0.93840,0.67916,1.01019,0.06458,1.23985,0.81310,1.83255,0.00184,1.83470,1.82345,-5.08672,1.30735,-2.64031,-11.37048,-1.83615,0.00014,-1.83589,-1.83640,0.03201,0.00048,0.03255,0.03106,-1.81352,0.00027,-1.81306,-1.81411,-1.85879,0.00045,-1.85803,-1.85928,2.10941,0.63011,8.31066,1.03664,0.42220,0.17169,0.96381,0.02447,5.37562,1.89336,17.56071,2.10843
1110,921.4790484905243,9101312,288.52527,4639.02776,148.86209,504.61225,40.89774,375.87921,472.09375,0.12529,0.34467,1.04605,-1.05290,4.93457,0.78411,7.51594,3.01942,31.47547,11.97313,67.46336,9.39837,-46.32165,16.41922,-8.30729,-81.39930,17.73363,7.30728,46.78831,5.46086,342.47274,216.73504,1459.58948,81.99921,0.00247,0.00936,0.07893,-0.02029,0.81682,0.04362,0.93669,0.68867,1.01523,0.06260,1.27806,0.85018,1.83112,0.00202,1.83419,1.82189,-5.12897,1.58648,-2.63572,-14.43519,-1.83544,0.00030,-1.83502,-1.83606,0.03033,0.00034,0.03105,0.02973,-1.81399,0.00016,-1.81374,-1.81427,-1.85689,0.00052,-1.85628,-1.85802,2.19890,1.17795,24.24765,1.02809,0.39291,0.17228,0.97778,0.01261,5.43128,2.26378,29.86210,2.16056
1120,931.3665189743042,9183232,232.91376,4447.76683,170.25671,504.43936,51.70963,375.11128,478.00000,-0.12569,0.34968,0.62869,-1.24432,5.26920,0.90875,8.42638,3.11458,32.35649,10.70515,74.01256,10.27465,-49.95061,15.75094,-14.65760,-82.13420,21.47350,9.67774,70.48805,6.33793,379.68333,216.83528,1309.96484,97.97285,0.00131,0.00830,0.02875,-0.02303,0.81627,0.04519,0.94597,0.68995,1.01374,0.06199,1.19234,0.84302,1.83153,0.00204,1.83403,1.82232,-5.11418,1.31426,-2.63054,-10.09595,-1.83574,0.00016,-1.83529,-1.83599,0.02976,0.00042,0.03050,0.02921,-1.81470,0.00042,-1.81381,-1.81515,-1.85678,0.00023,-1.85645,-1.85719,2.09262,0.61974,7.64127,1.02203,0.42613,0.18122,0.97672,0.00802,5.50368,2.02908,19.14718,1.86614
1130,927.2629945278168,9265152,255.95185,4490.20404,156.26331,502.75539,49.87288,374.54308,451.21875,-0.07621,0.34483,0.67085,-1.24845,5.07654,1.10479,9.35642,2.75658,30.52766,11.54431,60.40979,8.91918,-44.79246,16.11064,-9.75389,-85.11723,19.66176,10.31324,86.44273,4.24552,362.24436,219.83090,1597.85547,57.03606,0.00157,0.00740,0.02564,-0.01711,0.82350,0.04662,0.96404,0.66543,1.01050,0.06350,1.18497,0.80549,1.83173,0.00196,1.83415,1.81689,-5.13481,1.33352,-2.56884,-10.76088,-1.83582,0.00010,-1.83567,-1.83608,0.03055,0.00053,0.03121,0.02954,-1.81422,0.00041,-1.81375,-1.81509,-1.85743,0.00036,-1.85686,-1.85807,2.09037,0.99219,19.51829,1.01973,0.43960,0.15728,0.97604,0.04333,5.36113,1.74566,11.53330,1.60339
1140,940.118008852005,9347072,321.50356,4217.70270,179.61657,502.58471,61.75652,374.17590,574.15625,0.28423,0.33291,1.19968,-0.75786,4.84768,0.91569,8.52767,3.04338,35.10415,13.33693,74.65744,9.77425,-41.28640,16.31442,-11.32376,-81.52214,17.76499,8.35417,65.11150,5.58206,340.65810,226.56067,1773.02710,69.35030,0.00101,0.00801,0.03609,-0.02424,0.82136,0.04778,0.95820,0.68075,1.00632,0.06401,1.19381,0.86026,1.83190,0.00208,1.83434,1.82078,-4.99801,1.23461,-2.54465,-9.18554,-1.83591,0.00014,-1.83568,-1.83613,0.03066,0.00023,0.03118,0.03032,-1.81423,0.00018,-1.81385,-1.81451,-1.85759,0.00025,-1.85727,-1.85817,1.97811,0.49610,4.40689,1.02551,0.44636,0.16589,0.96698,0.01976,5.29350,1.94590,22.48816,1.98703
1150,929.3073031902313,9428992,239.20790,3743.25298,175.39504,504.60468,51.10528,373.49898,490.76562,-0.01230,0.48425,0.92680,-1.71351,4.95858,1.17844,8.70090,2.48633,31.07525,12.33996,70.83021,6.71840,-44.28402,17.19491,-7.75231,-81.83006,17.69072,9.72140,60.53502,3.28218,409.61527,357.67743,2795.75635,65.00371,0.00180,0.00774,0.02687,-0.02109,0.81992,0.04640,0.94097,0.68037,1.01151,0.06462,1.27757,0.84233,1.83117,0.00202,1.83361,1.81541,-5.03063,1.19773,-2.68489,-9.54989,-1.83547,0.00019,-1.83512,-1.83577,0.03066,0.00018,0.03104,0.03039,-1.81378,0.00011,-1.81360,-1.81397,-1.85715,0.00030,-1.85663,-1.85772,2.09255,0.61148,5.01337,1.02713,0.43044,0.17087,0.96272,0.02780,5.51583,1.80254,12.95907,2.15303
1160,929.7877879142761,9510912,212.72257,3610.73012,177.38776,505.16053,49.69478,374.82773,428.59375,0.11528,0.49053,1.42441,-1.51731,5.09580,0.85415,7.31369,2.61688,35.32928,13.67378,63.45081,8.10914,-44.53423,16.18444,-10.90578,-78.49396,19.91113,7.73944,44.92876,4.67679,405.72263,306.20505,3563.68579,72.41460,0.00155,0.00786,0.03302,-0.01815,0.82250,0.04408,0.95953,0.68124,1.00911,0.06240,1.20513,0.81236,1.82985,0.00221,1.83262,1.81736,-5.08969,1.26172,-2.78485,-9.76763,-1.83495,0.00026,-1.83450,-1.83531,0.03050,0.00016,0.03088,0.03017,-1.81339,0.00023,-1.81300,-1.81380,-1.85652,0.00033,-1.85583,-1.85697,2.06982,0.66042,9.51871,1.02385,0.44032,0.16839,0.97049,0.00934,5.40476,1.96335,14.65467,2.12330
1170,951.3178377151489,9592832,223.92575,4140.45895,180.39592,504.91492,71.87050,374.43508,477.62500,0.08478,0.31152,1.14998,-0.69268,4.64599,0.95144,7.24042,2.30852,31.22939,11.98430,76.38979,8.95182,-43.93820,15.82103,-6.85859,-81.55708,16.91567,8.07667,45.20228,3.61957,355.49745,234.94188,1877.68457,67.34363,0.00137,0.00784,0.04769,-0.01659,0.81810,0.04545,0.95188,0.67006,1.01011,0.06333,1.22815,0.85356,1.82892,0.00209,1.83168,1.81271,-5.09942,1.40981,-2.79143,-11.24882,-1.83436,0.00022,-1.83399,-1.83481,0.02973,0.00011,0.03016,0.02955,-1.81334,0.00022,-1.81306,-1.81382,-1.85539,0.00025,-1.85492,-1.85582,2.01555,0.65441,7.08404,1.01414,0.46615,0.16142,0.98479,0.02020,5.33458,2.00424,20.66748,1.99186
1180,941.6024441719055,9674752,290.64567,3821.47547,158.26564,505.37537,60.98409,375.15538,506.73438,0.11835,0.25782,0.94987,-0.60407,4.89643,1.17592,8.16272,1.94070,34.66191,13.04783,69.45402,9.91106,-46.54292,17.69915,-9.53827,-82.64230,18.68742,9.58507,57.85812,2.63577,439.92570,315.83912,2520.26440,51.54874,0.00087,0.00762,0.03189,-0.01807,0.82175,0.04499,0.94680,0.67744,1.00677,0.06188,1.23802,0.75856,1.82879,0.00193,1.83098,1.82051,-4.98487,1.31466,-2.38371,-10.93251,-1.83431,0.00008,-1.83418,-1.83448,0.02942,0.00016,0.02972,0.02914,-1.81350,0.00011,-1.81327,-1.81369,-1.85511,0.00016,-1.85478,-1.85539,1.99530,0.74839,11.30148,1.03008,0.46470,0.16047,0.97429,0.01224,5.39278,1.92957,11.69439,1.93034
1190,923.7482697963715,9756672,307.65787,4355.12537,170.83179,504.03659,45.75119,373.85842,543.40625,0.04040,0.31658,0.97355,-0.72870,4.49669,0.95289,8.11022,2.39414,28.85674,11.25908,61.40581,7.86414,-44.94595,17.11233,-10.46324,-79.72710,15.59795,7.72120,59.03955,3.97606,383.47409,271.07352,2180.86914,70.30033,0.00203,0.00753,0.02816,-0.01677,0.82001,0.04709,0.95312,0.67029,1.00234,0.06078,1.17617,0.83353,1.82750,0.00214,1.83067,1.81500,-4.93012,1.09364,-2.08628,-9.33137,-1.83370,0.00041,-1.83301,-1.83435,0.02982,0.00017,0.03017,0.02954,-1.81262,0.00044,-1.81189,-1.81343,-1.85479,0.00042,-1.85407,-1.85533,1.93188,0.54405,6.27470,1.02838,0.47451,0.16185,0.97013,0.02745,5.39575,2.05204,13.95914,1.50751
1200,943.5371553897858,9838592,280.74388,3991.27643,149.21236,506.80456,62.37653,374.24306,546.93750,-0.00638,0.33363,0.82448,-0.83255,4.97927,0.78628,7.62956,2.77738,30.23289,11.85738,57.86778,8.87960,-47.22926,14.28345,-12.27299,-79.57196,19.39017,7.37697,50.17533,5.70138,384.40787,219.97186,1837.80029,96.06696,0.00076,0.00703,0.03972,-0.01768,0.82032,0.04786,0.97487,0.69710,1.00694,0.06792,1.23465,0.82880,1.82540,0.00235,1.82841,1.81055,-5.13322,1.35528,-2.73534,-10.59381,-1.83277,0.00016,-1.83251,-1.83319,0.02958,0.00014,0.02980,0.02929,-1.81185,0.00017,-1.81157,-1.81231,-1.85368,0.00020,-1.85332,-1.85407,1.93855,0.61658,7.98134,1.02481,0.49035,0.16410,0.97486,0.06381,5.24446,1.99058,23.31424,1.69187
1210,938.8697345256805,9920512,342.31452,3979.47977,205.17646,503.37325,51.81048,383.57442,614.93750,0.34057,0.39915,1.67593,-0.56733,4.60101,0.95313,7.76892,2.63376,33.87321,11.94105,65.83292,7.02306,-38.19894,17.00627,-9.42723,-82.25512,15.74892,7.94822,57.21116,4.86664,405.45274,306.45528,2587.80322,57.07672,0.00093,0.00723,0.02996,-0.01673,0.82067,0.04388,0.95005,0.68518,1.00995,0.06136,1.25233,0.83384,1.82669,0.00211,1.82929,1.81551,-5.02715,1.23052,-2.77440,-9.79218,-1.83324,0.00026,-1.83268,-1.83361,0.02911,0.00022,0.02949,0.02865,-1.81265,0.00033,-1.81204,-1.81316,-1.85383,0.00027,-1.85327,-1.85423,1.92198,0.52973,6.85559,1.02407,0.47982,0.17303,0.97871,0.00796,5.19532,1.67169,17.75060,2.07953
1220,1004.8396017551422,10002432,329.06610,4018.74952,222.84665,546.66580,58.94752,399.06451,560.04688,0.04276,0.29750,0.81500,-0.91183,4.53889,0.94446,8.02487,2.63925,25.78705,7.90334,48.41595,7.23651,-44.24244,16.70307,-12.86105,-80.97563,16.08783,7.93175,51.92396,4.62295,381.35137,248.50376,1736.61902,64.06897,0.00115,0.00742,0.03064,-0.01846,0.81513,0.04619,0.93731,0.68186,1.01006,0.06479,1.21467,0.86185,1.82626,0.00201,1.82894,1.81656,-5.12829,1.26580,-2.53103,-9.34787,-1.83303,0.00024,-1.83245,-1.83346,0.02856,0.00029,0.02901,0.02811,-1.81284,0.00013,-1.81254,-1.81307,-1.85323,0.00043,-1.85236,-1.85393,1.88997,0.55211,7.37240,1.02164,0.47631,0.16857,0.98255,0.07071,5.23187,1.82628,17.73676,2.11474
1230,924.3475139141083,10084352,315.02040,3909.55862,206.32112,510.50649,40.22289,373.50571,521.12500,0.04141,0.36922,0.85582,-1.01876,4.58883,1.02631,7.72350,2.04473,30.73013,13.61512,66.48154,8.63360,-43.24668,18.11313,-9.63491,-77.78104,16.44174,8.33072,49.08585,3.22700,388.91952,290.26364,2251.22754,36.92386,0.00118,0.00727,0.02319,-0.01465,0.81152,0.04515,0.95313,0.68278,1.01126,0.06351,1.20946,0.84873,1.82469,0.00187,1.82719,1.81215,-5.06528,1.25660,-2.59802,-9.86246,-1.83229,0.00017,-1.83203,-1.83256,0.02833,0.00009,0.02847,0.02813,-1.81226,0.00019,-1.81191,-1.81264,-1.85232,0.00017,-1.85203,-1.85262,1.93124,0.50843,5.09648,1.01370,0.46967,0.17092,0.98161,0.05949,5.24751,1.83293,11.83714,2.25923
1240,921.4403741359711,10166272,297.40402,4047.33967,134.63930,500.79762,49.62561,370.91490,584.78125,0.05592,0.26367,0.93096,-0.66844,4.40570,0.90805,6.99730,2.34720,27.87823,12.95967,59.22664,7.91798,-40.58497,14.64821,-10.53728,-75.28315,15.60435,7.34099,42.93896,3.60009,375.05134,282.65239,1750.34167,47.29222,0.00046,0.00642,0.02416,-0.01942,0.81571,0.04789,0.95906,0.67308,1.01023,0.06395,1.21893,0.84903,1.82433,0.00197,1.82662,1.81296,-5.20806,1.33369,-2.51376,-12.10445,-1.83206,0.00012,-1.83190,-1.83232,0.02856,0.00015,0.02875,0.02823,-1.81187,0.00022,-1.81161,-1.81231,-1.85225,0.00007,-1.85215,-1.85242,1.82580,0.49279,7.06569,1.01349,0.51645,0.15909,0.98598,0.02576,5.12331,1.63796,11.88914,2.14513
1250,922.4404296875,10248192,302.19222,4367.74269,166.61934,502.80436,47.33068,372.19723,514.40625,0.01045,0.31256,0.79413,-0.89461,4.70029,1.11527,7.83081,2.23376,27.65394,12.31369,72.56155,8.29552,-45.05761,19.24153,-10.43553,-80.45229,17.48539,9.22027,59.03574,3.10533,407.30600,297.58394,2184.84375,72.77207,0.00098,0.00688,0.04526,-0.01720,0.81787,0.04661,0.94859,0.67790,1.00744,0.06908,1.26094,0.81140,1.82413,0.00204,1.82660,1.81413,-5.17858,1.44754,-2.38869,-10.57711,-1.83197,0.00029,-1.83142,-1.83227,0.02759,0.00025,0.02824,0.02731,-1.81246,0.00025,-1.81196,-1.81277,-1.85147,0.00042,-1.85077,-1.85225,1.86351,0.48765,4.41496,1.01921,0.50741,0.17280,0.97972,0.01330,5.17826,1.82801,15.97785,2.16905
1260,924.4800441265106,10330112,283.93264,4026.32518,176.61766,502.88404,47.83937,373.63028,547.78125,0.00042,0.33300,0.70603,-1.04023,4.72897,0.85533,7.98027,2.93810,29.49665,10.77390,57.17308,9.15537,-45.49845,15.84309,-11.18992,-78.38840,18.24918,8.00608,49.30870,4.28625,367.55877,270.97243,2088.03638,78.25483,0.00069,0.00687,0.02443,-0.01667,0.81271,0.04514,0.98460,0.66100,1.00632,0.06585,1.28192,0.85130,1.82221,0.00206,1.82488,1.80925,-5.16487,1.37967,-2.70313,-11.68752,-1.83104,0.00025,-1.83046,-1.83145,0.02716,0.00025,0.02751,0.02636,-1.81183,0.00017,-1.81154,-1.81217,-1.85024,0.00041,-1.84910,-1.85076,1.85575,0.46777,5.36959,1.02563,0.50560,0.15305,0.97845,0.11494,5.23470,1.69911,12.78857,2.30821
1270,920.1333138942719,10412032,323.75567,4799.13216,200.79458,502.63923,43.88600,373.51749,581.09375,0.13360,0.29591,1.14885,-0.73804,4.56354,0.96199,7.13497,2.12561,31.18264,14.94866,71.95564,7.26743,-43.08971,16.21487,-8.52952,-80.99020,16.23442,7.74240,49.29426,3.06576,367.15269,281.94544,2237.07910,65.40005,0.00183,0.00694,0.02128,-0.01764,0.81545,0.04381,0.91478,0.66421,0.99743,0.06085,1.22908,0.82082,1.82083,0.00194,1.82305,1.81150,-5.07122,1.33855,-2.29318,-10.55907,-1.83037,0.00010,-1.83020,-1.83048,0.02643,0.00026,0.02711,0.02614,-1.81168,0.00015,-1.81130,-1.81190,-1.84906,0.00026,-1.84869,-1.84963,1.92280,0.56881,6.47485,1.01966,0.48068,0.16869,0.98089,0.06174,5.45152,1.95555,17.72367,2.27592
1280,933.4064280986786,10493952,249.27198,4747.63078,217.28660,504.15702,54.02530,375.11101,484.57812,-0.16921,0.42409,0.71447,-1.30373,4.94842,1.03812,8.32171,2.63997,30.84132,12.56984,64.99772,7.92926,-47.87516,15.99253,-11.15402,-79.56876,21.18602,10.25111,63.87257,4.80134,441.88403,297.61938,2250.09399,63.61268,0.00079,0.00657,0.02223,-0.01619,0.82009,0.04200,0.93205,0.67534,0.99638,0.06060,1.17493,0.84560,1.82025,0.00191,1.82294,1.81079,-5.03207,1.26259,-2.41767,-9.99776,-1.83002,0.00025,-1.82960,-1.83048,0.02627,0.00046,0.02711,0.02566,-1.81144,0.00013,-1.81118,-1.81163,-1.84859,0.00057,-1.84777,-1.84964,1.86989,0.55603,7.23575,1.01957,0.50755,0.15931,0.97584,0.13520,5.42959,1.90724,14.54761,2.33566
1290,923.07585978508,10575872,280.91125,4030.49983,152.26217,505.03728,44.01557,373.91813,577.23438,0.01078,0.31732,1.23021,-1.14755,4.87565,1.01542,7.63953,2.25392,32.29223,11.94765,62.82689,8.03020,-44.87594,16.39756,-10.89657,-80.37451,19.45320,8.98669,57.65483,2.89145,377.65092,283.20904,2830.45801,48.19801,0.00095,0.00642,0.02763,-0.02099,0.81446,0.04420,0.92104,0.67679,1.00586,0.06144,1.21756,0.83292,1.81835,0.00224,1.82138,1.80682,-5.18379,1.34826,-2.61374,-9.86570,-1.82917,0.00033,-1.82862,-1.82967,0.02546,0.00011,0.02574,0.02527,-1.81117,0.00026,-1.81074,-1.81150,-1.84718,0.00040,-1.84649,-1.84787,1.83068,0.52720,5.17125,1.01640,0.51684,0.16668,0.97908,0.04723,5.40226,1.91099,19.36549,2.30620
1300,920.1061758995056,10657792,330.94680,4234.51533,168.02643,503.06260,40.90679,375.79500,599.76562,0.06074,0.28127,0.91634,-0.74532,4.65087,0.98412,7.32821,1.86252,28.28145,11.88357,75.73019,7.85871,-45.83399,18.08661,-4.40680,-81.68492,18.49470,8.46079,49.02075,3.22794,425.87414,283.35118,2376.68726,79.75860,0.00020,0.00685,0.04969,-0.01836,0.80836,0.04413,0.97725,0.65996,1.01301,0.06292,1.18687,0.83421,1.81705,0.00201,1.81931,1.80556,-5.18593,1.18733,-2.79547,-9.42255,-1.82847,0.00010,-1.82835,-1.82879,0.02511,0.00022,0.02549,0.02475,-1.81071,0.00017,-1.81044,-1.81103,-1.84622,0.00020,-1.84598,-1.84672,1.75227,0.44248,4.76391,1.01163,0.53171,0.16746,0.98690,0.10991,5.34952,2.12692,27.41081,2.03998
1310,934.0928909778595,10739712,220.17483,4129.60080,166.79059,504.74400,52.49600,376.73972,522.98438,0.07146,0.35591,0.95599,-0.96007,4.59506,1.19828,7.90555,2.24728,29.91373,13.53087,68.02378,7.68028,-47.05074,18.25487,-7.98765,-81.30534,18.08224,10.64929,61.70777,3.62214,407.56644,312.00874,2195.38403,49.28991,0.00101,0.00628,0.02930,-0.01719,0.80724,0.04719,0.94166,0.61930,1.00966,0.06438,1.34753,0.83877,1.81696,0.00185,1.81919,1.80508,-5.09882,1.31538,-2.93006,-9.91361,-1.82840,0.00010,-1.82824,-1.82855,0.02513,0.00025,0.02550,0.02469,-1.81063,0.00027,-1.81029,-1.81109,-1.84617,0.00013,-1.84595,-1.84638,1.82591,0.65801,8.86826,1.01836,0.52720,0.16335,0.98276,0.09871,5.43788,1.97772,14.18132,2.05778
1320,923.5944731235504,10821632,247.64748,4281.63659,133.88885,505.26085,42.38847,375.84410,528.06250,-0.05078,0.29727,0.75021,-0.89604,4.56308,0.97147,7.44030,2.32092,31.43146,14.47442,74.26692,9.31978,-39.82632,15.85231,-10.59644,-70.31830,17.42805,8.36197,53.13674,3.05468,381.02496,260.18918,1990.85608,62.71003,0.00097,0.00603,0.02199,-0.01601,0.81341,0.03956,0.92949,0.68461,1.00666,0.06065,1.19094,0.82693,1.81609,0.00181,1.81858,1.80552,-5.01659,1.36294,-2.60149,-10.82509,-1.82788,0.00014,-1.82773,-1.82827,0.02526,0.00006,0.02539,0.02513,-1.81002,0.00016,-1.80980,-1.81044,-1.84574,0.00013,-1.84559,-1.84610,1.76357,0.48325,5.81095,1.01658,0.54527,0.17038,0.98747,0.11622,5.47293,1.75628,14.20036,1.54723
1330,922.4345021247864,10903552,259.13421,4403.79401,200.28872,503.67797,44.39041,374.25841,545.03125,0.04038,0.32111,1.03764,-0.76041,4.59761,0.98842,7.87978,2.04829,30.47638,11.83305,66.75432,6.49253,-44.60296,17.32963,-10.69987,-81.42190,18.42143,8.88136,61.54992,2.77179,372.37672,243.66896,2036.43201,51.94639,0.00047,0.00595,0.02376,-0.01581,0.80462,0.04467,0.91385,0.64955,1.01439,0.06708,1.24831,0.82232,1.81501,0.00211,1.81751,1.80398,-5.42823,1.55406,-2.72112,-13.47569,-1.82752,0.00012,-1.82724,-1.82774,0.02498,0.00015,0.02525,0.02473,-1.80985,0.00015,-1.80942,-1.81003,-1.84518,0.00017,-1.84499,-1.84559,1.71473,0.43543,4.91411,1.01817,0.54906,0.16369,0.98191,0.08042,5.29055,1.75678,14.05080,2.08327
1340,928.4442133903503,10985472,305.91290,4596.33045,161.24793,504.87289,50.05822,373.40722,560.92188,0.12244,0.36538,1.16971,-0.89244,4.70654,0.94250,7.48102,1.74167,30.88612,13.90913,71.29661,8.20003,-46.81130,16.47104,-7.95429,-78.79537,18.52874,7.84523,49.42278,2.62430,444.19011,288.02669,2037.98450,79.07522,0.00079,0.00599,0.02109,-0.01933,0.81210,0.04469,0.94865,0.63582,1.00483,0.06259,1.27276,0.80556,1.81397,0.00176,1.81655,1.80699,-4.85706,1.17727,-2.71248,-9.74405,-1.82687,0.00020,-1.82665,-1.82724,0.02506,0.00010,0.02522,0.02488,-1.80916,0.00020,-1.80885,-1.80945,-1.84459,0.00023,-1.84433,-1.84506,1.73039,0.49949,6.16123,1.01202,0.56320,0.16425,0.97927,0.11221,5.40460,1.82251,14.79480,1.70720
1350,940.1325573921204,11067392,301.27876,4658.37080,179.70966,505.60732,58.73313,375.70813,513.81250,-0.05864,0.38484,1.00264,-1.19040,4.60809,0.91031,7.49179,2.10681,30.01714,13.56831,69.09962,7.37740,-43.43989,16.05298,-14.03861,-77.89009,17.89726,7.73334,46.19122,4.26608,322.72508,195.72510,1506.48450,55.19682,0.00176,0.00595,0.02461,-0.01504,0.80889,0.04338,0.90926,0.64128,1.00995,0.05772,1.21116,0.85419,1.81332,0.00180,1.81526,1.80067,-5.00768,1.11272,-2.73340,-8.92443,-1.82652,0.00006,-1.82644,-1.82668,0.02514,0.00019,0.02551,0.02490,-1.80875,0.00014,-1.80844,-1.80899,-1.84430,0.00016,-1.84410,-1.84456,1.72640,0.39046,3.57773,1.00790,0.55035,0.15152,0.98928,0.09537,5.54932,1.94497,17.84402,2.40253
1360,942.6285083293915,11149312,232.18728,3746.70559,174.75067,504.83687,61.85308,375.60040,496.40625,0.00738,0.27154,0.77468,-0.71740,4.84089,1.06993,8.42290,2.38414,31.45107,11.53228,54.88270,6.78103,-46.31062,19.65094,-9.60937,-85.72156,21.71200,10.23122,66.51071,5.26106,436.86813,268.98819,2140.09741,95.28880,0.00089,0.00617,0.02928,-0.01573,0.80717,0.04427,0.95125,0.67773,1.00332,0.06224,1.22133,0.81781,1.81326,0.00189,1.81526,1.79850,-4.95356,1.23136,-2.45701,-9.04477,-1.82650,0.00007,-1.82634,-1.82658,0.02542,0.00010,0.02554,0.02523,-1.80852,0.00005,-1.80839,-1.80863,-1.84447,0.00013,-1.84426,-1.84464,1.69716,0.52552,8.43281,1.01560,0.57882,0.15868,0.98985,0.11151,5.63520,1.96356,15.18927,1.79201
1370,936.454247713089,11231232,309.29252,4450.66363,217.07041,507.01217,55.80941,373.52896,557.17188,0.10823,0.31004,1.12515,-0.76405,4.58416,0.99061,7.55941,2.34938,26.82885,10.96012,66.59573,8.69332,-49.32850,16.97098,-9.96271,-80.99047,19.13992,8.88100,53.35885,3.92903,360.77847,241.44673,2041.39795,67.35039,0.00134,0.00676,0.03343,-0.01299,0.80432,0.04304,0.91120,0.66752,1.01093,0.06063,1.18731,0.86543,1.81241,0.00182,1.81458,1.80369,-5.18474,1.43097,-2.43134,-13.42472,-1.82608,0.00008,-1.82595,-1.82634,0.02521,0.00009,0.02541,0.02507,-1.80826,0.00009,-1.80806,-1.80839,-1.84391,0.00012,-1.84381,-1.84429,1.69868,0.47057,8.54550,1.01763,0.55992,0.15705,0.98324,0.07200,6.02577,2.32863,25.11907,2.11346
1380,928.4420297145844,11313152,236.33033,4526.66034,161.19506,506.17677,47.98391,374.16928,511.21875,-0.08679,0.31255,0.91347,-0.98538,4.74904,0.92702,8.01486,2.56931,26.60721,12.12931,72.82064,6.26949,-49.01254,15.25653,-10.55984,-82.37775,19.80398,8.11790,55.55787,5.72686,417.47948,281.10378,2728.67871,99.38904,0.00113,0.00574,0.02068,-0.01478,0.80794,0.04418,0.92654,0.68885,1.00245,0.06166,1.27632,0.84546,1.81164,0.00202,1.81415,1.80083,-5.07828,1.37615,-2.64293,-10.55445,-1.82574,0.00014,-1.82555,-1.82607,0.02508,0.00011,0.02528,0.02494,-1.80801,0.00009,-1.80782,-1.80823,-1.84348,0.00021,-1.84328,-1.84391,1.68230,0.53245,6.74521,1.01207,0.57723,0.15798,0.98360,0.07281,5.66001,1.88233,14.83751,2.41534
1390,950.4023296833038,11395072,317.92472,4834.68780,176.82225,507.00379,71.12882,372.16628,547.28125,0.04325,0.28948,0.69358,-0.97070,4.35422,1.03870,7.74206,2.67573,31.41662,15.04635,67.04259,9.39606,-39.84379,17.50023,-11.55303,-78.90942,16.76569,9.43374,51.48764,5.13764,431.19442,297.86647,2122.91699,80.64433,0.00121,0.00556,0.02119,-0.01456,0.80316,0.04267,0.92901,0.64023,1.01730,0.06293,1.22350,0.84065,1.81097,0.00192,1.81322,1.80235,-5.17778,1.32231,-2.74339,-10.73926,-1.82548,0.00007,-1.82535,-1.82557,0.02506,0.00004,0.02512,0.02495,-1.80776,0.00007,-1.80760,-1.80789,-1.84320,0.00008,-1.84299,-1.84331,1.60058,0.33654,3.20893,1.01051,0.60707,0.14999,0.99027,0.18373,5.83886,1.84818,19.19041,2.24567
1400,956.6937131881714,11476992,316.88903,4162.94410,245.91647,507.44871,75.88053,373.15961,632.26562,-0.05294,0.29924,0.73302,-0.85648,4.59175,1.09950,8.14777,2.38699,28.57995,14.41701,69.77665,8.48075,-45.56819,17.47209,-8.89481,-80.32674,19.50522,10.01928,60.95860,5.21919,415.26844,291.12817,1972.06934,74.38888,0.00136,0.00516,0.01895,-0.01287,0.81124,0.04231,0.90892,0.63300,1.00205,0.06134,1.23432,0.83614,1.81084,0.00211,1.81303,1.79559,-4.91299,1.28068,-2.69433,-9.69665,-1.82538,0.00007,-1.82521,-1.82546,0.02508,0.00008,0.02522,0.02495,-1.80765,0.00011,-1.80741,-1.80778,-1.84311,0.00005,-1.84299,-1.84319,1.57478,0.32302,3.31288,1.00988,0.62942,0.14625,0.98873,0.23951,5.67682,1.77230,13.74427,2.46067
1410,941.0136184692383,11558912,348.98600,4246.45291,217.20390,507.69622,61.31482,371.54151,625.48438,-0.00967,0.26667,0.68201,-0.84647,5.02227,0.95150,7.71145,2.67160,30.57785,10.78013,62.76538,11.61071,-49.36076,15.93227,-12.04085,-80.04762,23.03114,9.05066,53.80336,7.00919,445.35231,253.40760,1840.36011,93.04253,0.00117,0.00524,0.02009,-0.01842,0.81612,0.04530,0.94046,0.67355,0.99476,0.06571,1.19682,0.78768,1.81037,0.00182,1.81243,1.80153,-4.92932,1.31743,-2.65247,-9.98266,-1.82509,0.00005,-1.82499,-1.82521,0.02519,0.00006,0.02530,0.02508,-1.80728,0.00008,-1.80710,-1.80742,-1.84290,0.00003,-1.84286,-1.84300,1.54564,0.30704,3.00748,1.00732,0.62562,0.15652,0.99121,0.11289,5.74284,1.96921,14.72344,2.57649
1420,940.3540971279144,11640832,281.67588,4310.83491,181.47380,506.19167,59.39427,374.64273,532.64062,0.02168,0.40657,1.46019,-1.06100,4.87594,0.99580,7.67852,2.37247,30.07466,14.45855,77.08694,8.30545,-48.69487,16.01730,-11.95043,-80.08253,22.16995,9.41781,54.59892,5.38442,427.27600,296.69269,1933.75500,85.36691,0.00139,0.00501,0.01715,-0.01402,0.80740,0.04364,0.92694,0.65601,1.00563,0.06564,1.23897,0.80505,1.81022,0.00198,1.81233,1.79673,-5.03253,1.42147,-2.66120,-11.92562,-1.82502,0.00007,-1.82488,-1.82511,0.02532,0.00006,0.02542,0.02523,-1.80712,0.00005,-1.80704,-1.80722,-1.84293,0.00010,-1.84272,-1.84306,1.55447,0.39072,4.60593,1.01039,0.63398,0.16557,0.99028,0.15799,5.66523,1.81110,15.16853,2.30642
1430,948.4205646514893,11722752,317.43447,4314.93156,223.92386,511.21486,57.97558,379.11745,531.31250,-0.10096,0.33190,0.91543,-1.12576,4.63765,0.84947,7.05417,2.05122,27.56981,11.81277,56.30843,9.41483,-45.08084,15.57409,-10.09820,-77.59666,19.87812,7.46735,49.30758,3.83551,497.19359,312.93601,2089.29590,81.51149,0.00107,0.00456,0.01732,-0.01118,0.81218,0.04670,0.94855,0.63476,1.00021,0.06540,1.22839,0.82641,1.81013,0.00181,1.81197,1.80158,-4.97867,1.24768,-2.63663,-9.91838,-1.82490,0.00002,-1.82485,-1.82494,0.02539,0.00006,0.02546,0.02522,-1.80695,0.00005,-1.80685,-1.80705,-1.84285,0.00005,-1.84272,-1.84292,1.51748,0.29540,2.84557,1.00834,0.64660,0.15441,0.99228,0.19570,5.82301,1.77976,15.91933,2.64261
1440,939.7064249515533,11804672,353.73487,4235.01634,160.53350,508.09108,55.15096,376.34937,546.20312,0.05586,0.27352,0.68370,-0.80098,4.42594,0.95892,7.47992,2.51781,30.35091,12.53968,66.87251,9.13138,-42.56750,17.09977,-9.47597,-78.70576,18.39960,8.79614,54.46910,5.55181,437.14745,293.13334,1892.52966,77.25673,0.00147,0.00412,0.01553,-0.01371,0.80773,0.04524,0.91523,0.63638,0.99682,0.06046,1.21518,0.79115,1.80964,0.00196,1.81180,1.79658,-4.88628,1.17620,-2.05270,-8.56544,-1.82471,0.00007,-1.82465,-1.82485,0.02543,0.00007,0.02556,0.02528,-1.80672,0.00005,-1.80666,-1.80685,-1.84269,0.00011,-1.84253,-1.84291,1.50599,0.34485,3.34952,1.00969,0.66665,0.16292,0.99017,0.11000,5.65851,1.69406,11.81222,2.51745
1450,949.2250652313232,11886592,298.23655,4910.81289,203.50669,506.43783,66.51052,376.17295,510.18750,0.05866,0.27469,1.05947,-1.05891,4.54490,1.12251,7.98710,2.38389,28.71789,10.95094,65.33187,9.41752,-44.10343,19.29248,-9.15124,-81.15383,20.24323,10.12063,55.08513,5.38352,447.43607,272.68969,1799.73022,100.61786,0.00142,0.00406,0.01404,-0.01268,0.80914,0.04562,0.91223,0.67033,1.00590,0.06614,1.30224,0.85052,1.80931,0.00191,1.81135,1.80013,-5.19782,1.41738,-2.52030,-11.29330,-1.82459,0.00003,-1.82455,-1.82465,0.02517,0.00004,0.02528,0.02512,-1.80679,0.00003,-1.80675,-1.80686,-1.84239,0.00004,-1.84234,-1.84253,1.43043,0.26201,2.78551,1.00448,0.70043,0.14039,0.99344,0.28180,5.78929,1.76001,14.09866,2.62405
1460,922.8793025016785,11968512,334.33393,4656.05911,180.22893,505.78959,42.88643,374.08219,539.28125,-0.01206,0.29438,0.76424,-0.83203,4.29679,1.16348,7.77123,2.08547,25.38585,12.03926,65.89867,7.81574,-45.00517,18.85716,-6.74013,-82.14700,18.18123,10.65670,59.76079,3.50548,424.70473,313.63519,2514.32153,58.06050,0.00188,0.00357,0.01080,-0.01108,0.80518,0.04405,0.95716,0.66207,1.00721,0.06505,1.19657,0.84541,1.80919,0.00188,1.81125,1.79809,-5.12687,1.27761,-2.63761,-10.37896,-1.82445,0.00005,-1.82438,-1.82457,0.02512,0.00003,0.02519,0.02506,-1.80668,0.00006,-1.80659,-1.80680,-1.84221,0.00006,-1.84214,-1.84234,1.41046,0.25052,2.46767,1.00651,0.70744,0.14044,0.99352,0.25296,5.60748,1.73465,13.17323,2.61295
1470,935.0674481391907,12050432,306.82797,4420.31473,197.30276,507.43125,52.36559,375.18063,550.82812,-0.04761,0.36210,0.73721,-1.28511,4.34226,1.11723,7.39172,2.04036,27.07583,12.64802,62.53625,7.38596,-45.75497,17.22075,-7.07274,-81.35236,18.69523,9.33492,52.62577,3.66186,450.74895,311.50787,2241.00244,89.97430,0.00238,0.00320,0.01295,-0.00815,0.80761,0.04602,0.92599,0.65039,1.00470,0.06294,1.20470,0.84396,1.80912,0.00188,1.81101,1.79854,-5.22209,1.44121,-2.36891,-11.57509,-1.82439,0.00004,-1.82434,-1.82445,0.02520,0.00001,0.02523,0.02516,-1.80657,0.00004,-1.80650,-1.80664,-1.84221,0.00003,-1.84215,-1.84226,1.33951,0.24297,2.63457,1.00652,0.74527,0.15151,0.99282,0.19976,5.80452,1.88559,15.72942,2.16440
1480,941.3971846103668,12132352,355.12838,4429.33208,213.31653,509.47025,57.35564,374.46086,587.90625,0.05023,0.30529,0.77142,-1.05483,4.33089,0.93290,7.22577,2.39417,28.31170,13.00526,77.34750,7.43695,-42.46684,16.79146,-8.64444,-75.93082,18.69976,8.10946,47.56498,5.54626,445.42310,268.75917,2023.34644,87.64269,0.00232,0.00276,0.00983,-0.00931,0.80946,0.04495,0.93491,0.67526,1.00153,0.05921,1.17820,0.80982,1.80884,0.00200,1.81080,1.79551,-5.05780,1.23541,-2.82963,-9.23659,-1.82432,0.00001,-1.82429,-1.82435,0.02527,0.00002,0.02531,0.02521,-1.80645,0.00002,-1.80641,-1.80650,-1.84218,0.00002,-1.84212,-1.84221,1.25703,0.18096,2.37834,1.00531,0.79398,0.12207,0.99517,0.33844,6.05173,1.71691,12.43901,2.83136
1490,949.760746717453,12214272,373.98829,4746.65485,155.54686,505.31390,70.25317,373.86184,582.07812,0.02507,0.23939,0.72293,-0.85187,4.17991,1.15039,8.54462,2.16694,26.36746,11.89552,65.18832,7.96683,-41.44695,18.45830,-6.75902,-78.19399,18.14049,10.73470,69.64589,4.48340,480.81847,294.77367,2285.64233,89.34160,0.00297,0.00206,0.00897,-0.00570,0.81080,0.04584,0.96084,0.67231,0.99611,0.06366,1.18494,0.80823,1.80848,0.00207,1.81067,1.79607,-4.96506,1.30751,-2.40593,-10.77718,-1.82427,0.00001,-1.82426,-1.82429,0.02521,0.00000,0.02522,0.02520,-1.80644,0.00001,-1.80643,-1.80646,-1.84210,0.00001,-1.84208,-1.84212,1.20013,0.16834,2.27157,1.00307,0.83785,0.11447,0.99715,0.38716,6.21104,1.84646,13.56534,2.63737
