EPOCH,Time Consumed,Total Frames,Running_Average_Rewards,Train_Epoch_Reward,Running_Training_Average_Rewards,Explore_Time,Train___Time,Eval____Time,eval_traj_length,advs/mean_Mean,advs/mean_Std,advs/mean_Max,advs/mean_Min,advs/std_Mean,advs/std_Std,advs/std_Max,advs/std_Min,advs/max_Mean,advs/max_Std,advs/max_Max,advs/max_Min,advs/min_Mean,advs/min_Std,advs/min_Max,advs/min_Min,Training/vf_loss_Mean,Training/vf_loss_Std,Training/vf_loss_Max,Training/vf_loss_Min,grad_norm/vf_Mean,grad_norm/vf_Std,grad_norm/vf_Max,grad_norm/vf_Min,Training/policy_loss_Mean,Training/policy_loss_Std,Training/policy_loss_Max,Training/policy_loss_Min,logprob/mean_Mean,logprob/mean_Std,logprob/mean_Max,logprob/mean_Min,logprob/std_Mean,logprob/std_Std,logprob/std_Max,logprob/std_Min,logprob/max_Mean,logprob/max_Std,logprob/max_Max,logprob/max_Min,logprob/min_Mean,logprob/min_Std,logprob/min_Max,logprob/min_Min,log_std/mean_Mean,log_std/mean_Std,log_std/mean_Max,log_std/mean_Min,log_std/std_Mean,log_std/std_Std,log_std/std_Max,log_std/std_Min,log_std/max_Mean,log_std/max_Std,log_std/max_Max,log_std/max_Min,log_std/min_Mean,log_std/min_Std,log_std/min_Max,log_std/min_Min,ratio/max_Mean,ratio/max_Std,ratio/max_Max,ratio/max_Min,ratio/min_Mean,ratio/min_Std,ratio/min_Max,ratio/min_Min,grad_norm/pf_Mean,grad_norm/pf_Std,grad_norm/pf_Max,grad_norm/pf_Min
0,581.9905772209167,8192,-117.77430,-1036.90583,nan,65.27457,4.32521,506.97766,1000.00000,-2.00230,0.08343,-1.82536,-2.13608,0.48451,0.09117,0.69229,0.35039,-0.41922,0.36921,0.20675,-1.20701,-3.17479,0.10924,-2.88025,-3.31861,3.25732,1.05653,4.56587,0.54556,18.04818,8.45474,35.98425,8.69885,-0.01089,0.00833,0.00658,-0.02677,1.30030,0.04220,1.40655,1.18884,1.01714,0.05832,1.16188,0.83406,2.31922,0.00151,2.32115,2.31473,-4.65607,1.27893,-1.79414,-7.56260,-2.07945,0.00006,-2.07934,-2.07952,0.00035,0.00027,0.00090,0.00000,-2.07920,0.00016,-2.07883,-2.07944,-2.07970,0.00024,-2.07937,-2.08010,1.55843,0.19806,2.18741,1.00127,0.63481,0.08598,0.99874,0.50250,1.75948,1.19109,5.23219,0.28466
10,1188.3687508106232,90112,4.52484,182.64946,-6.44986,661.42931,17.14829,509.46791,741.89062,-0.06301,0.81972,1.09438,-1.68170,0.46956,0.13926,1.27882,0.35906,1.32011,0.87880,2.87939,-0.51834,-2.26307,3.10188,-0.08176,-16.49100,0.31826,0.32235,2.73113,0.13032,17.12262,19.14444,103.26829,0.09366,-0.01239,0.01177,0.05418,-0.04357,1.30623,0.04471,1.42650,1.15847,1.01184,0.06300,1.24690,0.85304,2.32281,0.00471,2.33227,2.31010,-4.56726,1.32488,-1.66467,-8.96330,-2.08132,0.00219,-2.07898,-2.08511,0.00613,0.00255,0.00992,0.00093,-2.07698,0.00091,-2.07547,-2.07880,-2.08566,0.00391,-2.08012,-2.09213,1.77900,0.50960,5.26428,1.00236,0.57080,0.14877,0.99763,0.15266,4.30428,2.75217,19.95571,0.29565
20,914.7078771591187,172032,21.92732,853.47881,30.83891,666.72190,17.13779,230.53810,378.28125,0.94725,0.22534,1.42039,0.40006,1.84858,0.51798,2.90983,0.47995,3.90435,1.26335,8.52087,2.31006,-16.95834,5.41504,-0.38194,-28.57318,3.83726,1.83335,10.87936,0.22632,147.14903,154.41151,1116.92273,0.36204,0.00796,0.01087,0.06491,-0.01797,1.31902,0.04561,1.45213,1.17105,1.01082,0.06126,1.18712,0.86212,2.33055,0.00210,2.33391,2.32095,-4.57154,1.20787,-2.06407,-8.64995,-2.08516,0.00059,-2.08368,-2.08590,0.00858,0.00090,0.00999,0.00731,-2.07909,0.00092,-2.07666,-2.08036,-2.09123,0.00082,-2.08994,-2.09266,2.10917,0.76194,6.84665,1.01342,0.44986,0.16369,0.98156,0.05417,4.86969,2.67331,17.22542,1.03573
30,1206.3019247055054,253952,56.22763,497.80899,44.95193,668.96565,17.01955,520.09777,607.14062,0.20558,0.20190,0.66038,-0.25839,2.13673,0.36893,3.22419,0.99357,5.47358,2.41670,11.84418,2.32519,-21.14430,5.33360,-7.21641,-32.22888,4.64730,1.57419,10.56792,1.58952,174.36774,121.13265,738.24371,7.79498,0.00705,0.00792,0.04602,-0.01281,1.30470,0.04383,1.45228,1.16642,1.02056,0.06281,1.21639,0.83392,2.32115,0.00404,2.32888,2.31139,-4.72344,1.25164,-2.05771,-9.21381,-2.08051,0.00175,-2.07762,-2.08367,0.01185,0.00125,0.01371,0.00995,-2.07214,0.00262,-2.06797,-2.07663,-2.08889,0.00093,-2.08727,-2.09070,2.00810,0.63445,8.17564,1.01490,0.47144,0.15641,0.98609,0.11047,3.97558,1.92647,14.02802,0.91176
40,1160.9436211585999,335872,65.17406,614.08460,49.44851,671.14167,17.05903,472.55636,436.32812,0.20551,0.16342,0.64488,-0.17622,2.23067,0.47750,3.99712,0.78893,6.36091,2.17841,14.01924,2.80419,-22.21045,6.11826,-3.72015,-36.94513,4.91034,2.05681,13.67950,0.81014,197.25155,130.82718,821.49359,16.00159,0.00726,0.00844,0.05950,-0.01090,1.29713,0.04664,1.41901,1.13969,1.01255,0.06496,1.21386,0.81728,2.31006,0.00407,2.31708,2.30044,-4.66297,1.28441,-1.97587,-9.95309,-2.07498,0.00185,-2.07125,-2.07761,0.01378,0.00031,0.01433,0.01280,-2.06523,0.00197,-2.06139,-2.06806,-2.08472,0.00174,-2.08112,-2.08724,2.09875,0.60944,5.68776,1.02672,0.43589,0.15938,0.96185,0.06691,3.97948,1.95953,12.81128,0.72789
50,1207.9976325035095,417792,72.96968,890.50686,63.00804,674.00270,17.01652,516.79242,660.96875,0.12334,0.19607,0.61339,-0.44107,2.53164,0.38857,3.77517,1.57516,8.39030,2.97060,19.14433,3.66006,-22.67953,6.72371,-10.74117,-38.74811,5.82510,1.87828,13.33033,2.30224,221.82697,146.24638,809.54248,22.05277,0.00864,0.01024,0.07997,-0.01362,1.28355,0.04876,1.40642,1.10829,1.01651,0.06819,1.24222,0.79663,2.29891,0.00316,2.30440,2.28619,-4.70623,1.43194,-2.28204,-10.76851,-2.06939,0.00116,-2.06699,-2.07123,0.01425,0.00043,0.01498,0.01324,-2.05932,0.00132,-2.05653,-2.06135,-2.07946,0.00107,-2.07744,-2.08113,2.18537,0.69040,7.32126,1.04138,0.42963,0.14970,0.97466,0.06918,4.41938,2.27904,17.16335,0.82875
60,1157.6972522735596,499712,80.54774,1100.84399,65.46584,672.92316,17.02377,467.56370,469.20312,0.24329,0.21234,0.74741,-0.35860,2.35648,0.48716,3.79512,1.23309,10.72592,5.04150,26.11597,4.26644,-22.41162,8.16564,-7.06186,-43.69067,4.75352,2.11749,13.02285,0.84357,164.57698,94.82620,550.44598,35.86108,0.00864,0.00873,0.04737,-0.01041,1.27649,0.04671,1.40334,1.13057,1.01946,0.06156,1.22082,0.85657,2.28817,0.00385,2.29547,2.27463,-4.79298,1.20799,-2.06064,-9.51450,-2.06395,0.00171,-2.06043,-2.06695,0.01348,0.00123,0.01514,0.01137,-2.05442,0.00130,-2.05128,-2.05648,-2.07348,0.00237,-2.06958,-2.07741,2.24019,0.84735,9.66016,1.04187,0.43086,0.14793,0.96127,0.05826,4.43592,2.07329,12.22206,0.94812
70,1220.8558449745178,581632,93.39649,1774.08001,86.45556,675.30396,17.05966,528.31751,495.17188,0.54796,0.27509,1.21358,-0.03529,2.66884,0.41579,4.26612,1.54001,11.09720,4.29749,26.90080,4.16758,-23.09118,6.85925,-9.21673,-44.32425,6.34384,2.04612,18.25768,2.13182,289.74552,185.52662,1105.52612,35.45193,0.00869,0.00839,0.06437,-0.01302,1.25625,0.04183,1.38087,1.12420,1.01691,0.05937,1.19608,0.85613,2.27320,0.00439,2.28260,2.25994,-4.66647,1.30843,-2.37370,-9.03761,-2.05649,0.00194,-2.05367,-2.06039,0.01377,0.00063,0.01503,0.01283,-2.04675,0.00215,-2.04409,-2.05125,-2.06623,0.00182,-2.06311,-2.06953,2.21726,0.72411,6.05959,1.02366,0.41752,0.15027,0.98471,0.08409,5.04114,2.39858,17.89676,1.30116
80,1216.0409288406372,663552,108.18523,1989.58392,90.60676,674.22754,17.13676,524.47291,386.40625,0.22384,0.20123,0.72023,-0.37335,2.78829,0.58808,4.57832,1.47340,10.40633,5.27005,29.81088,3.57978,-25.59459,8.52475,-7.42188,-44.65501,6.95333,2.87134,18.20003,2.29369,318.45133,210.70963,1320.26746,32.31916,0.01023,0.01026,0.06709,-0.01027,1.24105,0.04601,1.38036,1.10270,1.02452,0.06418,1.23686,0.86864,2.26481,0.00345,2.27121,2.25467,-4.63302,1.20449,-2.36118,-10.58199,-2.05229,0.00148,-2.04962,-2.05461,0.01356,0.00079,0.01505,0.01232,-2.04270,0.00130,-2.03942,-2.04521,-2.06188,0.00182,-2.05906,-2.06411,2.28666,0.78443,7.39881,1.04819,0.41806,0.14806,0.97150,0.09470,5.63960,2.81462,18.51877,1.33256
90,1221.9710268974304,745472,81.44960,1023.36371,89.52903,676.22116,17.13704,528.50643,639.07812,0.31577,0.24311,1.17241,-0.23445,2.81072,0.51856,4.75476,1.65965,12.76012,5.04603,29.96034,5.06829,-24.03843,8.31816,-8.78784,-52.80063,6.18013,2.54212,16.15626,2.06852,298.24642,184.72269,1032.06213,54.29081,0.00946,0.00991,0.06289,-0.01205,1.24204,0.04618,1.37206,1.12248,1.02065,0.06234,1.23217,0.87533,2.25965,0.00256,2.26454,2.24941,-4.74690,1.29306,-2.42355,-9.91672,-2.04968,0.00089,-2.04840,-2.05125,0.01289,0.00070,0.01455,0.01186,-2.04056,0.00121,-2.03906,-2.04286,-2.05880,0.00078,-2.05753,-2.05993,2.27917,0.83438,9.08635,1.02011,0.39298,0.14916,0.96674,0.00246,5.74869,2.65152,19.55659,1.34030
100,1213.0142529010773,827392,83.75326,1060.32898,97.73391,671.41719,17.20674,524.31637,476.90625,0.21916,0.22579,0.79479,-0.44861,2.46395,0.50680,4.57424,1.23088,10.88037,4.95150,30.68655,3.76697,-24.18257,9.97239,-7.72077,-54.82798,5.32489,2.33973,20.51999,1.36697,293.73013,204.96633,1358.34790,33.62950,0.00997,0.00932,0.06770,-0.01057,1.23225,0.04567,1.37478,1.11296,1.01987,0.06297,1.24230,0.85357,2.25637,0.00302,2.26376,2.24210,-4.64451,1.31426,-2.14784,-11.56140,-2.04826,0.00104,-2.04667,-2.05097,0.01149,0.00086,0.01273,0.00989,-2.04013,0.00064,-2.03918,-2.04242,-2.05638,0.00157,-2.05414,-2.05967,2.37632,0.99757,14.47560,1.03721,0.38161,0.15443,0.95909,0.05924,5.47949,2.60983,21.23205,1.41676
110,1206.7147681713104,909312,93.46485,1991.28717,102.56663,668.49850,17.13043,521.01377,467.45312,0.31227,0.21924,0.90055,-0.28921,2.59863,0.58617,4.36845,1.39068,10.72688,4.09990,24.13330,4.01726,-23.99912,9.45682,-8.06982,-49.89277,5.53345,2.48527,14.74712,1.57979,235.41684,129.54568,834.41040,26.45302,0.00809,0.01043,0.12142,-0.01967,1.23379,0.04818,1.36561,1.10464,1.01369,0.06568,1.26628,0.85651,2.24700,0.00328,2.25502,2.23424,-4.62636,1.28020,-2.50730,-8.51779,-2.04345,0.00127,-2.04146,-2.04665,0.01143,0.00045,0.01215,0.01053,-2.03536,0.00118,-2.03372,-2.03914,-2.05153,0.00144,-2.04915,-2.05416,2.25948,0.75354,6.54286,1.03378,0.41774,0.15112,0.97147,0.06230,5.25767,2.80349,39.91728,1.33777
120,1157.53733086586,991232,104.12667,1430.15507,81.51772,665.82658,17.27323,474.36688,506.78125,0.17044,0.16702,0.71391,-0.32758,2.70979,0.66283,4.71982,1.19568,13.23627,6.23506,33.62251,4.00789,-26.58531,9.62267,-5.27742,-49.28931,5.61032,3.03414,22.33702,1.06936,253.39827,148.50104,1027.62085,40.98915,0.00791,0.00898,0.05138,-0.01194,1.22357,0.04483,1.35528,1.05584,1.01515,0.06138,1.22369,0.82422,2.23886,0.00372,2.24459,2.22014,-4.65714,1.25070,-2.28187,-8.88569,-2.03942,0.00151,-2.03686,-2.04145,0.01050,0.00161,0.01412,0.00852,-2.03200,0.00236,-2.02687,-2.03449,-2.04684,0.00124,-2.04430,-2.04917,2.16656,0.67069,5.83792,1.03581,0.42214,0.15062,0.96647,0.08256,4.72425,2.09984,16.69410,1.12397
130,1207.4760682582855,1073152,101.75652,1958.60241,93.77264,667.34124,17.18740,522.86981,418.06250,0.10318,0.20829,0.55399,-0.51144,2.94968,0.63865,4.56936,1.41173,12.49993,5.33115,39.05053,4.97055,-29.04446,8.35086,-7.95980,-57.97624,6.67639,3.12554,19.73187,1.06442,231.31218,152.47520,989.29462,48.16175,0.00677,0.00871,0.04974,-0.01757,1.20695,0.04754,1.35225,1.07109,1.01687,0.06068,1.22672,0.84353,2.22378,0.00790,2.23570,2.20523,-4.65496,1.19319,-1.76308,-8.69407,-2.03169,0.00383,-2.02503,-2.03684,0.01433,0.00078,0.01564,0.01264,-2.02156,0.00413,-2.01502,-2.02684,-2.04183,0.00359,-2.03503,-2.04690,2.23679,0.67940,7.25537,1.03472,0.41055,0.15392,0.96968,0.06367,4.30049,2.02009,15.21151,0.96675
140,1195.347486257553,1155072,94.65818,2226.77925,120.05459,670.15088,17.54581,507.57485,398.53125,0.13803,0.20580,0.57812,-0.55850,3.18179,0.54041,4.79348,1.95282,16.19194,7.71634,49.52467,4.41879,-29.64540,8.92285,-11.08191,-50.90178,7.86784,3.06223,21.83026,2.84974,264.33406,158.00022,1135.11597,46.44133,0.00799,0.00950,0.05529,-0.01234,1.19078,0.04967,1.34146,1.04832,1.01798,0.06770,1.25000,0.83291,2.20486,0.00258,2.21174,2.19612,-4.80526,1.33639,-2.19620,-9.18536,-2.02236,0.00100,-2.02021,-2.02502,0.01322,0.00085,0.01465,0.01210,-2.01301,0.00071,-2.01154,-2.01502,-2.03171,0.00149,-2.02886,-2.03502,2.40067,0.82272,8.66197,1.06735,0.37795,0.15407,0.94678,0.05272,5.34955,2.51691,22.03519,1.24906
150,1016.7509801387787,1236992,93.60203,2580.89069,92.94210,675.46359,17.07458,324.02796,363.23438,0.23815,0.22971,0.71926,-0.66654,2.98927,0.65878,4.82958,1.31074,13.44094,6.28645,30.72210,4.10660,-28.50537,9.49787,-4.15047,-50.84406,6.87757,3.25233,19.02884,1.22900,305.60978,209.46847,1264.71753,29.33344,0.00882,0.01086,0.11124,-0.01362,1.18005,0.04877,1.32680,1.00836,1.02135,0.06816,1.22766,0.82206,2.19678,0.00329,2.20232,2.18510,-4.87167,1.25802,-2.45435,-9.44572,-2.01830,0.00143,-2.01532,-2.02022,0.01363,0.00101,0.01587,0.01227,-2.00867,0.00209,-2.00411,-2.01154,-2.02794,0.00085,-2.02641,-2.02931,2.60163,1.07492,11.90759,1.02590,0.34475,0.15441,0.96373,0.03005,5.65707,3.15662,34.35954,1.46906
160,1217.2338614463806,1318912,81.87098,1851.11339,97.91926,672.53474,17.20860,527.40194,435.76562,0.14143,0.29741,0.77481,-0.80255,3.30920,0.68402,5.37026,1.84275,18.16474,7.88438,41.97271,4.30189,-29.26098,11.56021,-7.23369,-60.73679,8.14150,3.88687,25.47869,2.76838,323.32461,184.64653,1084.17664,30.93308,0.00999,0.01006,0.06876,-0.01109,1.17101,0.04786,1.32290,1.00466,1.01750,0.06472,1.27359,0.85787,2.19131,0.00207,2.19405,2.17216,-4.77401,1.33500,-2.00928,-9.78650,-2.01550,0.00051,-2.01375,-2.01603,0.01594,0.00036,0.01687,0.01543,-2.00423,0.00060,-2.00208,-2.00507,-2.02677,0.00053,-2.02542,-2.02792,2.49410,0.92325,9.33838,1.03084,0.35927,0.15964,0.95918,0.00983,6.16160,2.85051,21.14145,1.47547
170,1212.2160181999207,1400832,122.04671,2310.54016,85.59026,671.95375,17.13398,522.96263,424.10938,-0.13182,0.31341,0.49937,-0.90323,3.18702,0.78066,5.53827,1.63076,15.97478,7.61033,40.33426,3.51978,-29.48863,11.68070,-6.90343,-65.31897,7.01652,3.12583,20.99046,2.02857,299.27340,193.41203,1278.65674,39.83435,0.00834,0.00927,0.04109,-0.01245,1.17133,0.04692,1.32818,1.03195,1.01020,0.06223,1.17150,0.83421,2.18338,0.00407,2.18966,2.16628,-4.73715,1.23066,-2.11422,-10.05943,-2.01164,0.00180,-2.00855,-2.01386,0.01725,0.00102,0.01927,0.01587,-1.99944,0.00250,-1.99495,-2.00253,-2.02384,0.00112,-2.02171,-2.02541,2.45799,1.19118,16.04815,1.02271,0.36804,0.15991,0.97367,0.03450,5.47554,2.38418,14.87236,1.61532
180,1209.9369893074036,1482752,97.93475,2545.25889,107.56944,670.41812,17.14609,522.27541,526.00000,0.08789,0.21464,0.78246,-0.44039,3.21615,0.62443,5.03912,1.67448,16.34973,6.81021,37.08020,5.66629,-28.96853,9.79949,-8.12970,-48.38397,7.25761,3.33793,21.69939,1.96990,256.88081,149.47380,1193.05396,48.56684,0.00966,0.00940,0.05024,-0.01129,1.14645,0.04692,1.28286,1.01836,1.02662,0.06378,1.24646,0.85284,2.17476,0.00248,2.17932,2.16239,-4.88909,1.42254,-2.48322,-11.82284,-2.00730,0.00062,-2.00632,-2.00864,0.01913,0.00041,0.01997,0.01817,-1.99378,0.00047,-1.99270,-1.99499,-2.02083,0.00084,-2.01943,-2.02261,2.65358,1.19836,15.01055,1.05870,0.33096,0.15020,0.93577,0.03921,6.11440,2.72619,23.48886,1.68394
190,1208.0010180473328,1564672,99.98727,1994.08255,105.64872,668.83344,17.15849,521.61470,441.26562,0.12189,0.28586,0.67653,-0.59960,3.09429,0.56178,4.94315,1.99036,14.44127,6.54318,36.73206,5.15599,-28.44475,11.58314,-8.73565,-62.79000,6.40315,2.75175,22.15547,2.20796,241.51426,120.35418,893.81677,46.30000,0.00966,0.01079,0.07235,-0.01123,1.14221,0.04699,1.28281,0.99185,1.01992,0.06205,1.21583,0.81971,2.16961,0.00339,2.17600,2.15720,-4.68172,1.22282,-2.38402,-10.54302,-2.00477,0.00135,-2.00173,-2.00695,0.01831,0.00060,0.01973,0.01733,-1.99182,0.00119,-1.98831,-1.99364,-2.01771,0.00161,-2.01515,-2.02045,2.67173,1.13226,10.14698,1.05524,0.33436,0.15611,0.92454,0.01658,6.05231,2.68597,23.30809,1.84223
200,1200.367522239685,1646592,90.03745,1844.25412,101.15913,670.20737,17.53567,512.14497,369.54688,0.14239,0.35632,1.22834,-0.96136,3.38779,0.61082,5.24791,2.10625,21.14425,8.85474,43.01649,5.96462,-29.17108,11.11348,-6.78422,-53.48124,7.38318,3.36637,21.76741,1.74526,302.83935,197.12799,1136.79346,51.97725,0.01098,0.01101,0.06204,-0.01224,1.14243,0.04916,1.26888,0.96063,1.02526,0.06690,1.25561,0.84661,2.16035,0.00297,2.16563,2.14965,-4.86204,1.38140,-1.89177,-11.23113,-2.00011,0.00120,-1.99755,-2.00178,0.01842,0.00077,0.01944,0.01671,-1.98709,0.00078,-1.98523,-1.98842,-2.01314,0.00169,-2.00961,-2.01528,2.72751,1.32778,12.32273,1.04625,0.32968,0.16552,0.93886,0.00479,6.22975,2.65439,17.85610,1.63127
210,1180.2216691970825,1728512,95.24068,2481.32424,106.63849,672.87883,17.13224,490.13864,370.42188,0.21007,0.33239,1.16593,-0.39792,2.75430,0.60252,4.95946,1.50729,13.92402,8.04935,38.76589,3.90816,-23.32571,10.45781,-7.84992,-55.43810,5.77212,2.78914,18.59736,1.97192,333.32832,242.66103,1565.87183,29.84694,0.00821,0.00944,0.04761,-0.01452,1.13099,0.04422,1.25536,1.00305,1.01831,0.06389,1.22234,0.84437,2.15079,0.00340,2.15743,2.13937,-4.85099,1.30995,-2.14196,-10.60175,-1.99529,0.00138,-1.99359,-1.99771,0.01653,0.00082,0.01763,0.01471,-1.98360,0.00110,-1.98179,-1.98540,-2.00698,0.00181,-2.00438,-2.01014,2.41906,0.78766,8.11824,1.02658,0.36724,0.14523,0.97223,0.03308,6.17837,2.65150,18.54147,1.82332
220,1203.631164073944,1810432,101.88840,2118.95653,119.04189,670.11636,17.14754,516.26366,450.25000,-0.04049,0.29999,0.66533,-0.80839,3.07640,0.69516,5.80031,1.59293,17.38215,7.98324,41.86858,3.44067,-27.95120,12.10243,-6.82789,-59.30145,6.68215,3.34825,24.09971,1.90894,318.74944,177.65753,1491.29224,49.95979,0.00857,0.01034,0.06937,-0.02256,1.11671,0.04670,1.24189,0.97870,1.03112,0.06140,1.20204,0.86531,2.14155,0.00341,2.14919,2.12779,-4.93868,1.31998,-2.54029,-11.71182,-1.99067,0.00137,-1.98826,-1.99375,0.01636,0.00044,0.01697,0.01497,-1.97910,0.00121,-1.97767,-1.98206,-2.00224,0.00158,-1.99884,-2.00545,2.48337,0.91800,9.55713,1.04585,0.34989,0.16527,0.94496,0.01975,5.98281,2.69243,22.96767,1.35206
230,1196.8701753616333,1892352,119.34483,2822.71299,101.18276,667.00140,17.05312,512.62493,401.10938,0.02018,0.28097,0.92475,-0.69671,3.63357,0.57646,5.59821,1.87601,21.27890,9.20144,45.61328,4.34026,-32.44521,9.68366,-11.14576,-56.16877,9.08741,3.61335,24.39173,3.11173,330.31384,203.66367,1376.80774,52.18091,0.00812,0.01076,0.05124,-0.01655,1.11325,0.04420,1.23929,0.97252,1.02219,0.06497,1.26910,0.83610,2.13394,0.00206,2.13848,2.12375,-4.88174,1.34521,-2.41701,-10.21907,-1.98682,0.00044,-1.98591,-1.98826,0.01527,0.00061,0.01633,0.01369,-1.97602,0.00077,-1.97491,-1.97783,-1.99761,0.00040,-1.99647,-1.99883,2.41581,0.73073,6.54029,1.04662,0.34667,0.14516,0.95896,0.02359,6.27148,2.87825,19.10096,1.81817
240,1219.3043518066406,1974272,104.09853,1656.72118,101.99256,667.61156,17.04204,534.57478,416.10938,0.16403,0.23297,0.68528,-0.49083,3.23389,0.71851,5.42029,1.57506,20.04576,9.39790,48.78338,5.91336,-27.79677,12.68695,-8.07264,-62.17076,7.92271,3.97314,27.28885,1.75032,301.17973,180.32389,1065.78455,44.76793,0.00754,0.01021,0.08006,-0.01290,1.11240,0.04659,1.24422,0.96767,1.02187,0.06604,1.25638,0.85673,2.12852,0.00264,2.13365,2.11380,-4.88194,1.36125,-2.45468,-10.19669,-1.98415,0.00090,-1.98276,-1.98589,0.01464,0.00039,0.01543,0.01395,-1.97380,0.00090,-1.97186,-1.97535,-1.99450,0.00097,-1.99301,-1.99643,2.54997,0.96252,9.74062,1.05200,0.33621,0.14840,0.95925,0.01959,6.13496,2.77803,19.93888,1.85948
250,1184.2973411083221,2056192,112.08670,1977.80842,116.99950,710.04306,17.93393,456.24947,404.28125,0.25772,0.22574,0.89899,-0.46621,3.28985,0.53108,4.79568,2.04217,18.93853,8.81400,41.69952,5.37105,-31.85216,10.26777,-11.17272,-56.65535,7.66210,3.39898,22.34903,1.91513,309.89483,210.31208,1504.36975,55.02707,0.00872,0.01101,0.06182,-0.01458,1.10545,0.04762,1.22128,0.95352,1.01993,0.06280,1.22210,0.83845,2.12328,0.00317,2.12909,2.10807,-4.70360,1.14484,-2.49518,-11.10763,-1.98157,0.00114,-1.97984,-1.98350,0.01514,0.00036,0.01605,0.01443,-1.97086,0.00097,-1.96891,-1.97233,-1.99227,0.00133,-1.99032,-1.99485,2.65936,0.99014,8.47740,1.02544,0.32027,0.15344,0.96659,0.02204,6.84505,3.30502,36.45963,1.21900
260,1207.79722738266,2138112,115.33211,2605.21440,122.37932,669.00168,16.91966,521.72743,405.75000,0.19165,0.28821,0.93961,-0.61589,3.23027,0.56126,5.30312,1.98658,18.68575,7.88094,46.45098,5.54457,-29.88198,11.58166,-9.00877,-61.63874,7.62226,2.95729,19.24619,3.12715,331.16066,182.42405,973.82178,57.80556,0.00789,0.01063,0.08231,-0.01909,1.09059,0.04438,1.22461,0.95409,1.02467,0.06012,1.23683,0.86378,2.11443,0.00354,2.12143,2.09981,-4.92286,1.29412,-2.50659,-11.03256,-1.97718,0.00138,-1.97548,-1.97984,0.01272,0.00169,0.01556,0.01052,-1.96819,0.00051,-1.96746,-1.96932,-1.98618,0.00253,-1.98306,-1.99079,2.69749,1.49819,17.61959,1.05437,0.33621,0.15523,0.96802,0.03120,6.81827,3.10753,30.45211,1.42835
270,1075.8907458782196,2220032,132.14229,2948.76340,119.27618,670.59853,17.75935,387.34692,347.26562,0.27595,0.27013,0.98430,-0.55158,3.62948,0.64296,5.57559,2.15374,22.54656,9.59730,56.53540,6.99509,-32.10424,12.89453,-10.22848,-61.35048,9.25920,3.95248,28.17860,2.38967,369.11955,194.27524,1286.65173,51.48253,0.01023,0.01108,0.08789,-0.01008,1.08149,0.04786,1.23641,0.94199,1.02778,0.06557,1.25339,0.85053,2.10703,0.00323,2.11326,2.09398,-5.00412,1.41014,-2.50396,-11.24429,-1.97346,0.00136,-1.97075,-1.97575,0.01075,0.00052,0.01156,0.00985,-1.96586,0.00113,-1.96353,-1.96832,-1.98105,0.00164,-1.97797,-1.98317,2.81047,1.28577,13.61011,1.05001,0.30681,0.15878,0.95523,0.02370,7.53568,3.42481,27.52895,1.97196
280,1205.850338459015,2301952,110.55727,2125.72688,125.60141,670.55576,17.03757,518.14903,461.25000,0.08703,0.29206,1.01200,-0.86004,3.70233,0.61091,5.60429,2.15364,20.15655,7.53973,55.80390,7.03703,-35.16054,11.93603,-10.06247,-66.09898,9.80208,3.69052,25.33123,3.69693,361.40608,204.65254,1349.61133,67.78197,0.00953,0.01057,0.06805,-0.01528,1.07553,0.04605,1.20418,0.92698,1.02213,0.06255,1.20877,0.86188,2.10031,0.00237,2.10381,2.08703,-4.84128,1.25722,-2.41370,-10.40555,-1.97012,0.00058,-1.96876,-1.97095,0.00906,0.00073,0.01024,0.00708,-1.96371,0.00038,-1.96295,-1.96434,-1.97652,0.00103,-1.97379,-1.97796,2.57174,0.83285,6.83158,1.02373,0.32867,0.15785,0.97953,0.01424,7.39760,3.21888,24.07320,1.81585
290,1207.570663690567,2383872,113.80527,2089.52022,119.64028,672.35285,16.99789,518.07370,495.01562,0.07689,0.17846,0.57069,-0.44711,2.92442,0.48388,4.72934,1.83577,17.31951,6.35775,47.20650,6.29062,-25.62799,9.75328,-8.85250,-56.32351,6.03359,2.45260,19.21176,2.42125,238.19995,134.87500,941.23535,43.13844,0.00857,0.01053,0.05817,-0.01869,1.07429,0.04645,1.19151,0.92045,1.02352,0.06861,1.32977,0.85517,2.09363,0.00270,2.09928,2.07240,-5.00036,1.46403,-2.39409,-10.67909,-1.96676,0.00082,-1.96512,-1.96875,0.00665,0.00082,0.00780,0.00479,-1.96206,0.00067,-1.96117,-1.96371,-1.97147,0.00125,-1.96900,-1.97378,2.66071,1.13012,11.35243,1.04210,0.33255,0.14984,0.94705,0.00012,6.58119,3.02735,20.67478,1.82597
300,1187.9052848815918,2465792,126.69415,2312.77043,122.17452,670.70185,17.04882,499.97969,427.98438,0.11443,0.29141,0.82844,-0.75649,3.07087,0.69194,5.46627,1.63732,17.35038,9.63349,46.69453,5.38858,-27.74130,12.28620,-6.39077,-58.66830,6.85590,3.50426,26.11451,1.74141,276.63378,169.81654,1351.38586,45.40919,0.00788,0.01013,0.06106,-0.01587,1.06275,0.04656,1.18195,0.90911,1.02522,0.06648,1.26724,0.85200,2.08496,0.00468,2.09277,2.07321,-4.91614,1.33764,-2.58125,-11.41255,-1.96240,0.00204,-1.95840,-1.96537,0.00488,0.00077,0.00607,0.00349,-1.95895,0.00182,-1.95494,-1.96114,-1.96586,0.00238,-1.96185,-1.96961,2.60340,1.18618,11.99782,1.03251,0.34129,0.16445,0.96797,0.04089,6.33705,2.70682,16.67872,2.12920
310,1205.6587312221527,2547712,109.61092,2068.68716,100.59442,672.08505,17.15246,516.31538,462.81250,0.14521,0.24529,0.68624,-0.43663,2.86166,0.55735,4.34288,1.62540,17.98644,8.38081,54.57507,4.83660,-25.58550,11.58805,-8.73183,-56.28731,5.92051,2.76283,16.48982,1.61034,232.80810,124.74625,862.07776,48.19717,0.00721,0.01044,0.05890,-0.01461,1.04987,0.04736,1.16964,0.91397,1.02547,0.06325,1.22509,0.82052,2.07428,0.00307,2.07930,2.06276,-4.90216,1.25080,-2.04786,-9.48867,-1.95696,0.00132,-1.95413,-1.95867,0.00505,0.00099,0.00695,0.00338,-1.95339,0.00193,-1.94933,-1.95539,-1.96054,0.00088,-1.95891,-1.96203,2.49262,1.06085,13.60798,1.03811,0.34466,0.15180,0.96159,0.02315,5.79181,2.39334,15.23130,1.67557
320,1204.4532399177551,2629632,116.58635,2390.31810,139.71676,671.43320,16.97770,515.94658,422.62500,0.19269,0.31243,0.77385,-0.80731,2.97226,0.60126,5.12027,1.68583,21.53125,9.71842,57.53896,6.49450,-22.64955,11.60268,-8.60568,-54.96967,6.13193,3.01211,20.90812,1.33540,227.51750,134.02248,968.54858,39.16392,0.00717,0.01024,0.04879,-0.01702,1.04421,0.04486,1.16819,0.86568,1.01549,0.05793,1.16401,0.84994,2.06505,0.00223,2.06996,2.05396,-4.85374,1.25177,-2.20748,-10.60778,-1.95246,0.00057,-1.95150,-1.95411,0.00547,0.00148,0.00718,0.00270,-1.94859,0.00068,-1.94753,-1.95004,-1.95632,0.00154,-1.95364,-1.95890,2.46744,1.09809,15.96406,1.04918,0.34939,0.15853,0.95211,0.00858,5.94067,2.51107,16.34740,1.78772
330,1204.036301612854,2711552,125.10723,1976.74160,126.40901,669.29448,17.08704,517.57677,448.73438,0.11073,0.26021,0.85109,-0.51258,3.28530,0.63079,5.65932,1.61242,21.26991,8.12786,52.31709,5.09967,-30.55672,12.64037,-7.56529,-58.92453,6.94851,3.64168,24.31124,1.53045,243.68030,138.23421,893.68921,42.27458,0.00930,0.01095,0.05678,-0.01186,1.03973,0.04902,1.15791,0.87330,1.02056,0.06492,1.22218,0.85744,2.05977,0.00344,2.06514,2.04102,-4.97243,1.34256,-2.37684,-11.33473,-1.94982,0.00132,-1.94752,-1.95171,0.00354,0.00059,0.00433,0.00240,-1.94732,0.00124,-1.94509,-1.94981,-1.95233,0.00152,-1.94978,-1.95433,2.71325,2.45955,50.00167,1.04730,0.33726,0.16108,0.95291,0.01467,6.30472,2.86646,16.84791,1.55693
340,1205.4853103160858,2793472,125.67463,2007.80886,139.35383,670.12786,17.22956,517.91457,454.56250,0.13376,0.18359,0.69203,-0.43241,3.34036,0.75191,5.80409,1.85781,21.98937,10.75319,51.15509,5.98215,-30.31707,13.64005,-9.35781,-67.28487,6.82169,3.58690,29.22514,1.91903,221.19666,109.06725,667.28973,44.12955,0.00768,0.01058,0.05488,-0.01596,1.03319,0.04593,1.16908,0.88768,1.01597,0.06607,1.25122,0.86010,2.05066,0.00394,2.05713,2.03633,-4.88791,1.28585,-2.49671,-9.66809,-1.94523,0.00170,-1.94183,-1.94753,0.00254,0.00081,0.00429,0.00148,-1.94344,0.00158,-1.94021,-1.94545,-1.94703,0.00198,-1.94343,-1.94994,2.52799,0.88808,8.55537,1.04387,0.34439,0.15461,0.95428,0.03813,5.80359,2.46287,19.50622,1.08217
350,1199.9167394638062,2875392,133.37596,3065.17429,139.86226,670.76826,17.01925,512.02187,418.43750,0.11477,0.19914,0.65260,-0.55593,3.27464,0.71340,5.32073,1.73871,22.82797,10.72711,55.50463,5.23720,-27.60476,12.44810,-9.91005,-62.20517,7.43932,3.84410,25.37814,2.55448,259.65545,136.53069,720.95093,56.82977,0.00857,0.01199,0.06589,-0.01710,1.01749,0.04923,1.16222,0.84953,1.02083,0.06691,1.21343,0.84329,2.03990,0.00243,2.04556,2.02773,-4.86522,1.38187,-2.30127,-11.61528,-1.93991,0.00069,-1.93812,-1.94183,0.00072,0.00072,0.00247,0.00001,-1.93940,0.00052,-1.93749,-1.94019,-1.94042,0.00109,-1.93875,-1.94347,2.61879,0.90488,8.75825,1.02806,0.33443,0.15117,0.96503,0.02526,5.92325,2.74497,21.94221,1.71276
360,1077.4523499011993,2957312,137.73450,3069.45299,129.54449,671.23091,17.03668,388.99194,350.15625,0.17793,0.29890,0.79684,-0.58847,3.59196,0.70894,5.83659,2.11350,21.27912,8.28771,48.20572,5.77555,-33.17030,13.97154,-8.08294,-66.07738,9.07166,4.38916,27.46210,2.52431,285.51326,155.14815,975.03021,46.68296,0.00755,0.01099,0.08303,-0.01520,1.01162,0.04888,1.13117,0.86382,1.01642,0.06753,1.28349,0.84886,2.02950,0.00372,2.03783,2.01756,-4.95873,1.35048,-2.42571,-13.64125,-1.93476,0.00155,-1.93189,-1.93810,0.00495,0.00191,0.00749,0.00090,-1.93126,0.00288,-1.92659,-1.93746,-1.93826,0.00039,-1.93719,-1.93880,2.48163,0.88055,9.75196,1.04128,0.35547,0.15307,0.96680,0.00006,6.04153,2.86439,27.64156,1.62178
370,1022.1714506149292,3039232,143.55107,3439.10837,137.15799,668.56956,17.05701,336.43156,353.57812,-0.00363,0.25448,0.69492,-0.65998,3.71691,0.56390,6.08656,2.50049,23.73326,8.62171,53.18428,8.01523,-34.90034,11.69438,-9.95704,-62.13216,9.82444,3.91147,32.18034,3.46382,377.42842,215.46440,1128.25330,59.83783,0.00610,0.00972,0.04278,-0.01470,1.00749,0.04670,1.15841,0.84355,1.01223,0.06221,1.21395,0.82944,2.01776,0.00386,2.02539,2.00369,-4.80358,1.16399,-2.17233,-8.32872,-1.92888,0.00158,-1.92604,-1.93185,0.01043,0.00109,0.01157,0.00750,-1.92150,0.00227,-1.91839,-1.92655,-1.93625,0.00101,-1.93350,-1.93767,2.44099,1.17819,19.46776,1.04134,0.36468,0.15066,0.95863,0.04089,6.25245,2.69088,17.30892,1.72640
380,1072.117511510849,3121152,145.42472,2894.59822,144.31209,667.87614,17.05462,387.04743,347.76562,0.09184,0.30295,0.81348,-0.60375,3.48497,0.74481,6.28898,2.11002,20.85680,9.19857,47.86239,5.38955,-33.99281,13.72378,-8.04726,-61.93000,8.56128,4.38832,30.85701,2.73151,297.48149,184.47216,1171.24451,50.34065,0.00510,0.00904,0.03245,-0.01588,0.98827,0.04824,1.11290,0.82442,1.01904,0.06320,1.22701,0.86150,2.00816,0.00379,2.01391,1.99475,-4.92332,1.24274,-2.70600,-9.66211,-1.92406,0.00161,-1.92085,-1.92602,0.01159,0.00090,0.01350,0.01014,-1.91587,0.00171,-1.91348,-1.91859,-1.93226,0.00175,-1.92810,-1.93436,2.35188,0.79263,10.27787,1.03130,0.36552,0.15426,0.96636,0.02352,5.68922,2.36962,18.72797,1.26930
390,1171.7958130836487,3203072,146.37864,2710.93578,146.61287,668.99842,17.08257,485.62003,498.87500,0.34700,0.35534,1.13116,-0.74675,3.75847,0.69675,5.98486,1.98187,24.61264,9.43564,47.56739,8.58145,-32.72829,13.33094,-9.01097,-64.68782,9.29387,4.43915,26.27305,2.21366,298.33656,161.03528,1157.41882,43.77450,0.00679,0.00974,0.05944,-0.01582,0.97766,0.04197,1.09156,0.85039,1.01788,0.06168,1.26380,0.83711,1.99767,0.00300,2.00359,1.98542,-4.98520,1.27416,-2.74205,-12.23959,-1.91889,0.00095,-1.91770,-1.92083,0.00959,0.00059,0.01033,0.00817,-1.91210,0.00118,-1.91059,-1.91408,-1.92567,0.00088,-1.92400,-1.92807,2.34434,0.80722,12.67048,1.04551,0.38291,0.14977,0.96942,0.07061,6.32265,2.66740,16.54658,1.75038
400,1158.3773663043976,3284992,118.40190,2753.75480,130.43398,668.59353,17.12676,472.52231,402.89062,0.29494,0.23617,1.17978,-0.40705,3.50365,0.69092,5.37760,2.01074,20.94896,8.31624,49.50426,7.53275,-33.26016,13.42414,-8.91874,-65.26961,8.12942,4.30746,29.11860,1.76423,283.93573,167.97892,1233.71851,59.23689,0.00727,0.01029,0.05916,-0.01412,0.97278,0.04566,1.09512,0.79762,1.01557,0.06439,1.25843,0.85145,1.98967,0.00407,1.99786,1.97674,-4.99647,1.24490,-2.49298,-9.71718,-1.91488,0.00179,-1.91254,-1.91789,0.00931,0.00039,0.00997,0.00850,-1.90830,0.00173,-1.90554,-1.91168,-1.92146,0.00188,-1.91882,-1.92442,2.47247,1.00061,13.10297,1.05249,0.34906,0.15707,0.95490,0.00387,6.14002,2.72187,14.79009,1.62284
410,1203.121421098709,3366912,151.07550,3252.90474,120.86908,669.90774,17.18398,515.95375,376.42188,0.03152,0.25386,0.80846,-0.72060,3.94254,0.74358,6.64649,2.21312,25.14966,10.04941,56.12459,6.38322,-38.71584,12.57448,-12.11573,-63.01962,10.08424,5.09707,30.79176,3.22768,278.35531,149.45438,955.11499,46.48552,0.00548,0.01000,0.05770,-0.01934,0.96819,0.04741,1.08030,0.80398,1.01917,0.06642,1.21868,0.82801,1.98693,0.00197,1.99013,1.97423,-4.85908,1.17738,-2.40767,-9.81388,-1.91334,0.00045,-1.91250,-1.91404,0.00882,0.00131,0.01063,0.00633,-1.90711,0.00079,-1.90531,-1.90835,-1.91958,0.00123,-1.91712,-1.92127,2.50588,0.97673,9.99781,1.07263,0.35861,0.15891,0.93954,0.02572,5.97876,2.84912,19.96757,1.61190
420,1203.604587316513,3448832,156.14718,2350.19635,143.04756,669.44457,17.01151,517.04638,386.84375,0.16280,0.36535,1.09384,-0.72648,3.51602,0.70287,6.29846,2.10954,21.85308,9.00895,42.91783,6.35004,-30.85366,13.68981,-7.57846,-58.93323,8.14473,4.20525,25.19985,1.91208,272.54351,138.67369,793.34247,47.74794,0.00609,0.01005,0.06377,-0.01348,0.96131,0.04710,1.09640,0.82741,1.02726,0.06912,1.25573,0.85583,1.98268,0.00269,1.98719,1.96959,-4.99152,1.35980,-2.50970,-11.20913,-1.91127,0.00081,-1.90977,-1.91265,0.00797,0.00136,0.01018,0.00626,-1.90563,0.00169,-1.90335,-1.90815,-1.91691,0.00054,-1.91585,-1.91803,2.37371,0.81503,8.63359,1.04605,0.36524,0.15444,0.95486,0.01777,6.21450,2.85125,19.01739,1.91765
430,1191.5199675559998,3530752,149.01951,2870.58952,134.52804,668.63367,17.11456,505.65677,422.37500,0.00012,0.24392,0.91158,-0.85045,3.49774,0.87696,6.66110,1.69921,20.38812,12.39178,63.82320,4.90194,-33.00352,13.44998,-9.52075,-61.30139,8.28016,4.85251,33.00529,1.68930,282.16596,145.84145,977.46130,50.20676,0.00557,0.00932,0.03175,-0.01820,0.95571,0.04598,1.10877,0.81889,1.02142,0.06629,1.23308,0.83241,1.97675,0.00288,1.98149,1.96566,-5.05966,1.48386,-2.57822,-12.33669,-1.90826,0.00111,-1.90621,-1.90976,0.00893,0.00061,0.00995,0.00794,-1.90195,0.00152,-1.89959,-1.90394,-1.91457,0.00074,-1.91284,-1.91582,2.40993,0.82738,8.15912,1.09601,0.36309,0.15661,0.92372,0.02934,5.88919,2.52975,16.36020,1.49799
440,1107.266560792923,3612672,146.96055,2523.13413,125.00025,671.03433,17.19328,418.95582,387.60938,0.17604,0.32779,0.91244,-0.70615,3.66899,0.63756,5.66519,2.08705,26.32461,9.01339,56.77341,7.57195,-31.92988,13.51321,-8.12329,-63.05552,8.52916,3.88667,30.52133,2.91717,282.39319,141.05645,952.99408,61.23075,0.00594,0.00959,0.04400,-0.01834,0.95303,0.04564,1.10417,0.83249,1.02043,0.06305,1.21917,0.82735,1.96830,0.00303,1.97425,1.95788,-5.06405,1.20889,-3.03909,-9.01785,-1.90405,0.00117,-1.90166,-1.90620,0.00818,0.00096,0.00959,0.00646,-1.89827,0.00075,-1.89634,-1.89957,-1.90984,0.00177,-1.90691,-1.91282,2.40885,0.83854,10.21091,1.02551,0.36324,0.16074,0.96248,0.01644,6.02306,2.46041,15.89472,1.80384
450,1199.825522184372,3694592,132.23973,2746.09782,139.71952,668.91038,17.01967,513.81529,527.29688,-0.16451,0.26316,0.43405,-0.96001,3.63234,0.66869,5.79559,1.95423,21.79718,10.71435,56.54460,5.72558,-33.49411,12.86726,-10.56168,-64.51820,9.02232,4.01389,24.03265,2.00681,262.65839,148.23441,1185.30579,60.10116,0.00523,0.00962,0.04285,-0.01690,0.94244,0.04419,1.09290,0.80192,1.01640,0.06290,1.20259,0.85170,1.95880,0.00346,1.96523,1.94621,-4.95074,1.27293,-2.52564,-9.63713,-1.89937,0.00146,-1.89633,-1.90168,0.00796,0.00072,0.00931,0.00690,-1.89374,0.00190,-1.88975,-1.89634,-1.90499,0.00107,-1.90286,-1.90703,2.34484,0.84027,8.22375,1.04681,0.39016,0.15420,0.93652,0.04516,5.42373,2.15742,14.21846,1.86238
460,1105.2459192276,3776512,155.62227,2865.78200,145.46136,668.73003,17.12265,419.27098,379.00000,-0.04781,0.24197,0.45292,-0.69565,3.46447,0.78513,5.77856,1.99330,24.32975,11.50530,49.30172,6.32233,-30.91688,13.35689,-9.28219,-60.83319,7.43830,3.85066,23.82717,1.93758,257.76000,162.21745,1682.12109,40.22844,0.00491,0.01028,0.06334,-0.01806,0.93002,0.04789,1.07485,0.78514,1.01895,0.06508,1.27280,0.85840,1.95066,0.00282,1.95551,1.93952,-5.08327,1.41331,-2.56887,-12.27358,-1.89531,0.00092,-1.89378,-1.89676,0.01002,0.00093,0.01162,0.00889,-1.88823,0.00150,-1.88558,-1.89042,-1.90239,0.00054,-1.90134,-1.90325,2.31199,0.72472,7.68162,1.02311,0.37912,0.15089,0.97894,0.05697,5.23841,2.16613,24.61087,1.12669
470,1198.7423832416534,3858432,171.89409,3120.50808,162.13532,665.76544,16.97558,515.84049,407.87500,0.07541,0.28839,0.77323,-0.82071,3.47194,0.97438,6.15148,1.67768,21.97284,10.84246,50.00872,5.36391,-31.64275,14.31031,-7.19937,-62.02917,8.48816,5.47224,33.14758,1.59881,261.12342,154.53065,1051.43262,49.87988,0.00445,0.00951,0.03676,-0.02270,0.93743,0.04673,1.07499,0.81476,1.00974,0.06566,1.23069,0.81005,1.94843,0.00217,1.95194,1.93541,-5.02769,1.31440,-2.81507,-10.19275,-1.89411,0.00055,-1.89320,-1.89493,0.00995,0.00079,0.01127,0.00835,-1.88707,0.00049,-1.88633,-1.88832,-1.90114,0.00100,-1.89979,-1.90271,2.27933,0.75067,7.13123,1.05183,0.40675,0.15320,0.95486,0.03469,5.26428,2.26213,17.08210,1.54215
480,1079.7627663612366,3940352,146.69287,3163.42452,154.46597,668.27558,17.03047,394.30228,361.76562,0.20936,0.33479,0.91149,-1.04230,3.59193,0.78304,6.24228,1.92715,23.41064,9.16904,58.80401,6.47823,-30.48288,13.02551,-9.03733,-63.36160,8.28312,4.52244,33.71069,2.66748,287.58196,179.68983,1232.29773,72.43918,0.00354,0.00976,0.04767,-0.01831,0.92349,0.04717,1.03977,0.78841,1.02486,0.06613,1.23725,0.84688,1.94881,0.00228,1.95253,1.92886,-5.05583,1.39918,-2.62202,-12.94483,-1.89439,0.00038,-1.89391,-1.89529,0.00860,0.00052,0.00932,0.00755,-1.88831,0.00039,-1.88763,-1.88922,-1.90047,0.00064,-1.89930,-1.90142,2.20081,0.80588,14.34364,1.03765,0.40831,0.13343,0.94415,0.08519,5.39226,1.93789,12.11792,1.77867
490,1131.4529469013214,4022272,147.41591,2736.27009,148.15839,670.47910,17.07510,443.79184,421.56250,0.15141,0.20176,0.66064,-0.54210,3.46691,0.68126,5.88488,2.11772,22.87289,9.70172,56.39325,6.64319,-30.44085,12.83019,-6.92019,-62.51260,7.73441,4.11865,26.68560,1.95161,301.13106,160.05647,925.06067,48.79718,0.00362,0.00922,0.03882,-0.02037,0.92924,0.04504,1.05808,0.80172,1.02198,0.06474,1.32076,0.83789,1.94652,0.00213,1.94987,1.93403,-4.99023,1.17491,-2.21832,-9.05550,-1.89314,0.00055,-1.89213,-1.89398,0.00698,0.00038,0.00781,0.00620,-1.88820,0.00067,-1.88707,-1.88901,-1.89808,0.00054,-1.89702,-1.89928,2.27967,0.70984,6.83126,1.05300,0.38912,0.15234,0.94780,0.01618,5.38562,2.25450,15.53189,1.72523
500,1171.5267884731293,4104192,136.15210,2973.40276,154.82796,669.40523,17.08612,484.95928,371.96875,0.20676,0.24254,0.93271,-0.58295,3.52100,0.62998,5.62961,1.90072,22.61990,8.69917,50.51697,5.44121,-33.35035,13.00562,-9.94223,-63.71622,8.64920,4.01284,26.19936,2.41327,245.29532,127.58385,1230.95349,45.93204,0.00382,0.00909,0.04237,-0.02417,0.92680,0.04698,1.05395,0.76614,1.01338,0.06545,1.21723,0.82598,1.94131,0.00237,1.94640,1.93233,-5.05129,1.40107,-2.41988,-10.42643,-1.89054,0.00081,-1.88934,-1.89223,0.00594,0.00055,0.00695,0.00492,-1.88634,0.00063,-1.88476,-1.88750,-1.89473,0.00110,-1.89330,-1.89714,2.25166,0.66334,6.09488,1.02376,0.39238,0.14947,0.98044,0.04588,5.25270,2.06443,13.74282,1.47329
510,1125.7691464424133,4186112,126.31322,3237.65576,138.10965,668.72090,17.11715,439.82147,334.12500,0.20626,0.28135,1.10696,-0.46431,3.43158,0.66879,6.13837,2.01775,23.67359,11.00109,56.96076,6.25692,-30.83335,14.45711,-7.24481,-63.48717,7.72404,3.89729,36.47523,2.57200,245.62964,137.75836,1058.89087,38.04802,0.00431,0.01035,0.04259,-0.01531,0.92077,0.04851,1.06026,0.73904,1.01846,0.06626,1.25374,0.84640,1.93635,0.00262,1.94063,1.92053,-4.98889,1.33249,-2.48680,-11.21411,-1.88814,0.00075,-1.88683,-1.88932,0.00692,0.00027,0.00741,0.00633,-1.88324,0.00084,-1.88203,-1.88474,-1.89303,0.00071,-1.89162,-1.89400,2.25029,0.62703,5.55331,1.03878,0.39510,0.14565,0.96892,0.01448,5.52872,2.54270,18.40443,1.54325
520,1031.9455814361572,4268032,125.18408,3524.02956,157.21281,672.51087,17.26499,342.09678,318.45312,0.19642,0.36545,0.98253,-0.75731,3.84604,0.78984,5.99557,2.16072,23.34438,12.25712,51.95198,5.26025,-36.36191,12.14760,-7.91787,-66.24829,9.49143,4.70547,34.00261,2.80895,263.21722,143.83680,968.04541,69.82867,0.00482,0.00897,0.03702,-0.01926,0.90340,0.04640,1.06089,0.77941,1.02746,0.06349,1.23359,0.82963,1.92855,0.00341,1.93642,1.91322,-5.13740,1.39050,-2.76736,-10.40815,-1.88422,0.00137,-1.88241,-1.88733,0.00789,0.00073,0.00900,0.00620,-1.87864,0.00187,-1.87635,-1.88294,-1.88980,0.00088,-1.88847,-1.89174,2.34779,0.86412,12.28253,1.04374,0.37682,0.14532,0.94622,0.07146,5.91907,2.54846,16.84319,1.70630
530,1203.650631904602,4349952,151.99690,2971.65412,142.98105,669.08500,17.09503,517.33685,397.15625,0.34789,0.24840,1.16619,-0.29103,3.64692,0.69604,6.28805,2.13741,23.64699,10.94659,64.25960,6.78803,-33.66423,13.42701,-8.18633,-72.45080,8.45794,4.40989,35.61694,2.73521,283.34484,164.53825,1084.19568,64.97516,0.00396,0.00962,0.06715,-0.01814,0.90704,0.04811,1.04227,0.76322,1.01637,0.06648,1.28051,0.82657,1.92086,0.00353,1.92791,1.91005,-4.98669,1.32301,-2.13092,-9.87817,-1.88035,0.00145,-1.87753,-1.88298,0.00698,0.00075,0.00835,0.00595,-1.87541,0.00111,-1.87287,-1.87738,-1.88529,0.00189,-1.88218,-1.88876,2.27469,0.71215,6.27560,1.04074,0.40395,0.15065,0.96606,0.02940,5.41263,2.40442,17.37037,1.67043
540,1203.7527697086334,4431872,157.49328,3187.01977,164.66026,670.50033,17.19616,515.97155,416.71875,0.01679,0.30254,0.89802,-0.78939,3.96071,0.79627,6.28944,1.91812,25.34163,9.95898,54.17409,8.36996,-36.13107,14.01985,-9.07794,-62.27996,10.01105,5.42317,36.89814,2.41411,288.01064,162.02717,1447.81116,59.98024,0.00455,0.01006,0.04771,-0.01816,0.89522,0.04488,1.03985,0.76064,1.01168,0.06074,1.19454,0.85257,1.91494,0.00228,1.91840,1.90104,-4.83131,1.08611,-2.43131,-8.60787,-1.87742,0.00038,-1.87679,-1.87819,0.00722,0.00051,0.00854,0.00646,-1.87231,0.00068,-1.87086,-1.87340,-1.88252,0.00029,-1.88198,-1.88314,2.36370,0.76771,5.83390,1.04014,0.36714,0.15688,0.96243,0.01111,5.87877,2.50375,17.18631,1.48853
550,1200.1837215423584,4513792,175.65510,2906.77494,166.07955,669.35826,17.04393,513.59753,415.43750,0.04616,0.21804,0.54123,-0.61046,3.64760,0.77528,5.96388,1.76749,24.31086,10.76993,58.63804,5.54449,-31.64479,12.64235,-9.68795,-64.76368,8.95838,4.59820,31.20448,1.91463,260.55544,154.06910,1058.02295,53.50742,0.00422,0.01056,0.05806,-0.02249,0.89069,0.04224,0.99756,0.75412,1.01581,0.05901,1.20494,0.87400,1.90871,0.00345,1.91586,1.89805,-4.92236,1.15577,-2.80979,-9.00618,-1.87429,0.00142,-1.87206,-1.87691,0.00884,0.00066,0.00994,0.00775,-1.86804,0.00183,-1.86515,-1.87087,-1.88054,0.00104,-1.87874,-1.88295,2.35406,0.73897,7.55129,1.04532,0.37338,0.15571,0.95365,0.02872,5.62713,2.24866,14.85699,1.95522
560,1200.7763047218323,4595712,158.64163,3332.00885,150.32081,668.25326,17.07946,515.31816,411.93750,0.31346,0.28563,1.11292,-0.56872,4.15849,0.72142,7.05618,2.18860,28.89075,10.18862,57.87880,8.10140,-36.55547,12.07288,-9.04104,-64.45460,10.77660,5.15275,31.51600,2.81095,319.65767,173.23354,1140.91260,59.67694,0.00394,0.00973,0.03715,-0.01799,0.88367,0.04448,1.00305,0.76900,1.01807,0.06377,1.21548,0.84476,1.90163,0.00270,1.90683,1.88957,-5.08165,1.25990,-2.81186,-9.63714,-1.87078,0.00092,-1.86942,-1.87262,0.00926,0.00054,0.01009,0.00817,-1.86423,0.00097,-1.86286,-1.86657,-1.87733,0.00102,-1.87526,-1.87872,2.35647,0.75500,6.25961,1.05042,0.38349,0.14480,0.96305,0.04150,5.52137,2.28577,15.59243,1.73522
570,1156.8213438987732,4677632,168.80447,3266.91083,159.71035,667.68313,17.12515,471.93177,404.39062,0.28832,0.25055,0.99044,-0.46290,4.02575,0.70935,6.53713,2.12221,27.21661,11.38785,55.20176,6.55478,-36.32081,14.12113,-9.25606,-68.13355,9.92972,5.11439,39.42933,2.25405,292.61968,158.16906,1147.17700,63.99586,0.00525,0.00984,0.03869,-0.01923,0.87623,0.04576,1.00846,0.75494,1.02221,0.06440,1.23137,0.87182,1.89776,0.00242,1.90172,1.88674,-5.06752,1.35012,-2.24039,-9.83090,-1.86882,0.00069,-1.86767,-1.86982,0.00928,0.00042,0.01002,0.00850,-1.86226,0.00087,-1.86059,-1.86347,-1.87538,0.00060,-1.87443,-1.87647,2.35096,0.69720,6.24822,1.02805,0.37914,0.15142,0.96781,0.08420,5.88382,2.50428,16.40126,1.55355
580,1181.81973862648,4759552,177.72408,3477.68761,138.28933,669.33637,17.09459,495.27840,423.98438,0.23778,0.31613,1.11404,-0.51763,4.07080,0.73331,6.47071,1.77554,26.52085,11.48973,51.53087,4.67547,-38.36353,13.45104,-8.64849,-66.73566,10.68513,4.90023,31.82672,2.53387,276.22623,136.87852,1256.18420,66.59499,0.00368,0.00983,0.04811,-0.01732,0.87473,0.04417,1.00922,0.74641,1.02541,0.06079,1.21149,0.85076,1.89578,0.00187,1.89934,1.88645,-5.20635,1.30250,-2.67771,-10.77327,-1.86780,0.00038,-1.86709,-1.86872,0.00848,0.00051,0.01000,0.00766,-1.86181,0.00032,-1.86059,-1.86227,-1.87379,0.00067,-1.87286,-1.87523,2.23199,0.64604,6.70573,1.03040,0.38471,0.15504,0.97536,0.00015,5.65654,2.43963,21.05404,1.30069
590,1105.1183700561523,4841472,157.83652,3411.69154,129.71046,668.21201,17.03100,419.80214,387.46875,0.14459,0.28095,0.81881,-0.83382,3.96356,0.92083,6.76415,2.25361,26.75795,11.24835,56.84830,7.32241,-37.33068,14.57673,-10.30684,-65.72721,11.13313,6.19053,39.04852,2.65110,286.72151,155.62784,1247.98560,62.75614,0.00466,0.00982,0.05058,-0.01934,0.87013,0.04514,0.99779,0.71699,1.02045,0.06039,1.22725,0.85868,1.89146,0.00243,1.89598,1.87848,-4.96880,1.23565,-2.42564,-10.38655,-1.86572,0.00054,-1.86508,-1.86707,0.00889,0.00092,0.01033,0.00759,-1.85943,0.00115,-1.85778,-1.86128,-1.87201,0.00033,-1.87131,-1.87285,2.29216,0.66241,6.35969,1.03061,0.38430,0.15487,0.96685,0.01681,5.63874,2.31845,14.23111,1.54286
600,1090.1455159187317,4923392,159.73609,3066.02602,142.59390,669.58655,17.07237,403.40025,394.46875,0.19383,0.25711,0.96070,-0.56261,3.75702,0.61052,6.45331,1.88189,22.64409,8.96365,43.51353,4.91080,-35.04727,12.75272,-9.44875,-64.57758,9.50809,4.42380,28.43336,2.74515,272.17223,146.50713,899.64734,70.84622,0.00358,0.01085,0.06237,-0.01909,0.86174,0.04833,0.98519,0.72253,1.02260,0.06533,1.26575,0.82333,1.88610,0.00350,1.89291,1.87558,-5.13315,1.32624,-2.26948,-11.30345,-1.86301,0.00152,-1.86115,-1.86540,0.00876,0.00067,0.01002,0.00745,-1.85682,0.00123,-1.85495,-1.85857,-1.86920,0.00188,-1.86729,-1.87248,2.29290,0.77896,10.74724,1.04047,0.39242,0.15215,0.95815,0.01240,5.51734,2.23875,13.92544,1.66582
610,1155.2192816734314,5005312,140.54616,3399.85234,161.61319,668.47605,17.06458,469.60965,361.51562,0.14975,0.24004,0.95306,-0.59877,3.61896,0.93985,6.96676,1.74062,23.69280,11.69604,51.62461,5.76924,-34.34105,14.20358,-9.37631,-69.30136,9.37922,6.03267,42.40906,2.20474,297.78725,214.37923,1316.22949,42.49493,0.00355,0.01015,0.04106,-0.01903,0.86422,0.04766,1.01570,0.67075,1.01708,0.06367,1.25941,0.83724,1.87893,0.00349,1.88502,1.86544,-5.17170,1.29689,-2.52871,-9.95480,-1.85942,0.00135,-1.85691,-1.86147,0.00820,0.00043,0.00913,0.00723,-1.85362,0.00157,-1.85045,-1.85583,-1.86522,0.00117,-1.86324,-1.86756,2.24040,0.61109,4.88561,1.06653,0.38838,0.15309,0.95134,0.02496,5.65611,2.31652,17.95123,1.79682
620,1198.2252099514008,5087232,168.77224,3143.82780,158.13386,665.40446,17.19695,515.54125,491.59375,0.05106,0.27456,0.81417,-0.64479,3.73534,0.77280,5.83641,2.16505,24.58553,12.20046,57.24578,6.44197,-33.86261,12.93268,-10.37597,-67.90353,8.87300,4.49339,28.01251,2.76821,249.86791,132.25030,909.29785,57.21432,0.00403,0.00966,0.04630,-0.01723,0.85010,0.04432,0.98792,0.71998,1.02327,0.06533,1.31916,0.82854,1.87413,0.00235,1.87774,1.86381,-5.24333,1.48450,-2.52848,-11.33818,-1.85699,0.00072,-1.85535,-1.85793,0.00992,0.00046,0.01045,0.00898,-1.84997,0.00080,-1.84850,-1.85122,-1.86400,0.00077,-1.86199,-1.86488,2.33768,0.74231,7.17128,1.02800,0.39656,0.15878,0.97498,0.04575,5.58440,2.29626,17.74600,1.58216
630,1147.4980001449585,5169152,154.78844,3365.11848,128.62245,669.69997,17.04907,460.66283,402.64062,0.17149,0.32200,1.19710,-0.74472,3.95522,0.68314,6.47629,2.31236,24.74327,9.34552,54.05531,8.02293,-37.76686,12.25409,-9.74674,-62.66700,10.72520,5.05809,30.16613,3.11748,283.69185,165.94762,1262.71985,60.66800,0.00348,0.00986,0.07018,-0.01689,0.84900,0.04896,0.99523,0.70647,1.02418,0.06485,1.21991,0.86197,1.86949,0.00208,1.87278,1.85830,-5.12788,1.23825,-2.70789,-9.27087,-1.85468,0.00028,-1.85417,-1.85539,0.00953,0.00051,0.01058,0.00871,-1.84794,0.00048,-1.84694,-1.84886,-1.86141,0.00042,-1.86060,-1.86208,2.39984,0.83639,9.22943,1.03624,0.38505,0.15719,0.95684,0.05155,5.52048,2.43561,28.13629,2.08269
640,1201.0166635513306,5251072,151.05642,2808.46235,136.16502,667.34821,17.13717,516.45684,443.76562,0.05383,0.28409,0.93824,-0.69301,3.81973,1.00092,7.21381,2.07699,24.32409,12.56539,63.54910,5.55278,-35.29684,14.89224,-9.23524,-74.69808,9.90869,6.68416,40.92577,2.08594,262.02823,154.36108,1118.63940,49.94940,0.00352,0.01051,0.06214,-0.02029,0.84378,0.04705,0.95238,0.68783,1.02062,0.06353,1.29530,0.86145,1.86500,0.00265,1.87075,1.85182,-5.07427,1.31214,-2.71838,-10.44421,-1.85243,0.00083,-1.85131,-1.85439,0.01090,0.00078,0.01215,0.00921,-1.84472,0.00106,-1.84348,-1.84788,-1.86014,0.00093,-1.85834,-1.86139,2.32027,0.69572,5.29438,1.03210,0.38000,0.15206,0.97134,0.00018,5.51415,2.33670,17.75621,1.75704
650,1203.157612323761,5332992,185.68081,2475.14193,134.99819,669.12003,17.06747,516.89526,470.43750,0.16767,0.33096,1.12683,-0.78777,3.61609,0.88097,7.02073,1.94195,21.81282,8.17235,39.27817,8.05976,-32.84375,15.97067,-9.14284,-71.03977,8.68601,5.58926,39.47632,2.09356,235.23139,124.54516,1098.48547,39.09095,0.00264,0.00913,0.03631,-0.02164,0.84726,0.04399,0.97115,0.70606,1.00654,0.06040,1.18247,0.84170,1.86035,0.00268,1.86472,1.84601,-4.85667,1.16289,-2.40158,-8.99311,-1.85014,0.00062,-1.84914,-1.85144,0.01049,0.00035,0.01125,0.01003,-1.84273,0.00076,-1.84140,-1.84430,-1.85756,0.00057,-1.85668,-1.85860,2.21317,0.60192,5.01861,1.04205,0.40114,0.14944,0.96285,0.03950,5.44061,2.14016,14.25754,1.70541
660,1221.4343440532684,5414912,154.11742,2234.62580,172.93724,668.23126,17.09455,536.03247,470.43750,0.09652,0.22670,0.62181,-0.69305,3.66253,0.75210,6.31854,1.99009,21.91323,10.60018,65.11193,6.10842,-36.71383,13.08335,-10.29505,-73.58731,8.57775,4.60014,33.18478,2.29795,251.19939,133.79976,990.32831,50.62449,0.00263,0.00994,0.05130,-0.01940,0.84338,0.04510,0.95760,0.71036,1.01758,0.06441,1.23552,0.84072,1.85981,0.00205,1.86320,1.84731,-5.13767,1.30730,-2.86215,-9.14870,-1.84983,0.00036,-1.84895,-1.85063,0.01138,0.00088,0.01305,0.01048,-1.84179,0.00080,-1.83990,-1.84316,-1.85788,0.00063,-1.85691,-1.85893,2.36446,0.91376,10.50430,1.02749,0.38708,0.14650,0.97701,0.04838,5.40952,2.19410,21.94898,1.40325
670,1199.3536114692688,5496832,154.72490,3069.09954,137.67139,668.14857,17.00864,514.09173,562.71875,0.11742,0.28037,0.67621,-0.86286,3.99027,0.78394,6.47242,1.94672,27.72370,11.21238,62.59158,4.70930,-36.67291,14.90276,-9.31753,-70.77706,10.45427,5.42880,33.45132,2.65469,280.01064,166.11986,1181.49072,60.71056,0.00300,0.00979,0.07802,-0.02205,0.83901,0.04719,1.00098,0.64367,1.02071,0.06348,1.20503,0.84664,1.85437,0.00366,1.86044,1.84082,-5.18120,1.39691,-2.69625,-10.28069,-1.84714,0.00159,-1.84494,-1.84926,0.01210,0.00056,0.01301,0.01100,-1.83859,0.00126,-1.83687,-1.84022,-1.85569,0.00194,-1.85278,-1.85831,2.30230,0.70119,6.62077,1.02814,0.38468,0.15673,0.96347,0.02911,5.22381,2.02443,17.20060,1.83039
680,1198.7253823280334,5578752,170.18958,2446.60640,134.15266,667.47601,17.01672,514.12947,491.65625,0.07145,0.22102,0.67666,-1.16103,3.57998,0.78716,6.30490,2.06676,20.72045,9.10792,50.97175,5.17315,-38.55120,15.01211,-9.80498,-70.60909,8.61977,4.74832,28.77350,1.86444,247.25913,120.63430,958.43390,66.09282,0.00371,0.01002,0.08171,-0.01793,0.83420,0.04899,0.97217,0.64921,1.01535,0.06467,1.26087,0.82744,1.84887,0.00201,1.85225,1.83881,-5.06198,1.19230,-2.29135,-10.22635,-1.84434,0.00035,-1.84391,-1.84511,0.01105,0.00042,0.01176,0.01026,-1.83652,0.00059,-1.83579,-1.83784,-1.85215,0.00027,-1.85164,-1.85277,2.32544,0.85215,7.32691,1.02913,0.39275,0.16168,0.96178,0.06690,5.71694,2.81762,24.50367,1.54586
690,1136.8959729671478,5660672,179.62169,2804.78786,149.18146,669.87723,17.17422,449.73405,425.51562,0.14133,0.26625,0.95603,-0.51229,3.96780,0.71861,7.16693,2.36359,27.93145,10.35392,58.64632,7.68287,-36.07261,13.89660,-10.15435,-69.21047,10.06645,5.24591,39.18517,3.04524,283.62642,156.64339,1014.99078,64.21802,0.00292,0.00958,0.03650,-0.01934,0.82843,0.04473,0.96810,0.69833,1.01961,0.06408,1.28318,0.83809,1.84414,0.00310,1.85007,1.83027,-5.19425,1.35556,-2.82996,-11.81915,-1.84195,0.00116,-1.83990,-1.84410,0.01116,0.00042,0.01195,0.01061,-1.83406,0.00116,-1.83224,-1.83614,-1.84984,0.00124,-1.84756,-1.85244,2.37722,0.81043,6.67232,1.02520,0.37854,0.15413,0.97774,0.05887,5.64421,2.29683,14.72777,1.60292
700,1088.8412256240845,5742592,150.62536,2865.26740,159.07039,667.20495,16.95291,404.61313,357.73438,0.09569,0.20697,0.68014,-0.60593,3.61363,0.85405,6.33552,2.01642,22.41602,11.79342,59.02482,6.19380,-36.77213,14.96019,-8.09532,-64.88078,9.06673,5.16143,33.84544,2.41723,228.49348,123.98764,904.16223,38.82104,0.00181,0.00905,0.04547,-0.01988,0.83161,0.04161,0.94163,0.68999,1.00440,0.06048,1.19285,0.82176,1.83901,0.00220,1.84230,1.82796,-4.99074,1.18983,-2.58061,-8.62889,-1.83949,0.00046,-1.83858,-1.84015,0.01116,0.00028,0.01160,0.01033,-1.83160,0.00044,-1.83039,-1.83225,-1.84738,0.00055,-1.84622,-1.84821,2.21132,0.89069,13.34585,1.04810,0.40841,0.16565,0.95558,0.01858,5.33026,2.19149,16.30731,1.48772
710,1200.65061211586,5824512,140.70352,3176.61184,138.60977,669.09436,17.20134,514.27902,375.76562,0.18741,0.26482,0.94819,-0.44921,3.90088,0.68387,5.84869,2.26827,27.75523,10.34219,62.61899,8.42169,-38.71537,13.96000,-9.84886,-67.50164,10.38264,4.87900,27.59051,3.12792,305.62804,160.81565,1030.38953,60.32956,0.00280,0.01047,0.04888,-0.02013,0.81685,0.04558,0.95401,0.67995,1.03086,0.06385,1.23998,0.86919,1.83871,0.00207,1.84223,1.82647,-5.35086,1.58025,-2.55814,-14.40679,-1.83923,0.00050,-1.83864,-1.84015,0.01088,0.00021,0.01127,0.01029,-1.83154,0.00049,-1.83070,-1.83245,-1.84692,0.00054,-1.84620,-1.84796,2.25483,0.68434,6.11381,1.02828,0.38318,0.15302,0.96645,0.03485,5.84939,2.44356,17.93196,1.68609
720,1163.453845024109,5906432,135.85465,3617.41229,175.53848,668.43201,17.12764,477.78071,416.01562,0.10955,0.39945,1.01623,-0.95523,3.97995,0.94190,6.89273,2.12446,25.78038,10.08062,61.00449,6.70623,-37.06603,15.62774,-6.22824,-73.10370,10.10185,5.95126,44.22595,1.91111,316.66794,208.78855,1422.22437,53.13586,0.00359,0.00955,0.03961,-0.02146,0.82883,0.05029,0.98760,0.67170,1.01200,0.06742,1.22074,0.82238,1.83716,0.00213,1.84028,1.82605,-5.01828,1.32057,-2.60047,-9.91304,-1.83848,0.00038,-1.83790,-1.83918,0.01050,0.00021,0.01090,0.01014,-1.83105,0.00044,-1.83029,-1.83184,-1.84590,0.00037,-1.84539,-1.84668,2.37033,0.90380,8.68435,1.02096,0.37919,0.16058,0.96958,0.02545,6.21284,2.58261,17.64410,2.06028
730,1124.043032169342,5988352,191.19028,3381.51628,160.67477,667.66663,17.17630,439.12562,371.06250,0.06970,0.29757,0.89696,-0.88436,3.96382,0.82567,7.78793,2.13030,25.57966,10.71501,53.18441,6.26379,-36.15873,15.20624,-9.42061,-71.04276,10.08133,5.80558,61.31546,2.51603,286.23643,161.43213,1132.54321,53.03645,0.00293,0.01016,0.04841,-0.02146,0.82315,0.04380,0.93944,0.70643,1.01537,0.06370,1.29171,0.81885,1.83384,0.00243,1.83840,1.82543,-5.12653,1.23977,-2.79496,-10.10903,-1.83681,0.00079,-1.83557,-1.83823,0.01070,0.00036,0.01155,0.01026,-1.82925,0.00102,-1.82775,-1.83086,-1.84438,0.00058,-1.84337,-1.84560,2.32529,1.07209,19.49207,1.03148,0.38900,0.15467,0.96604,0.01407,6.20221,2.45187,17.64941,1.90568
740,1170.945723772049,6070272,172.35571,3656.04379,154.41079,665.43490,17.20499,488.23712,407.15625,0.09003,0.22571,0.73104,-0.60566,3.94785,0.77220,7.08443,2.25985,30.22133,11.47022,62.88238,8.98411,-35.12630,13.66290,-8.71621,-69.93367,9.85098,5.47372,35.49094,2.25296,292.94083,165.32831,1110.70264,51.44160,0.00417,0.00956,0.04407,-0.01798,0.81419,0.04743,0.95294,0.63844,1.01599,0.06351,1.21718,0.84171,1.82914,0.00320,1.83444,1.81332,-5.02140,1.18855,-2.77818,-9.62605,-1.83445,0.00129,-1.83208,-1.83618,0.01076,0.00031,0.01132,0.01022,-1.82684,0.00115,-1.82468,-1.82853,-1.84206,0.00146,-1.83949,-1.84387,2.45689,1.28260,15.79300,1.03865,0.36798,0.15907,0.95930,0.04750,6.44555,2.72050,18.57247,1.47930
750,1201.8626766204834,6152192,194.69784,2586.39438,136.29484,667.36930,17.17320,517.12612,540.45312,0.15993,0.24134,0.86980,-0.65520,3.64629,0.77439,6.59612,1.97928,26.08500,11.23121,69.74854,5.24976,-35.82829,13.78615,-10.22434,-67.86861,9.23270,5.20195,32.57653,2.19732,238.53462,134.88535,977.63660,46.11547,0.00314,0.00884,0.04094,-0.01698,0.81618,0.04088,0.96396,0.69662,1.00406,0.05997,1.19996,0.83186,1.82252,0.00244,1.82583,1.81210,-4.92840,1.28978,-2.61877,-11.05193,-1.83115,0.00084,-1.82920,-1.83207,0.01125,0.00047,0.01195,0.01048,-1.82320,0.00111,-1.82112,-1.82466,-1.83911,0.00063,-1.83728,-1.83983,2.28518,0.74407,6.84605,1.04058,0.38313,0.15694,0.95637,0.04799,5.87666,2.43277,16.00785,2.10963
760,1172.4124767780304,6234112,144.98946,3054.83705,136.54469,670.23314,17.11473,484.94819,398.25000,0.08493,0.28410,0.94745,-0.74203,3.89582,0.81342,6.23590,2.08873,27.24733,12.85949,63.40653,6.15142,-35.71401,14.14460,-8.06648,-66.66854,10.16772,5.08309,32.24924,2.23123,265.83955,162.97527,1312.55469,51.86969,0.00370,0.00980,0.03980,-0.01867,0.79927,0.04731,0.92221,0.66320,1.02153,0.06499,1.23960,0.85244,1.81644,0.00248,1.82082,1.80509,-5.10038,1.32057,-2.76879,-11.71014,-1.82816,0.00074,-1.82701,-1.82941,0.01106,0.00045,0.01186,0.01028,-1.82034,0.00049,-1.81947,-1.82136,-1.83598,0.00104,-1.83432,-1.83745,2.32097,0.90028,10.46427,1.03763,0.39219,0.15348,0.97746,0.05828,6.71467,2.79251,20.15038,1.82190
770,1200.3035111427307,6316032,181.02483,2244.56702,174.56025,666.84121,17.06881,516.32344,436.60938,0.26912,0.18715,0.83906,-0.21941,3.45378,0.76418,6.29849,1.94968,27.23917,11.14256,57.50315,6.36233,-31.02671,13.88082,-9.31234,-69.24702,8.12417,5.14600,32.37075,1.81675,214.11998,129.23655,852.31219,41.45171,0.00271,0.00948,0.03881,-0.01823,0.79606,0.04268,0.92402,0.65682,1.01843,0.06529,1.28207,0.86106,1.81219,0.00246,1.81669,1.79721,-5.25096,1.49122,-2.74506,-14.04308,-1.82607,0.00075,-1.82512,-1.82739,0.01153,0.00088,0.01273,0.01032,-1.81791,0.00127,-1.81621,-1.81968,-1.83422,0.00053,-1.83332,-1.83509,2.22007,0.63676,5.38888,1.03312,0.39176,0.16036,0.97466,0.03475,6.34157,2.82450,20.66995,1.83981
780,1201.6028227806091,6397952,156.47833,2563.10615,140.78280,668.74245,17.11615,515.67297,488.92188,0.03415,0.29847,0.81449,-0.86671,4.10081,0.89038,6.41548,1.81105,27.32617,10.65747,55.80161,6.60544,-40.45083,13.27687,-9.86150,-68.23098,10.65637,6.29727,39.70679,2.43800,265.10238,173.57818,1786.44580,51.26692,0.00406,0.01065,0.05486,-0.02052,0.79416,0.04360,0.93938,0.65110,1.00836,0.05992,1.17413,0.82302,1.80933,0.00298,1.81504,1.79162,-5.00766,1.29692,-2.58088,-10.23388,-1.82463,0.00098,-1.82352,-1.82649,0.01236,0.00040,0.01320,0.01172,-1.81589,0.00121,-1.81421,-1.81788,-1.83337,0.00078,-1.83231,-1.83511,2.37496,0.85964,8.32479,1.02408,0.37417,0.16132,0.96388,0.03285,6.32058,2.72540,20.15853,1.79176
790,1197.652497291565,6479872,211.47174,2376.64052,134.92112,669.50709,17.13043,510.83349,457.17188,0.04813,0.21524,0.76171,-0.82024,3.57272,0.96123,6.76115,1.78788,25.54392,11.83981,59.12142,5.71113,-31.56018,14.18865,-8.55324,-67.51167,8.23407,6.05989,38.82488,1.80967,238.74134,165.24853,1270.39380,40.10886,0.00487,0.01131,0.11205,-0.01684,0.78631,0.04463,0.91734,0.65313,1.02608,0.06280,1.22861,0.87337,1.80600,0.00221,1.80922,1.79595,-5.24432,1.23655,-2.52412,-9.27797,-1.82293,0.00057,-1.82164,-1.82365,0.01300,0.00021,0.01342,0.01264,-1.81374,0.00054,-1.81254,-1.81438,-1.83212,0.00063,-1.83069,-1.83301,2.55810,1.41863,21.58837,1.04279,0.35227,0.16929,0.95257,0.00138,6.97310,3.55236,50.68306,2.00922
800,1199.3005459308624,6561792,184.54582,2922.98948,153.28091,667.39519,17.11848,514.69279,478.96875,0.13063,0.43170,1.28570,-0.90035,4.11260,0.98828,7.30780,2.07680,27.74381,12.01972,57.13679,8.14198,-36.30489,15.10326,-9.00219,-69.37066,11.01641,6.89386,48.01335,1.97642,281.53815,170.53232,1160.77563,35.04513,0.00414,0.02287,0.44940,-0.01800,0.78694,0.04295,0.88819,0.65131,1.01559,0.05841,1.21279,0.86823,1.80095,0.00243,1.80542,1.78770,-5.19508,1.28070,-2.46616,-11.01831,-1.82044,0.00072,-1.81944,-1.82173,0.01331,0.00046,0.01423,0.01260,-1.81103,0.00099,-1.80966,-1.81276,-1.82985,0.00050,-1.82886,-1.83070,2.42066,1.46796,26.27236,1.02468,0.36725,0.17496,0.97441,0.00054,6.62547,2.83676,34.44536,2.02742
810,1201.43954205513,6643712,183.58499,3156.40714,150.28091,667.38419,17.13317,516.74126,547.46875,0.18994,0.24477,0.93285,-0.57235,3.85334,0.82570,6.50046,2.24786,29.54828,12.57687,67.45792,6.85436,-35.97733,14.78810,-7.66433,-75.57674,9.30104,5.03216,33.50406,2.67694,289.83567,196.47804,1769.07336,67.93195,0.00238,0.00949,0.05382,-0.01823,0.78728,0.04701,0.93066,0.65889,1.01100,0.06670,1.26623,0.79222,1.79692,0.00231,1.80077,1.78612,-5.23598,1.42837,-2.55341,-10.46416,-1.81831,0.00072,-1.81722,-1.81943,0.01306,0.00038,0.01365,0.01241,-1.80908,0.00055,-1.80825,-1.80999,-1.82755,0.00093,-1.82612,-1.82897,2.25337,0.79529,9.12411,1.03940,0.41035,0.16388,0.96450,0.06222,6.08421,2.31198,17.36068,2.00233
820,1203.9953124523163,6725632,199.01410,2704.34893,161.65538,671.07545,17.17017,515.57857,528.40625,0.00474,0.30277,0.71214,-0.97674,4.27080,1.12278,8.08392,1.66753,27.58781,9.57594,60.97422,7.15097,-41.45358,17.57675,-8.03589,-77.68921,13.23662,8.75694,60.92757,2.05452,305.33303,179.17573,1394.93359,39.97105,0.00299,0.00970,0.04711,-0.02617,0.77751,0.04804,0.90039,0.59572,1.01729,0.06749,1.25969,0.82069,1.79401,0.00301,1.79829,1.78177,-5.12604,1.33864,-2.43358,-10.73923,-1.81697,0.00103,-1.81514,-1.81811,0.01149,0.00129,0.01342,0.00919,-1.80884,0.00035,-1.80834,-1.80962,-1.82510,0.00191,-1.82168,-1.82746,2.37970,0.83726,9.34110,1.03194,0.36246,0.16642,0.96554,0.01854,6.36013,2.68961,16.91161,1.48614
830,1205.2512292861938,6807552,175.34579,3481.92888,183.56295,670.57998,17.11360,517.45211,443.01562,0.07796,0.21293,0.65258,-0.58320,4.29376,0.77956,6.73731,2.71929,27.16253,9.67648,57.92223,7.41522,-42.22231,14.80045,-11.27530,-70.36411,12.77569,6.21340,45.57729,3.43232,306.93432,192.65618,1652.94824,67.34807,0.00315,0.00963,0.03727,-0.01742,0.77107,0.04570,0.91650,0.63778,1.02428,0.06850,1.27685,0.84721,1.78867,0.00297,1.79306,1.77305,-5.33804,1.42507,-3.02055,-14.22377,-1.81428,0.00103,-1.81214,-1.81550,0.00838,0.00079,0.00935,0.00732,-1.80836,0.00055,-1.80683,-1.80900,-1.82021,0.00157,-1.81746,-1.82208,2.41409,0.80111,6.70179,1.03698,0.36575,0.15653,0.96669,0.01337,6.45551,2.45178,17.69302,2.34136
840,1206.1972119808197,6889472,180.03371,3106.07775,183.19743,671.81619,17.07006,517.13389,524.60938,0.16254,0.20687,0.81219,-0.42548,3.82569,1.01468,7.22139,1.74939,27.31159,14.06654,65.17651,6.22237,-38.57822,15.92400,-8.00592,-72.45741,9.90295,6.37446,38.30740,2.00284,274.84881,169.76864,1227.90283,55.55939,0.00337,0.00954,0.03949,-0.02578,0.76691,0.04492,0.89072,0.63766,1.01521,0.06637,1.22831,0.81061,1.78162,0.00239,1.78631,1.76684,-5.19431,1.21377,-2.69581,-10.19293,-1.81072,0.00074,-1.80940,-1.81214,0.00841,0.00036,0.00896,0.00752,-1.80478,0.00094,-1.80313,-1.80682,-1.81667,0.00057,-1.81563,-1.81746,2.36668,1.07298,15.01107,1.04652,0.36786,0.16523,0.95790,0.00730,6.51439,2.62666,18.21187,2.17569
850,1205.384886264801,6971392,167.73109,3954.44051,161.60103,671.69223,17.04036,516.57358,457.87500,-0.03243,0.35681,1.08062,-1.04904,4.40100,0.95311,8.27515,2.44084,28.94582,11.99495,64.62857,6.92065,-40.61550,15.83869,-8.84286,-77.89422,12.66342,7.21561,44.06174,3.31955,304.37301,168.60501,1199.85596,60.30344,0.00229,0.00924,0.03485,-0.02358,0.76439,0.04652,0.88519,0.62776,1.01062,0.06589,1.21590,0.82791,1.77872,0.00220,1.78148,1.76143,-5.12577,1.32123,-2.59040,-9.63605,-1.80929,0.00039,-1.80790,-1.80975,0.00947,0.00033,0.01000,0.00881,-1.80260,0.00041,-1.80154,-1.80319,-1.81599,0.00050,-1.81425,-1.81675,2.30878,0.75874,6.19929,1.04116,0.36749,0.17183,0.95227,0.00118,6.61330,2.53138,18.35831,2.05759
860,1203.0404064655304,7053312,213.27965,3720.05561,169.88663,669.68312,17.17044,515.99675,539.15625,0.08530,0.29213,1.22435,-1.11067,4.19512,0.90975,6.77932,2.06306,26.63947,11.58760,65.35197,6.49392,-39.29931,14.27677,-12.29489,-73.41376,12.37069,6.81692,43.55531,2.36255,247.37534,137.08076,1117.33948,53.53207,0.00320,0.00883,0.03743,-0.02035,0.75689,0.04306,0.91178,0.64026,1.02522,0.06206,1.24242,0.88221,1.77359,0.00231,1.77777,1.76195,-5.25511,1.50781,-2.69034,-14.79825,-1.80675,0.00057,-1.80581,-1.80789,0.00993,0.00067,0.01140,0.00893,-1.79972,0.00094,-1.79776,-1.80154,-1.81377,0.00046,-1.81280,-1.81433,2.46675,2.66530,56.56330,1.02812,0.35305,0.19080,0.96129,0.00031,7.03211,2.94331,22.63977,2.57143
870,1203.7575492858887,7135232,182.07196,2966.19080,146.14648,670.07002,17.13783,516.44260,559.06250,0.04343,0.27045,1.07455,-1.01142,3.90118,0.97441,6.80761,1.65882,26.23559,11.36893,58.50063,6.15894,-36.05718,14.47411,-6.49386,-76.38682,10.22982,6.15424,37.02516,1.86453,265.74105,178.96346,1206.55811,53.03434,0.00247,0.00972,0.03755,-0.02025,0.75297,0.04673,0.90562,0.59354,1.01833,0.06421,1.21864,0.84520,1.76870,0.00264,1.77319,1.75412,-5.19412,1.27754,-2.90303,-10.30521,-1.80435,0.00078,-1.80292,-1.80580,0.01160,0.00037,0.01227,0.01085,-1.79615,0.00062,-1.79522,-1.79774,-1.81255,0.00098,-1.81061,-1.81385,2.40694,1.02716,12.10635,1.03747,0.35976,0.17287,0.95615,0.00073,6.69283,2.79601,24.06643,2.14006
880,1201.2413761615753,7217152,204.31816,2956.22924,165.14715,669.55435,17.10279,514.50985,557.71875,0.14427,0.30352,1.22016,-0.66977,3.86273,0.84662,6.06091,1.69906,24.98198,11.68844,69.51060,4.62060,-36.45048,15.72831,-9.20155,-72.30953,10.05962,5.29817,32.35254,1.83783,249.07998,154.02279,1202.30652,42.84728,0.00279,0.00902,0.03675,-0.01749,0.75411,0.04534,0.90223,0.61789,1.00870,0.06301,1.18488,0.85679,1.76429,0.00222,1.76771,1.75256,-5.03878,1.20672,-2.81506,-12.83637,-1.80202,0.00061,-1.80064,-1.80291,0.01134,0.00016,0.01155,0.01086,-1.79400,0.00063,-1.79265,-1.79522,-1.81004,0.00062,-1.80863,-1.81081,2.34925,0.82092,10.12887,1.02158,0.35253,0.16645,0.97728,0.00007,6.39000,2.58820,20.24931,1.80342
890,1200.5062265396118,7299072,177.31471,3353.95127,159.68148,667.01270,17.03093,516.34906,492.20312,0.12571,0.25193,0.88489,-0.50795,4.03089,0.88770,7.13526,1.96160,27.12101,11.11781,62.62700,8.36440,-39.25846,14.83465,-9.90633,-72.18226,11.60663,6.26777,46.59865,2.34639,261.62004,139.97822,1088.39722,63.66428,0.00280,0.00947,0.04048,-0.01823,0.74304,0.04570,0.86709,0.58955,1.01549,0.06351,1.26093,0.83839,1.75998,0.00194,1.76340,1.75220,-5.15352,1.34352,-2.84828,-12.28111,-1.79984,0.00051,-1.79911,-1.80068,0.01116,0.00026,0.01180,0.01081,-1.79194,0.00056,-1.79113,-1.79288,-1.80773,0.00053,-1.80681,-1.80869,2.30471,0.80107,7.78505,1.02368,0.37225,0.17036,0.97951,0.00642,6.55838,2.48466,17.04807,2.08564
900,1202.5484409332275,7380992,190.11865,3142.92653,154.09002,668.12876,17.13786,517.17327,525.32812,0.16385,0.28296,1.02104,-0.56750,4.38101,0.95592,6.94427,1.83907,31.56310,12.58114,60.70317,7.31389,-42.00534,15.34100,-6.09481,-75.85743,13.08476,7.09906,48.43806,1.65898,319.48596,197.69183,1505.90723,47.53732,0.00330,0.00963,0.04189,-0.02148,0.74195,0.04548,0.87015,0.60637,1.01450,0.06062,1.20691,0.84281,1.75753,0.00220,1.76145,1.74788,-5.15187,1.30238,-2.32955,-11.04527,-1.79864,0.00045,-1.79781,-1.79974,0.01251,0.00037,0.01320,0.01163,-1.78979,0.00068,-1.78856,-1.79152,-1.80749,0.00029,-1.80700,-1.80814,2.39194,0.85103,7.67242,1.04873,0.34567,0.16706,0.92807,0.01588,6.96334,2.78304,18.56078,2.21458
910,1202.3985776901245,7462912,185.07785,2624.29527,172.29099,668.83590,17.08847,516.40012,485.12500,0.02153,0.30659,0.74206,-0.81365,4.87574,1.17687,8.03303,2.19413,32.02723,12.21622,63.42766,5.41223,-42.74094,16.70518,-10.27777,-74.32970,17.05579,9.41994,54.36368,2.99316,388.59451,229.47339,1807.47925,49.99085,0.00409,0.00974,0.04534,-0.02061,0.73083,0.04482,0.87140,0.58842,1.02421,0.06051,1.21561,0.85464,1.75268,0.00316,1.75776,1.73552,-5.20479,1.22392,-2.69672,-10.33332,-1.79628,0.00121,-1.79432,-1.79787,0.01322,0.00022,0.01360,0.01287,-1.78693,0.00129,-1.78505,-1.78876,-1.80563,0.00115,-1.80352,-1.80708,2.53848,1.00188,10.35939,1.03454,0.33050,0.17485,0.95384,0.00251,7.35488,3.01554,22.37807,2.45095
920,1198.7757124900818,7544832,224.49075,3484.05641,187.32304,666.43330,17.12558,515.14436,469.28125,0.05926,0.37524,1.80873,-0.98193,4.57499,0.84356,7.55244,2.49451,28.95285,12.96088,56.06310,5.90938,-43.45679,14.20294,-11.85534,-77.80959,14.10845,6.17545,40.30342,3.88310,311.52526,166.61808,1475.50842,61.61344,0.00395,0.01047,0.04787,-0.01780,0.72745,0.04636,0.87375,0.59790,1.02145,0.06367,1.22528,0.83178,1.74755,0.00193,1.75076,1.74021,-5.17138,1.27269,-2.76167,-9.78612,-1.79367,0.00031,-1.79311,-1.79438,0.01415,0.00066,0.01532,0.01294,-1.78367,0.00077,-1.78237,-1.78520,-1.80367,0.00018,-1.80336,-1.80408,2.69089,1.88950,31.33591,1.04683,0.32656,0.16993,0.97761,0.00868,7.38352,3.09594,27.63193,1.90894
930,1204.0335013866425,7626752,224.06698,3636.90465,152.20563,668.30545,17.20466,518.18997,490.92188,-0.04694,0.44152,0.90026,-1.31714,4.84994,1.06885,8.65993,2.32187,31.80074,11.87997,63.64056,10.07514,-41.83996,17.76401,-9.90930,-87.08607,16.64189,9.41989,67.41480,3.87903,361.21813,207.60347,1580.33545,79.70941,0.00299,0.01110,0.12005,-0.02154,0.72562,0.04561,0.86356,0.57503,1.01540,0.06204,1.21920,0.86069,1.74416,0.00259,1.74830,1.73242,-5.08023,1.12254,-2.72053,-9.65232,-1.79206,0.00076,-1.79127,-1.79319,0.01686,0.00067,0.01778,0.01534,-1.78014,0.00119,-1.77885,-1.78235,-1.80399,0.00042,-1.80311,-1.80476,2.47996,1.23922,15.11945,1.03740,0.34233,0.17546,0.96088,0.03566,7.34661,4.94530,90.35839,1.83553
940,1203.4249687194824,7708672,174.84133,3150.18944,186.66641,668.93624,17.13011,517.19876,440.82812,0.20814,0.32264,1.16555,-0.88385,4.15483,0.86128,6.75812,2.03757,30.82528,12.49743,73.43609,7.43438,-38.70824,18.64579,-6.67328,-77.45522,11.43420,6.23183,42.90145,2.10931,331.51539,208.81936,1464.52026,54.28607,0.00282,0.01057,0.07115,-0.02080,0.72243,0.04640,0.89298,0.57872,1.01910,0.06318,1.20509,0.85219,1.74110,0.00219,1.74471,1.73096,-5.21107,1.12540,-2.70338,-8.78839,-1.79056,0.00037,-1.78991,-1.79133,0.01664,0.00091,0.01792,0.01531,-1.77879,0.00031,-1.77828,-1.77932,-1.80233,0.00101,-1.80077,-1.80382,2.39817,1.00551,13.76884,1.02777,0.36546,0.16803,0.96711,0.02326,7.20609,3.38158,33.38787,1.96839
950,1202.079017162323,7790592,261.24808,4191.01902,193.19316,668.67974,17.12385,516.08336,548.42188,0.03319,0.28284,0.78244,-0.89762,4.79205,0.97713,7.69825,2.56469,33.00023,11.49779,62.30499,8.39143,-46.89069,16.43853,-10.70384,-83.04811,15.57584,8.05813,46.97794,3.41542,366.46435,198.24982,1356.31555,78.39547,0.00363,0.01018,0.04422,-0.02072,0.71865,0.04294,0.81675,0.52978,1.02228,0.06495,1.22192,0.83837,1.73781,0.00236,1.74162,1.72662,-5.39720,1.30872,-2.58470,-10.73953,-1.78884,0.00055,-1.78801,-1.78990,0.01601,0.00027,0.01654,0.01538,-1.77752,0.00061,-1.77688,-1.77903,-1.80016,0.00056,-1.79911,-1.80086,2.55103,1.29712,19.77957,1.03476,0.34506,0.17047,0.96965,0.00229,7.29673,3.10941,19.72566,2.58672
960,1204.7139751911163,7872512,290.25525,3692.32495,183.38652,669.30120,17.03786,518.25805,552.78125,0.02464,0.28869,0.87920,-1.10213,4.30217,0.99644,6.64869,2.09195,26.46988,11.76336,63.65671,8.00344,-42.77986,16.42989,-8.42379,-77.94261,12.43246,6.63483,38.70420,2.74121,314.89253,198.40002,1716.11768,65.86584,0.00289,0.00929,0.04310,-0.02422,0.72040,0.04590,0.87330,0.57444,1.00857,0.06273,1.19278,0.84360,1.73441,0.00246,1.73864,1.72516,-5.12995,1.22422,-2.83167,-10.35390,-1.78708,0.00080,-1.78566,-1.78831,0.01575,0.00047,0.01683,0.01523,-1.77594,0.00104,-1.77379,-1.77735,-1.79821,0.00063,-1.79738,-1.79927,2.33558,0.85508,9.85525,1.02974,0.36860,0.17006,0.95880,0.00658,7.03708,2.95468,23.38522,2.06953
970,1201.8311562538147,7954432,296.03038,2925.90752,148.83322,668.83432,17.13388,515.77337,487.46875,-0.02808,0.31074,0.86345,-0.86740,4.39805,0.84524,7.52759,2.26342,31.79784,14.20537,70.88598,5.50181,-41.70703,13.74762,-10.72340,-75.19290,12.34235,6.66146,55.41029,2.66533,316.14412,189.26277,1682.01575,68.81323,0.00306,0.01002,0.04628,-0.02058,0.71573,0.04809,0.84262,0.54778,1.01584,0.06380,1.19960,0.85802,1.73046,0.00224,1.73367,1.71515,-5.18965,1.20234,-2.70497,-10.04706,-1.78511,0.00042,-1.78421,-1.78580,0.01740,0.00026,0.01786,0.01679,-1.77280,0.00051,-1.77193,-1.77377,-1.79741,0.00040,-1.79649,-1.79798,2.47126,1.23648,18.60800,1.02338,0.36510,0.17243,0.97114,0.01497,7.55423,3.13850,26.49693,2.44802
980,1235.802276134491,8036352,226.23601,4112.67667,197.46734,668.64330,17.05169,549.88733,501.73438,0.15119,0.31239,1.12743,-0.81405,4.56357,1.00125,7.97703,2.36224,31.81348,14.53267,67.75648,6.11124,-42.96106,15.79534,-11.07062,-76.60481,14.33400,7.60929,53.91084,3.73375,328.67599,188.31356,1064.31360,59.77755,0.00217,0.00906,0.03683,-0.02550,0.71224,0.04353,0.83613,0.59584,1.01813,0.06336,1.19192,0.85198,1.72715,0.00190,1.73010,1.71663,-5.29567,1.31974,-2.66244,-9.68464,-1.78343,0.00027,-1.78296,-1.78419,0.01729,0.00021,0.01777,0.01700,-1.77120,0.00021,-1.77070,-1.77191,-1.79566,0.00038,-1.79507,-1.79648,2.31692,0.79554,7.83743,1.02883,0.36797,0.18008,0.96785,0.00294,7.05058,2.95607,21.26641,2.12421
990,1239.7023792266846,8118272,225.10233,3178.17479,190.08432,703.97644,17.74830,517.88987,553.92188,0.08359,0.34399,1.01720,-0.70161,4.20988,0.81748,7.47035,2.09784,26.59537,13.95247,71.91550,5.12499,-41.81224,15.43400,-6.04294,-75.89214,12.21163,6.02353,48.55987,2.52674,294.40688,173.84434,1099.85352,54.61747,0.00150,0.00953,0.05034,-0.02103,0.70554,0.04557,0.85811,0.57527,1.01324,0.06365,1.20824,0.83593,1.72406,0.00269,1.72851,1.71225,-5.12608,1.27305,-2.67108,-10.66546,-1.78199,0.00096,-1.78015,-1.78325,0.01779,0.00031,0.01828,0.01718,-1.76942,0.00115,-1.76732,-1.77110,-1.79457,0.00077,-1.79298,-1.79549,2.32507,0.87596,12.06695,1.02967,0.37441,0.18011,0.97016,0.02753,6.83084,2.88035,20.17458,2.40948
1000,1205.2250139713287,8200192,203.09842,4044.83102,187.25034,673.59521,17.06870,514.49054,491.06250,-0.03231,0.28901,0.90791,-0.86144,4.22647,0.93545,7.29484,2.32222,30.13296,11.39118,64.64098,8.60567,-39.23830,16.75837,-10.28046,-75.79745,11.64049,6.57489,53.12057,2.89458,287.74925,184.74771,1449.32886,46.42250,0.00221,0.00905,0.04026,-0.02069,0.70385,0.04558,0.84002,0.56158,1.01767,0.06141,1.23845,0.85577,1.71859,0.00240,1.72230,1.70885,-5.19393,1.21498,-2.62044,-9.43439,-1.77927,0.00064,-1.77803,-1.78014,0.01765,0.00032,0.01814,0.01689,-1.76679,0.00047,-1.76594,-1.76749,-1.79174,0.00083,-1.79012,-1.79296,2.28400,0.74878,7.24449,1.02002,0.37054,0.17778,0.97935,0.00057,7.18050,2.71127,18.63068,2.55795
1010,1199.9217331409454,8282112,242.14057,3999.27693,184.78950,667.74048,17.03355,514.97118,517.79688,0.03616,0.22795,0.59200,-0.61166,4.27442,1.06363,6.95104,1.87009,29.68910,15.96831,73.72176,6.32603,-42.03873,15.66579,-7.94495,-80.93136,13.24464,7.64717,46.04814,2.68754,300.53695,196.40676,1580.62451,63.16673,0.00185,0.01162,0.14291,-0.02290,0.69540,0.04785,0.83550,0.53262,1.02147,0.06966,1.22046,0.83554,1.71578,0.00186,1.71879,1.70855,-5.26944,1.32888,-2.80917,-9.54321,-1.77776,0.00043,-1.77702,-1.77841,0.01802,0.00028,0.01865,0.01709,-1.76502,0.00057,-1.76383,-1.76594,-1.79050,0.00035,-1.78994,-1.79110,2.33505,1.03551,12.93084,1.04016,0.38821,0.16597,0.96024,0.00592,7.29589,4.39627,72.74428,2.29390
1020,1201.4256875514984,8364032,211.74141,4018.29206,200.79704,667.95393,17.14168,516.19569,479.26562,0.19078,0.26215,0.95383,-0.68331,4.20140,0.85505,6.57942,2.39314,29.45118,13.27426,63.06998,6.72638,-40.37998,15.90456,-10.69723,-75.85361,11.93810,5.82742,41.90349,3.03449,312.09771,195.73610,1575.23108,55.71451,0.00128,0.00879,0.04097,-0.01810,0.70094,0.04139,0.81719,0.59469,1.01662,0.06233,1.27394,0.85555,1.71460,0.00187,1.71711,1.70579,-5.25025,1.31549,-2.61939,-10.75027,-1.77717,0.00020,-1.77663,-1.77752,0.01812,0.00050,0.01868,0.01730,-1.76435,0.00036,-1.76374,-1.76494,-1.78998,0.00045,-1.78886,-1.79058,2.29123,0.79256,10.77757,1.04166,0.37916,0.16920,0.96647,0.00097,7.21163,3.06922,20.74032,1.92854
1030,1201.36083984375,8445952,281.42553,3712.70964,226.91205,667.77743,17.02107,516.39406,548.76562,0.21701,0.28049,0.93655,-0.67266,3.98800,0.78074,6.51540,2.35039,30.68346,12.51028,70.13171,7.78892,-36.02657,16.09193,-9.73315,-74.87669,11.03741,5.55424,40.85751,3.78266,276.04607,158.89659,1353.91125,66.15838,0.00129,0.00896,0.03334,-0.02278,0.69791,0.04687,0.81949,0.55073,1.01629,0.06068,1.24758,0.85487,1.71210,0.00237,1.71516,1.69700,-5.41220,1.41721,-2.88427,-11.14637,-1.77606,0.00037,-1.77532,-1.77662,0.01652,0.00054,0.01730,0.01546,-1.76437,0.00013,-1.76404,-1.76456,-1.78774,0.00074,-1.78635,-1.78885,2.27479,0.83613,8.67278,1.01723,0.40215,0.16336,0.97145,0.05910,7.16563,2.86016,20.81986,2.43897
1040,1201.115332365036,8527872,223.36020,3677.46845,168.92654,667.97339,17.00018,516.04305,508.40625,0.02478,0.29173,0.81241,-0.81438,4.08612,0.98084,7.40208,2.19811,25.85543,13.48604,68.19828,6.35421,-41.76170,18.59708,-8.20951,-84.38181,11.94819,6.84938,40.98132,3.24809,273.10605,171.63117,1596.34229,68.58263,0.00047,0.00873,0.03558,-0.02089,0.69603,0.04537,0.82794,0.54314,1.00728,0.06304,1.23800,0.84566,1.71045,0.00221,1.71311,1.69630,-5.17847,1.27964,-2.52732,-9.27579,-1.77521,0.00026,-1.77445,-1.77557,0.01670,0.00055,0.01767,0.01596,-1.76340,0.00054,-1.76263,-1.76407,-1.78702,0.00039,-1.78620,-1.78780,2.14133,0.93787,16.97868,1.02510,0.41660,0.17464,0.97822,0.01631,6.78318,2.53341,16.17141,2.02549
1050,1199.6957404613495,8609792,241.12093,4161.03606,195.31069,665.97119,17.06953,516.58146,496.07812,-0.01200,0.31883,0.80552,-1.01911,4.66877,0.84406,7.02858,2.40817,33.71870,12.53704,62.32830,9.39520,-44.12534,15.67334,-10.87427,-76.57816,14.88125,7.30763,44.12433,4.32652,416.07174,243.91599,2116.44727,110.38483,0.00168,0.00929,0.08397,-0.02001,0.68975,0.04249,0.81168,0.49570,1.01505,0.05973,1.25850,0.85559,1.70841,0.00216,1.71118,1.69779,-5.15197,1.28352,-2.66293,-10.52262,-1.77417,0.00016,-1.77395,-1.77453,0.01640,0.00029,0.01680,0.01559,-1.76257,0.00033,-1.76217,-1.76329,-1.78577,0.00016,-1.78534,-1.78620,2.18204,0.74067,7.70015,1.01527,0.40937,0.16422,0.97808,0.00079,7.37089,2.93154,28.63052,2.79198
1060,1199.1012217998505,8691712,245.41186,4542.34631,217.04015,666.12413,17.08795,515.78456,500.79688,0.00183,0.34738,0.77384,-1.22084,4.50056,1.03479,7.62115,2.31994,29.97122,13.04853,75.60066,8.26003,-40.77163,18.49956,-9.25714,-80.18015,14.46562,8.02878,43.85587,2.90074,353.42945,230.30572,1593.88843,67.33285,0.00134,0.00888,0.04237,-0.01871,0.69420,0.04568,0.81594,0.53940,1.01936,0.06442,1.31999,0.85798,1.70658,0.00269,1.71067,1.69354,-5.51479,1.55208,-3.11243,-16.01753,-1.77325,0.00065,-1.77208,-1.77432,0.01542,0.00014,0.01568,0.01512,-1.76235,0.00064,-1.76137,-1.76328,-1.78416,0.00068,-1.78277,-1.78535,2.20802,0.63594,4.74541,1.02661,0.40895,0.16603,0.97591,0.01318,6.93933,2.75325,26.30024,2.18899
1070,1202.0218851566315,8773632,278.58155,3156.63606,168.27624,668.31678,17.04468,516.38058,577.15625,0.07131,0.32541,1.15217,-0.76264,4.52960,0.97608,7.79307,2.69240,30.82422,11.65179,59.54294,5.61380,-40.75656,16.99270,-9.33529,-72.57902,14.76314,7.45977,47.77533,4.16631,313.29672,196.82943,1834.83838,77.58748,0.00121,0.00879,0.03292,-0.02098,0.69492,0.04260,0.81387,0.56475,1.00224,0.05707,1.20782,0.84590,1.70302,0.00205,1.70650,1.69212,-5.06243,1.11594,-2.97170,-9.04955,-1.77139,0.00045,-1.77082,-1.77221,0.01600,0.00075,0.01710,0.01502,-1.76008,0.00092,-1.75901,-1.76154,-1.78271,0.00034,-1.78222,-1.78337,2.16744,0.72024,6.24920,1.03794,0.43605,0.15901,0.96321,0.03613,7.02577,2.62637,19.24489,2.04831
1080,1200.9018552303314,8855552,219.16705,4082.85643,172.79008,666.45487,17.25384,517.04528,595.89062,0.09780,0.38947,0.75167,-1.05491,4.06692,1.11329,8.04993,2.04460,23.59417,10.40617,56.73997,5.56256,-40.58252,19.17067,-7.56110,-84.60691,12.59118,7.85649,40.26268,2.27374,267.02908,174.54835,1205.60156,39.69139,0.00112,0.00905,0.03984,-0.02053,0.68778,0.04399,0.80386,0.55607,1.01786,0.06094,1.20552,0.82926,1.70077,0.00258,1.70430,1.69012,-5.33003,1.26685,-2.96965,-10.75365,-1.77032,0.00081,-1.76849,-1.77112,0.01749,0.00024,0.01834,0.01705,-1.75795,0.00095,-1.75553,-1.75904,-1.78268,0.00067,-1.78138,-1.78324,2.13471,0.68230,6.57145,1.02631,0.41315,0.17361,0.97692,0.05174,6.86482,2.65086,17.46650,1.95163
1090,1201.418198108673,8937472,217.14165,3474.26656,165.13212,667.13147,17.14157,517.05495,555.73438,0.05089,0.22161,0.65347,-0.70750,4.01788,0.95103,7.20693,2.10521,28.35541,13.53810,68.31963,5.42170,-39.62217,17.24814,-7.62827,-77.73660,12.11895,6.97450,41.85802,3.00807,283.72405,187.28250,1866.92163,47.56754,0.00170,0.00829,0.03330,-0.01641,0.68285,0.04633,0.80375,0.50732,1.01699,0.06282,1.27776,0.82250,1.69657,0.00205,1.69920,1.68834,-5.24678,1.24716,-2.92422,-11.16414,-1.76822,0.00028,-1.76761,-1.76857,0.01785,0.00029,0.01846,0.01715,-1.75560,0.00021,-1.75524,-1.75602,-1.78085,0.00044,-1.77974,-1.78148,2.17859,0.86521,11.97097,1.01704,0.41701,0.17145,0.98588,0.01410,6.81857,2.58818,17.47169,2.56675
1100,1198.6934170722961,9019392,274.89672,3941.08928,181.27101,665.90075,17.14027,515.56257,546.00000,0.06581,0.32996,0.95225,-1.00516,4.40487,1.01008,7.87239,2.39276,31.24306,14.27175,72.31026,8.57654,-43.62293,18.27293,-8.14367,-81.09212,13.99076,8.37437,47.03004,2.91072,314.68987,187.21759,1637.94495,63.83727,0.00117,0.00885,0.03385,-0.02565,0.68351,0.04625,0.79858,0.54420,1.01097,0.06367,1.25050,0.83139,1.69376,0.00207,1.69669,1.67831,-5.25264,1.30984,-2.90536,-10.59403,-1.76681,0.00035,-1.76608,-1.76760,0.01591,0.00060,0.01714,0.01510,-1.75556,0.00031,-1.75497,-1.75606,-1.77807,0.00072,-1.77709,-1.77973,2.17521,0.73726,6.85276,1.02060,0.39743,0.17400,0.97045,0.00716,6.69745,2.69203,20.10579,2.34823
1110,1197.9978363513947,9101312,261.06849,3826.38469,179.56321,666.26674,17.11397,514.41817,577.84375,-0.09901,0.26047,0.61389,-1.12300,4.27775,0.90633,7.92089,2.46137,30.47518,13.64574,73.58856,9.19105,-40.69124,15.53454,-9.80636,-79.49451,13.89012,7.18661,48.51507,3.46347,346.70845,244.75039,2327.51807,65.28261,0.00076,0.00784,0.03014,-0.02158,0.67887,0.04423,0.81130,0.55083,1.01352,0.06362,1.28417,0.85677,1.69134,0.00194,1.69431,1.67967,-5.29323,1.57381,-2.79891,-13.98618,-1.76556,0.00025,-1.76522,-1.76614,0.01546,0.00022,0.01584,0.01508,-1.75463,0.00024,-1.75413,-1.75497,-1.77649,0.00035,-1.77610,-1.77733,2.15158,0.74286,9.22540,1.02761,0.42495,0.16651,0.97680,0.04379,7.11636,2.91301,19.97012,2.39470
1120,1197.5640332698822,9183232,264.90672,4356.44657,167.85239,665.60105,17.20278,514.64753,510.87500,0.04744,0.29483,0.86447,-0.68538,4.59398,0.91301,7.53236,2.02764,31.52682,13.84409,62.06804,7.51332,-44.73849,15.47447,-9.63172,-75.07772,15.04712,6.87255,43.98257,3.90622,411.76037,231.19847,1492.34949,78.50812,0.00098,0.00827,0.03332,-0.01857,0.67685,0.04467,0.81939,0.54031,1.01279,0.06148,1.24573,0.84985,1.69110,0.00199,1.69347,1.68045,-5.23404,1.25769,-2.78732,-10.45732,-1.76556,0.00015,-1.76517,-1.76576,0.01556,0.00009,0.01579,0.01541,-1.75456,0.00020,-1.75400,-1.75478,-1.77657,0.00013,-1.77628,-1.77680,2.11113,0.86833,10.41070,1.03246,0.43421,0.15386,0.96604,0.03181,6.94091,3.01163,21.26699,2.45521
1130,1199.635452747345,9265152,282.62698,3743.53987,162.41378,667.94164,17.08739,514.24085,512.59375,-0.01801,0.42075,1.06281,-1.08241,4.87296,1.01915,7.67733,2.08444,30.92447,13.66002,65.40770,9.94461,-46.01042,16.95042,-8.88591,-79.83113,17.30904,8.59121,57.55657,4.14696,386.67616,215.48024,2160.52490,79.62873,0.00091,0.00835,0.03137,-0.01657,0.68255,0.04575,0.80902,0.54545,1.01179,0.06511,1.20360,0.80359,1.69093,0.00209,1.69361,1.68173,-5.30833,1.35546,-2.88873,-11.17264,-1.76543,0.00028,-1.76489,-1.76579,0.01537,0.00036,0.01607,0.01485,-1.75456,0.00049,-1.75376,-1.75520,-1.77630,0.00020,-1.77569,-1.77663,2.15945,0.69306,8.40924,1.02840,0.41138,0.16742,0.97019,0.01256,6.99344,2.72968,19.38222,2.55312
1140,1199.3966882228851,9347072,287.46265,3618.47266,126.53885,666.19343,17.16279,515.66138,592.21875,-0.03587,0.30078,0.73031,-0.92289,4.33332,1.04009,7.21975,1.82384,26.96816,12.30856,72.69632,5.39795,-43.36911,17.50882,-9.11109,-83.40526,14.14028,8.22687,50.72907,2.53438,305.02342,217.32067,2121.60278,32.99665,0.00090,0.00932,0.06050,-0.02404,0.67763,0.04857,0.80883,0.52891,1.00556,0.06657,1.24337,0.85897,1.68749,0.00208,1.69173,1.67907,-5.17816,1.33815,-2.98379,-11.39322,-1.76363,0.00056,-1.76289,-1.76488,0.01556,0.00017,0.01592,0.01528,-1.75263,0.00066,-1.75166,-1.75408,-1.77464,0.00048,-1.77413,-1.77568,2.10505,0.66096,6.74973,1.02722,0.44393,0.17125,0.97424,0.03947,6.86877,2.81115,24.89357,2.12212
1150,1198.395976305008,9428992,253.46057,3973.42724,166.52815,666.43132,17.12374,514.57697,613.73438,0.07894,0.32866,1.15778,-1.04616,4.78959,0.95236,7.43187,2.73410,32.98633,13.15831,76.38692,6.99604,-45.61553,16.56778,-11.11771,-82.13700,16.59053,8.20434,50.27406,4.16722,377.91372,242.17032,2291.88135,69.71373,0.00046,0.00788,0.02855,-0.01975,0.67560,0.04544,0.79835,0.53983,1.00869,0.06278,1.22684,0.85355,1.68555,0.00209,1.68792,1.67411,-5.11689,1.19914,-3.01419,-9.38083,-1.76273,0.00022,-1.76217,-1.76294,0.01629,0.00031,0.01677,0.01586,-1.75121,0.00036,-1.75057,-1.75170,-1.77424,0.00025,-1.77368,-1.77470,2.08933,0.57063,5.03429,1.02639,0.44700,0.16409,0.96975,0.02495,6.63091,2.43821,16.12996,2.19858
1160,1199.4852223396301,9510912,265.39480,3844.43827,144.91737,667.35304,17.21991,514.78010,510.75000,0.11351,0.39065,0.98835,-1.28989,4.26856,1.05960,8.33244,2.11146,30.13662,12.86590,64.78682,6.95727,-39.95167,19.40565,-8.54771,-81.95103,13.62755,8.99376,61.04419,3.47122,314.37405,227.86146,1539.98816,65.60745,0.00106,0.00817,0.03526,-0.01782,0.67710,0.04414,0.81350,0.51484,1.00910,0.06120,1.22875,0.80926,1.68510,0.00196,1.68769,1.67473,-5.22217,1.27921,-2.70238,-10.51300,-1.76250,0.00020,-1.76209,-1.76280,0.01621,0.00019,0.01682,0.01589,-1.75104,0.00024,-1.75055,-1.75141,-1.77396,0.00024,-1.77351,-1.77433,2.02275,0.51171,4.66245,1.01914,0.44508,0.16454,0.97073,0.02504,6.66605,2.48902,21.30951,1.96073
1170,1197.9100630283356,9592832,316.74125,4163.97183,173.04452,665.73518,17.08531,514.99457,499.60938,0.04243,0.36679,0.91947,-1.03885,4.31924,0.91660,7.56866,2.47294,29.15088,10.04536,63.38998,9.98890,-41.80276,16.45125,-11.61869,-81.44723,14.10807,7.69239,46.14969,2.85913,333.03037,186.71149,1109.64758,50.32661,0.00023,0.00772,0.03191,-0.02110,0.67162,0.04540,0.79800,0.53581,1.01113,0.06375,1.22200,0.83990,1.68266,0.00199,1.68686,1.67346,-5.23904,1.40830,-2.57084,-10.58303,-1.76115,0.00062,-1.76037,-1.76244,0.01676,0.00013,0.01722,0.01654,-1.74929,0.00058,-1.74857,-1.75054,-1.77300,0.00067,-1.77209,-1.77435,1.99353,0.63166,7.15400,1.01789,0.46659,0.16298,0.98326,0.07578,6.64058,2.35389,14.57936,2.02892
1180,1197.4275920391083,9674752,273.65938,3220.97246,138.11358,665.11182,17.05626,515.13839,570.62500,0.02848,0.26766,0.62978,-0.73215,3.99311,0.86973,7.38869,2.25825,29.73216,12.90466,64.26446,7.52324,-37.31161,16.68517,-8.97947,-73.85513,11.12962,5.95244,36.95178,2.56825,316.64319,176.95073,1079.81018,54.74950,0.00027,0.00819,0.04897,-0.01966,0.67554,0.04459,0.79517,0.52667,1.00712,0.06277,1.23727,0.76650,1.68180,0.00201,1.68433,1.66908,-5.10348,1.29109,-2.30697,-10.53453,-1.76081,0.00019,-1.76039,-1.76112,0.01739,0.00014,0.01770,0.01709,-1.74851,0.00025,-1.74800,-1.74895,-1.77311,0.00017,-1.77277,-1.77344,2.02994,0.71003,8.28154,1.02625,0.45731,0.16419,0.97998,0.07883,6.43825,2.73273,30.40258,2.24835
1190,1199.3325872421265,9756672,264.24244,3560.15519,157.79161,665.56519,17.11772,516.50078,574.40625,-0.03279,0.37120,0.95160,-1.13205,4.23493,0.89836,7.33774,2.41674,27.03178,13.83961,72.27271,5.39152,-42.88237,16.21597,-8.79605,-80.03927,13.81549,7.02894,42.82344,3.83697,292.43812,191.33364,1340.52551,61.51146,-0.00022,0.00764,0.02914,-0.01986,0.67347,0.04720,0.79832,0.51018,1.00314,0.06087,1.17466,0.82693,1.68077,0.00213,1.68304,1.66818,-5.07892,1.07345,-2.73800,-8.33030,-1.76033,0.00010,-1.76013,-1.76057,0.01693,0.00025,0.01752,0.01650,-1.74836,0.00016,-1.74797,-1.74882,-1.77230,0.00024,-1.77185,-1.77277,2.02890,0.68848,6.93683,1.02295,0.45668,0.17489,0.97987,0.02483,6.50933,2.46944,17.72763,2.32601
1200,1198.5522363185883,9838592,264.27096,3606.37768,170.47777,665.90769,17.20821,515.33803,469.90625,0.08884,0.25886,0.77966,-0.80727,4.32303,0.96097,7.40464,2.16207,29.84006,12.32740,60.34399,9.19079,-41.38187,16.65546,-10.57818,-73.67484,14.26686,7.60405,52.34288,3.18659,284.55185,146.16331,1129.47778,69.87251,0.00123,0.00742,0.02694,-0.01640,0.67246,0.04800,0.83117,0.55199,1.00744,0.06759,1.23085,0.83696,1.67918,0.00238,1.68314,1.66733,-5.29003,1.38559,-2.88306,-10.85910,-1.75953,0.00049,-1.75891,-1.76058,0.01650,0.00015,0.01686,0.01629,-1.74786,0.00053,-1.74699,-1.74883,-1.77120,0.00048,-1.77065,-1.77232,2.01804,0.57199,4.65599,1.02011,0.46203,0.16711,0.98030,0.06873,6.44554,2.18172,16.16627,2.31967
1210,1195.3548138141632,9920512,237.78145,3261.64376,192.22552,663.86610,17.15357,514.18322,524.45312,-0.03171,0.38219,0.83675,-0.99152,4.32381,1.14312,7.39981,1.91431,27.58159,14.54776,62.07021,5.90742,-42.78583,17.00137,-7.56826,-79.39999,14.79428,8.28887,43.40747,2.54884,321.52248,225.03871,1572.28711,47.12543,0.00117,0.00732,0.02713,-0.01944,0.67063,0.04380,0.79602,0.53493,1.01014,0.06175,1.22811,0.83047,1.67730,0.00225,1.67998,1.66287,-5.19255,1.23034,-2.86133,-9.90923,-1.75854,0.00033,-1.75783,-1.75893,0.01698,0.00022,0.01731,0.01665,-1.74653,0.00048,-1.74570,-1.74715,-1.77055,0.00020,-1.76996,-1.77078,1.96673,0.55064,4.78001,1.01304,0.46635,0.16798,0.98201,0.06452,6.97615,2.66918,21.20199,2.58678
1220,1200.170152425766,10002432,237.07975,3807.82400,143.23529,665.70992,17.12200,517.22161,557.95312,0.04081,0.29648,1.03423,-0.99257,4.37349,1.10771,7.86163,1.92776,27.73089,11.70119,65.05092,8.07113,-44.90569,18.20360,-8.06425,-84.43101,14.62722,8.85375,54.32626,2.99784,327.71422,218.69043,1921.55920,74.13148,0.00093,0.00781,0.03683,-0.02023,0.66378,0.04617,0.78418,0.52248,1.01109,0.06441,1.21918,0.87160,1.67615,0.00191,1.67840,1.66758,-5.24803,1.25020,-2.27020,-9.24189,-1.75799,0.00014,-1.75769,-1.75815,0.01760,0.00029,0.01791,0.01688,-1.74555,0.00021,-1.74507,-1.74588,-1.77044,0.00028,-1.76975,-1.77073,2.01375,0.61508,5.78352,1.02238,0.46795,0.16495,0.98508,0.07115,6.63862,2.60384,23.76282,2.23564
1230,1197.782624721527,10084352,234.46630,3609.74656,188.01427,666.20694,17.17170,514.28851,461.03125,0.16530,0.32607,0.95937,-1.11291,4.22259,0.80117,6.78713,2.36449,29.25074,13.34642,72.38766,7.11751,-38.55735,15.69526,-9.74834,-75.34783,13.07023,6.05831,37.62321,3.22829,345.88536,224.12969,1785.90710,69.87616,-0.00040,0.00713,0.02982,-0.01789,0.66236,0.04386,0.80300,0.54365,1.01033,0.06152,1.20584,0.84702,1.67466,0.00204,1.67745,1.66211,-5.20491,1.23236,-2.56789,-9.70831,-1.75730,0.00023,-1.75698,-1.75769,0.01781,0.00015,0.01808,0.01737,-1.74471,0.00017,-1.74446,-1.74508,-1.76989,0.00032,-1.76928,-1.77034,1.93926,0.57650,6.53578,1.01874,0.49584,0.15217,0.97371,0.12298,6.60830,2.30853,17.42202,2.57349
1240,1199.545247554779,10166272,233.47660,3859.25940,168.30940,666.46125,17.15756,515.80221,486.04688,0.06432,0.37645,0.77840,-0.96971,4.11843,0.79374,6.79812,2.22724,28.33377,15.80464,72.39455,6.68135,-38.08654,16.29334,-8.52297,-77.89878,13.12997,6.12651,40.42566,3.74121,331.23870,203.61866,1588.08984,65.95499,-0.00002,0.00709,0.02025,-0.01794,0.66347,0.04770,0.79885,0.51878,1.01098,0.06351,1.20915,0.84331,1.67409,0.00201,1.67676,1.66171,-5.32485,1.33583,-2.66253,-13.06253,-1.75698,0.00021,-1.75655,-1.75733,0.01694,0.00025,0.01737,0.01653,-1.74500,0.00017,-1.74472,-1.74543,-1.76896,0.00034,-1.76824,-1.76939,1.94756,0.53048,4.25187,1.02510,0.48673,0.16981,0.98312,0.01667,6.69809,2.40799,17.19345,2.59490
1250,1199.4269406795502,10248192,233.25450,2846.31960,216.58117,666.98332,17.21022,515.16127,564.46875,0.07847,0.26190,0.92071,-0.71642,4.50987,0.89455,7.19367,1.92517,30.13969,12.74539,65.73164,8.26716,-43.88562,15.60630,-8.06643,-76.67855,15.28399,7.01566,43.12954,3.69546,351.35579,214.35550,1640.72607,67.58436,0.00013,0.00724,0.02681,-0.01870,0.66623,0.04618,0.79998,0.53841,1.00686,0.06827,1.23670,0.80974,1.67302,0.00197,1.67512,1.65662,-5.26973,1.42741,-2.76310,-10.22467,-1.75639,0.00011,-1.75618,-1.75655,0.01670,0.00014,0.01695,0.01645,-1.74458,0.00018,-1.74422,-1.74488,-1.76821,0.00011,-1.76802,-1.76837,1.87240,0.54622,7.73831,1.01887,0.50619,0.15882,0.97719,0.03393,6.72367,2.33362,15.20739,2.19702
1260,1200.5139877796173,10330112,206.19434,3974.76362,164.57121,666.78760,17.06752,516.52272,520.96875,0.11040,0.21447,0.77637,-0.67518,4.07766,0.89159,6.95414,2.28230,28.40487,13.45703,69.43761,6.42667,-38.27963,16.49043,-8.50961,-82.74219,12.59186,7.02436,45.36152,3.36529,355.86111,265.71582,2538.55200,67.66815,-0.00043,0.00772,0.04977,-0.01664,0.66403,0.04511,0.83714,0.51181,1.00347,0.06581,1.29509,0.84488,1.67238,0.00200,1.67485,1.66382,-5.25985,1.39919,-2.81813,-11.96902,-1.75615,0.00016,-1.75586,-1.75638,0.01613,0.00030,0.01679,0.01576,-1.74474,0.00015,-1.74439,-1.74497,-1.76756,0.00034,-1.76712,-1.76813,1.84049,0.44794,4.93057,1.01564,0.51638,0.15567,0.98614,0.08194,6.97032,2.57290,22.24205,2.43481
1270,1198.8489742279053,10412032,275.57248,3834.58245,186.41904,666.92579,16.99530,514.84763,527.45312,-0.00051,0.32353,0.83578,-0.84308,4.48705,1.03966,8.10188,2.39485,26.48942,10.18052,61.39551,7.48072,-46.21648,17.91305,-9.43194,-81.39471,16.40032,8.40512,57.35033,3.59445,370.39570,233.48196,2187.55298,61.28439,-0.00007,0.00680,0.02717,-0.01667,0.66632,0.04384,0.76554,0.51890,0.99579,0.06014,1.20455,0.83890,1.67131,0.00197,1.67387,1.65850,-5.17450,1.31402,-2.75278,-10.41574,-1.75557,0.00023,-1.75509,-1.75591,0.01579,0.00016,0.01605,0.01554,-1.74440,0.00015,-1.74404,-1.74460,-1.76674,0.00033,-1.76613,-1.76724,1.84869,0.56847,9.25476,1.01659,0.52516,0.15596,0.98168,0.13788,7.16777,2.62472,19.20407,2.75021
1280,1199.8306307792664,10493952,232.93121,3339.47775,149.01203,665.93497,17.07921,516.73497,490.54688,0.01736,0.38258,0.92455,-1.18831,4.58554,1.16591,8.07841,2.03615,29.28401,13.15834,60.89139,7.60800,-44.00340,16.63280,-9.20958,-76.52807,17.14365,9.71955,61.12811,3.57331,363.22523,231.36502,1434.17212,68.89171,-0.00013,0.00735,0.03192,-0.01762,0.66875,0.04102,0.77540,0.52290,0.99584,0.06014,1.17395,0.82208,1.66987,0.00191,1.67218,1.65987,-5.15722,1.26266,-2.43222,-10.02390,-1.75477,0.00017,-1.75455,-1.75508,0.01555,0.00009,0.01570,0.01532,-1.74378,0.00015,-1.74356,-1.74403,-1.76577,0.00021,-1.76547,-1.76613,1.90212,0.56776,6.02799,1.01321,0.50970,0.15598,0.98266,0.14442,7.12033,2.79638,20.16344,2.21382
1290,1199.299607515335,10575872,210.23638,4192.39516,165.90182,667.05411,17.17739,514.98027,486.60938,0.11873,0.27062,0.82682,-0.87771,4.43298,1.05700,7.34149,2.08981,31.84930,13.08486,69.79667,8.59012,-44.17413,17.90382,-8.53931,-81.62610,15.99210,8.24453,47.45638,3.00195,380.96713,249.77288,1733.60205,68.04775,0.00020,0.00666,0.02730,-0.01987,0.66574,0.04444,0.77426,0.50784,1.00597,0.06300,1.26150,0.84407,1.66971,0.00188,1.67203,1.66057,-5.32347,1.36187,-2.75870,-10.21339,-1.75478,0.00011,-1.75464,-1.75500,0.01549,0.00015,0.01570,0.01516,-1.74383,0.00009,-1.74367,-1.74402,-1.76574,0.00020,-1.76538,-1.76607,1.80447,0.48253,5.79422,1.01136,0.52827,0.15275,0.98942,0.11664,7.19776,2.56039,16.94065,2.40131
1300,1197.9257454872131,10657792,240.97627,4169.82429,166.88737,666.42344,17.09159,514.29254,453.93750,-0.06478,0.38131,1.15773,-1.11049,4.89534,1.04847,7.94187,2.21190,32.25260,14.20100,75.41508,7.35809,-47.17015,16.62595,-9.19644,-80.82299,19.76121,9.73592,58.67570,4.22942,467.60396,298.58038,2842.58911,91.00581,0.00017,0.00712,0.02280,-0.02063,0.65995,0.04518,0.82170,0.50243,1.01314,0.06466,1.19555,0.84195,1.66924,0.00214,1.67167,1.65871,-5.34373,1.19446,-3.03331,-9.71469,-1.75458,0.00008,-1.75444,-1.75479,0.01485,0.00019,0.01521,0.01457,-1.74408,0.00016,-1.74382,-1.74434,-1.76509,0.00015,-1.76493,-1.76554,1.82063,0.45430,5.35484,1.01615,0.52913,0.15537,0.98342,0.10809,7.35268,2.66033,19.25441,2.43383
1310,1201.116705417633,10739712,250.60929,3655.47331,162.67243,668.60639,17.25121,515.14108,515.93750,-0.01021,0.31529,0.66771,-1.11205,4.79240,0.99778,8.55846,2.76193,30.40871,12.69635,75.52184,8.03735,-47.32598,16.05660,-8.68802,-82.54980,18.92636,9.22252,68.62119,5.71974,394.88265,241.13218,1868.60571,86.04126,-0.00043,0.00747,0.05930,-0.01885,0.65989,0.04689,0.78188,0.46106,1.00904,0.06427,1.34051,0.83638,1.66944,0.00203,1.67151,1.65838,-5.21603,1.31365,-3.07010,-9.89103,-1.75461,0.00007,-1.75441,-1.75475,0.01439,0.00008,0.01458,0.01422,-1.74443,0.00006,-1.74432,-1.74454,-1.76478,0.00011,-1.76447,-1.76495,1.78602,0.46509,4.92903,1.01074,0.54747,0.14342,0.98262,0.17201,7.22638,3.04956,32.16546,2.59404
1320,1200.3737857341766,10821632,261.23622,4359.27275,217.62167,665.70611,17.15830,517.41878,543.39062,0.11016,0.40981,1.28097,-1.26861,4.87089,1.12735,8.19696,2.27411,35.05393,13.74842,77.51109,7.71051,-44.60459,17.13470,-8.59480,-80.75308,19.35090,9.41791,55.56709,2.82641,467.67448,246.59282,1896.22437,71.43625,-0.00016,0.00620,0.02584,-0.01593,0.66661,0.04025,0.78500,0.53822,1.00770,0.06184,1.21276,0.83670,1.66920,0.00185,1.67125,1.65877,-5.18806,1.37889,-2.82554,-10.82109,-1.75443,0.00016,-1.75399,-1.75460,0.01419,0.00015,0.01445,0.01397,-1.74440,0.00025,-1.74385,-1.74466,-1.76447,0.00010,-1.76414,-1.76467,1.74131,0.52240,5.38915,1.01166,0.56623,0.14833,0.98569,0.18358,6.90881,2.46095,16.68193,2.36569
1330,1199.9267477989197,10903552,281.41468,3784.50320,134.41729,665.44037,17.17578,517.24101,478.95312,0.04337,0.29651,0.86037,-0.79694,4.53874,0.84098,7.18149,2.52671,28.27701,12.84703,69.43278,5.63600,-46.71272,15.27158,-11.34067,-80.43620,17.10491,7.32372,51.78267,4.58056,417.17128,228.19923,1762.50549,105.60354,-0.00031,0.00607,0.02283,-0.01692,0.65820,0.04434,0.77008,0.51272,1.01343,0.06611,1.24232,0.82321,1.66805,0.00202,1.67052,1.65807,-5.53906,1.50526,-2.73558,-12.77344,-1.75400,0.00012,-1.75382,-1.75421,0.01390,0.00019,0.01435,0.01360,-1.74417,0.00022,-1.74378,-1.74450,-1.76383,0.00012,-1.76352,-1.76413,1.66699,0.36474,3.49228,1.01334,0.57951,0.14920,0.98410,0.09152,6.96407,2.57650,19.69297,2.23992
1340,1196.7816190719604,10985472,177.90729,4622.15252,167.93007,665.69893,17.18572,513.81315,425.40625,0.08518,0.29009,0.99361,-0.63341,4.63989,0.93868,7.26271,2.16204,30.95199,13.39418,67.07362,8.86254,-44.53884,14.93518,-8.14951,-73.83726,17.99293,7.82760,52.08199,3.63310,419.46175,228.23367,1459.96484,108.34158,0.00002,0.00617,0.02562,-0.01818,0.66655,0.04410,0.80002,0.47581,1.00558,0.06224,1.26874,0.81338,1.66851,0.00191,1.67095,1.65768,-5.05661,1.15678,-2.76822,-9.87822,-1.75418,0.00020,-1.75390,-1.75444,0.01352,0.00009,0.01369,0.01338,-1.74462,0.00022,-1.74426,-1.74491,-1.76374,0.00019,-1.76350,-1.76406,1.72416,0.39570,4.26890,1.01700,0.56304,0.15259,0.98564,0.14013,7.38337,2.74975,17.62578,3.11560
1350,1194.4031910896301,11067392,200.92652,3758.25080,165.85254,664.82629,17.13377,512.36905,455.60938,-0.03939,0.34269,0.86486,-0.92737,4.64993,0.89213,7.30455,2.52254,29.23344,11.09943,65.77889,9.00872,-46.78822,14.84802,-6.64959,-77.14581,18.36435,7.91411,50.68507,3.82229,434.60106,216.52607,1782.08325,91.30943,-0.00013,0.00607,0.01970,-0.01690,0.66441,0.04363,0.77480,0.48171,1.00877,0.05876,1.20874,0.85441,1.66838,0.00192,1.67087,1.65978,-5.11454,1.11982,-2.96642,-8.84670,-1.75412,0.00013,-1.75391,-1.75439,0.01330,0.00021,0.01365,0.01288,-1.74472,0.00005,-1.74464,-1.74483,-1.76352,0.00027,-1.76305,-1.76404,1.67017,0.38621,4.92905,1.01418,0.58943,0.14528,0.98789,0.17674,7.11196,2.36484,15.61089,3.01039
1360,1197.4982767105103,11149312,248.28930,3990.26139,167.58739,665.76248,17.13117,514.53303,468.04688,0.14429,0.21910,0.78798,-0.53481,4.38001,1.13780,8.15170,2.07680,34.19374,15.32450,70.34540,6.95178,-41.32121,17.44702,-8.99242,-83.12782,16.62419,9.51108,66.35955,3.38635,434.61377,277.11407,1890.77478,64.81438,-0.00040,0.00580,0.02044,-0.01645,0.66153,0.04413,0.80563,0.52802,1.00385,0.06239,1.23079,0.81420,1.66825,0.00190,1.67024,1.65815,-5.07486,1.22759,-2.79257,-8.98947,-1.75396,0.00007,-1.75384,-1.75407,0.01281,0.00003,0.01288,0.01275,-1.74490,0.00009,-1.74478,-1.74504,-1.76303,0.00006,-1.76290,-1.76312,1.69694,0.39734,4.40347,1.01471,0.57574,0.14811,0.98478,0.12600,7.24491,2.55803,24.00078,2.96704
1370,1196.7173924446106,11231232,288.18181,4087.63246,176.97831,664.90986,17.20259,514.52628,439.82812,0.03614,0.24522,0.78360,-0.61286,4.37460,1.00404,7.48035,2.26518,29.47150,12.43502,67.88737,7.38901,-43.85465,14.51336,-9.72971,-74.68287,16.43455,8.57311,55.16767,4.34441,383.29190,248.53475,2033.23621,76.79755,-0.00038,0.00555,0.01931,-0.02045,0.66082,0.04310,0.77817,0.53507,1.00980,0.06105,1.19989,0.86452,1.66810,0.00172,1.67013,1.65817,-5.32728,1.39377,-2.48006,-12.24872,-1.75389,0.00009,-1.75371,-1.75403,0.01303,0.00010,0.01318,0.01283,-1.74468,0.00015,-1.74439,-1.74494,-1.76310,0.00008,-1.76298,-1.76329,1.64866,0.39771,4.60216,1.01388,0.59388,0.15268,0.98963,0.19432,7.24104,2.30364,18.62448,2.53233
1380,1217.8611314296722,11313152,269.95114,4592.28730,159.22172,664.16870,17.06863,536.51778,524.82812,0.07593,0.26477,0.84395,-0.70000,4.73874,0.91395,7.32801,2.67706,29.87593,11.03094,65.91076,7.58244,-48.00202,16.12220,-9.32423,-82.89890,19.48903,8.19441,51.27090,4.15745,441.15491,243.68432,2053.10938,82.00038,-0.00023,0.00580,0.01627,-0.01730,0.66232,0.04438,0.78527,0.53696,1.00402,0.06235,1.26002,0.84274,1.66668,0.00209,1.66944,1.65430,-5.26206,1.39585,-2.63770,-10.79873,-1.75328,0.00019,-1.75297,-1.75371,0.01316,0.00006,0.01330,0.01305,-1.74397,0.00019,-1.74365,-1.74439,-1.76258,0.00020,-1.76225,-1.76304,1.65868,0.41743,4.83133,1.01424,0.59537,0.14955,0.98696,0.10828,6.90430,2.37003,17.65628,2.77324
1390,1195.8654220104218,11395072,258.29859,3802.87031,177.99441,665.48997,17.13665,513.16229,517.50000,0.01493,0.34273,0.77884,-1.00032,4.60063,0.93907,7.83374,2.62674,28.37805,11.39007,64.73176,7.69508,-46.15175,18.90355,-10.82284,-84.64189,18.69143,8.68592,57.99713,6.07520,417.59580,223.24143,1940.39514,124.44241,-0.00038,0.00603,0.03600,-0.01630,0.65743,0.04294,0.79085,0.49785,1.01818,0.06241,1.22504,0.85432,1.66582,0.00196,1.66808,1.65767,-5.31795,1.31846,-2.84149,-10.84820,-1.75291,0.00006,-1.75277,-1.75301,0.01306,0.00009,0.01324,0.01295,-1.74367,0.00005,-1.74359,-1.74379,-1.76214,0.00011,-1.76193,-1.76232,1.59881,0.34478,3.54745,1.01464,0.59624,0.15583,0.98994,0.11926,7.65835,2.72670,20.57465,2.77426
1400,1196.3396909236908,11476992,261.07785,4068.35561,184.52515,666.01092,17.11466,513.12556,475.25000,0.02655,0.38069,1.41005,-0.96106,4.50530,1.12923,8.11204,1.76272,28.66371,13.27348,74.87505,6.95996,-44.33077,18.51200,-9.42555,-81.06622,18.57544,10.24766,58.91019,2.99435,431.60411,277.25710,2227.46167,69.59306,-0.00010,0.00517,0.01819,-0.01620,0.66558,0.04220,0.76477,0.48878,1.00357,0.06040,1.21394,0.84419,1.66578,0.00185,1.66783,1.65383,-5.08418,1.27640,-2.75979,-10.54325,-1.75281,0.00004,-1.75269,-1.75287,0.01310,0.00006,0.01320,0.01296,-1.74354,0.00006,-1.74341,-1.74363,-1.76207,0.00005,-1.76193,-1.76215,1.55416,0.30200,3.09413,1.00874,0.62603,0.15079,0.99038,0.21982,7.49804,2.56418,19.13739,2.84367
1410,1198.281979084015,11558912,283.82432,4041.16723,162.85920,665.34462,17.07341,515.66851,586.50000,0.09285,0.36515,1.39612,-0.77630,4.20104,1.06258,8.15085,2.07651,29.18179,12.91363,71.95788,7.67350,-41.59825,20.47668,-5.12584,-82.26017,15.62832,8.55743,64.73270,2.82251,351.55567,218.86595,1481.22583,74.53158,0.00057,0.00503,0.01912,-0.01476,0.67066,0.04509,0.79191,0.53167,0.99621,0.06626,1.20865,0.79012,1.66582,0.00181,1.66791,1.65723,-5.09604,1.32501,-2.67615,-10.29895,-1.75277,0.00009,-1.75263,-1.75290,0.01335,0.00011,0.01350,0.01315,-1.74333,0.00014,-1.74314,-1.74352,-1.76221,0.00007,-1.76210,-1.76232,1.54732,0.30568,3.59693,1.00921,0.63251,0.14889,0.98737,0.19958,7.58811,2.65953,22.14600,3.06771
1420,1194.8438308238983,11640832,276.11742,3974.64814,188.57443,664.99838,17.15697,512.59141,526.39062,-0.00890,0.22265,0.76345,-0.66796,4.47558,1.05284,7.22700,1.80634,28.77516,12.70378,64.63749,7.74150,-48.56768,17.45037,-9.39396,-83.87820,18.64020,8.59983,48.70475,3.33557,430.75126,289.23664,2139.96069,78.53201,0.00025,0.00489,0.01708,-0.01298,0.66194,0.04371,0.78702,0.51566,1.00572,0.06458,1.23268,0.80286,1.66518,0.00205,1.66743,1.65350,-5.20207,1.38803,-2.90787,-12.51012,-1.75253,0.00007,-1.75246,-1.75268,0.01336,0.00009,0.01348,0.01322,-1.74308,0.00005,-1.74297,-1.74316,-1.76198,0.00012,-1.76184,-1.76221,1.47893,0.27074,4.03358,1.00556,0.66597,0.12526,0.99464,0.39513,7.15320,2.49737,20.37725,2.93221
1430,1196.6917605400085,11722752,274.37304,4110.03306,172.82833,665.62647,17.18308,513.76352,437.48438,-0.10761,0.24228,0.52664,-0.99058,4.51496,1.01601,6.87679,2.19966,29.88412,13.82507,68.11597,8.20195,-48.30773,17.83958,-8.82448,-82.87521,18.84815,8.67501,47.00434,3.56358,408.53323,230.52760,2168.12134,75.61176,0.00011,0.00510,0.02378,-0.01432,0.66727,0.04701,0.78902,0.49550,0.99985,0.06586,1.22006,0.84306,1.66545,0.00183,1.66733,1.65542,-5.11969,1.22322,-2.64278,-9.87610,-1.75255,0.00004,-1.75250,-1.75261,0.01313,0.00006,0.01324,0.01302,-1.74327,0.00007,-1.74314,-1.74336,-1.76184,0.00003,-1.76177,-1.76190,1.50123,0.27904,2.89063,1.00774,0.65603,0.14331,0.98922,0.30501,7.44956,2.53235,18.09801,3.12472
1440,1195.8976740837097,11804672,192.36433,4520.56388,182.48786,663.56996,17.12973,515.12291,436.01562,0.15144,0.32315,0.96203,-0.86865,4.33380,0.89454,7.16155,2.26928,30.58199,11.18895,75.65887,7.19833,-41.35991,17.46632,-8.57744,-78.28640,17.69107,7.90980,48.05508,5.04856,456.94758,272.32395,2124.94653,99.91251,0.00038,0.00451,0.01690,-0.01379,0.66365,0.04506,0.77309,0.49064,0.99679,0.06048,1.22075,0.78374,1.66507,0.00196,1.66726,1.65497,-5.03741,1.21346,-2.19492,-9.88667,-1.75243,0.00010,-1.75232,-1.75262,0.01318,0.00009,0.01334,0.01306,-1.74311,0.00014,-1.74288,-1.74334,-1.76175,0.00007,-1.76163,-1.76190,1.41959,0.22248,2.40428,1.00820,0.69833,0.12229,0.99326,0.32650,7.60390,2.41224,16.12400,3.06861
1450,1193.8171501159668,11886592,305.48914,4306.23239,159.09629,663.86484,17.20997,512.50613,603.31250,-0.02446,0.24607,0.70247,-0.83115,4.43837,1.05293,8.28743,1.88332,29.52532,14.29429,62.11080,7.75872,-48.36308,16.57497,-11.90833,-83.55871,18.38303,9.20804,60.50959,2.95243,540.91159,354.94975,2494.76147,113.67407,0.00059,0.00410,0.01205,-0.01275,0.66408,0.04551,0.77573,0.52402,1.00607,0.06577,1.29520,0.85133,1.66437,0.00224,1.66669,1.65253,-5.34184,1.41301,-2.49554,-11.37377,-1.75219,0.00006,-1.75213,-1.75232,0.01328,0.00002,0.01331,0.01322,-1.74280,0.00007,-1.74272,-1.74292,-1.76158,0.00005,-1.76153,-1.76173,1.41475,0.32503,5.05518,1.00645,0.71297,0.14003,0.99470,0.33001,7.45244,2.60737,22.47704,2.74167
1460,1194.6505246162415,11968512,212.61276,4157.48968,171.15483,664.85822,17.10459,512.57748,519.15625,-0.04907,0.29520,0.85921,-1.05453,4.40239,1.07136,7.30219,2.04962,27.31495,11.76418,75.53111,8.52822,-44.57971,17.24012,-11.72585,-81.20378,18.79226,9.26487,52.00512,3.62199,416.73762,233.52958,1554.36353,67.34426,0.00078,0.00383,0.01247,-0.01138,0.66021,0.04392,0.81736,0.52029,1.00793,0.06508,1.20115,0.84121,1.66442,0.00192,1.66652,1.65410,-5.28190,1.27552,-2.65911,-10.68055,-1.75217,0.00003,-1.75213,-1.75222,0.01325,0.00003,0.01330,0.01319,-1.74281,0.00004,-1.74273,-1.74288,-1.76154,0.00003,-1.76149,-1.76158,1.36701,0.24109,2.86567,1.00518,0.72966,0.13485,0.99212,0.24861,7.71870,2.41164,16.34800,3.23356
1470,1195.973328590393,12050432,268.01225,4397.92440,190.88827,665.06694,17.05455,513.74216,580.90625,0.02710,0.36196,1.11925,-0.96844,4.51705,0.93321,7.79590,2.55023,28.24150,14.37670,75.27797,5.95583,-48.41385,17.18529,-9.22832,-84.19805,19.86420,8.63674,57.63615,5.99507,445.96661,215.83505,1678.29126,126.80442,0.00119,0.00356,0.01338,-0.01004,0.66222,0.04600,0.78573,0.50277,1.00549,0.06220,1.19616,0.84403,1.66459,0.00188,1.66654,1.65171,-5.34688,1.42457,-2.57586,-11.37111,-1.75217,0.00003,-1.75211,-1.75222,0.01326,0.00002,0.01330,0.01322,-1.74280,0.00002,-1.74275,-1.74284,-1.76154,0.00004,-1.76146,-1.76161,1.33426,0.21825,2.79995,1.00609,0.75357,0.13023,0.99413,0.27005,7.54368,2.43705,16.25434,3.01001
1480,1196.9086406230927,12132352,290.45561,4109.65930,174.36385,664.15960,17.13247,515.53387,557.43750,-0.04955,0.25598,0.51872,-0.97480,4.38755,1.09082,7.85119,2.18393,28.48106,12.85482,70.24289,6.33083,-46.22358,17.47485,-10.83282,-80.83698,19.31641,9.95078,61.39428,4.26165,475.69875,283.68808,2718.61890,106.70566,0.00186,0.00284,0.01056,-0.01101,0.66551,0.04479,0.79055,0.52993,1.00161,0.05975,1.21629,0.80805,1.66434,0.00204,1.66631,1.64838,-5.20464,1.26989,-2.82866,-9.26181,-1.75209,0.00002,-1.75206,-1.75212,0.01325,0.00001,0.01327,0.01322,-1.74272,0.00002,-1.74269,-1.74276,-1.76145,0.00002,-1.76142,-1.76149,1.26025,0.19044,2.30042,1.00560,0.80023,0.11834,0.99659,0.38400,7.75626,2.56778,22.69331,3.57394
1490,1194.9990615844727,12214272,353.35122,4257.01643,179.44190,664.54223,17.18875,513.19895,490.95312,-0.00147,0.35028,0.79627,-1.15745,4.40263,1.04206,7.98853,2.26886,26.85659,12.85448,60.91681,6.15534,-46.28295,16.34603,-9.59868,-84.38416,19.87171,9.59399,64.03000,4.95661,430.95194,274.52888,3098.13843,89.78581,0.00211,0.00231,0.00862,-0.00698,0.66647,0.04580,0.81504,0.52835,0.99602,0.06354,1.18940,0.81148,1.66394,0.00227,1.66625,1.65045,-5.09943,1.28887,-2.55994,-10.48321,-1.75205,0.00001,-1.75204,-1.75207,0.01326,0.00002,0.01329,0.01324,-1.74267,0.00002,-1.74265,-1.74271,-1.76143,0.00001,-1.76142,-1.76144,1.21409,0.16589,2.07465,1.00244,0.83263,0.10725,0.99780,0.35973,7.48561,2.23678,17.19233,2.78294
