EPOCH,Time Consumed,Total Frames,Running_Average_Rewards,Train_Epoch_Reward,Running_Training_Average_Rewards,Explore_Time,Train___Time,Eval____Time,eval_traj_length,advs/mean_Mean,advs/mean_Std,advs/mean_Max,advs/mean_Min,advs/std_Mean,advs/std_Std,advs/std_Max,advs/std_Min,advs/max_Mean,advs/max_Std,advs/max_Max,advs/max_Min,advs/min_Mean,advs/min_Std,advs/min_Max,advs/min_Min,Training/vf_loss_Mean,Training/vf_loss_Std,Training/vf_loss_Max,Training/vf_loss_Min,grad_norm/vf_Mean,grad_norm/vf_Std,grad_norm/vf_Max,grad_norm/vf_Min,Training/policy_loss_Mean,Training/policy_loss_Std,Training/policy_loss_Max,Training/policy_loss_Min,logprob/mean_Mean,logprob/mean_Std,logprob/mean_Max,logprob/mean_Min,logprob/std_Mean,logprob/std_Std,logprob/std_Max,logprob/std_Min,logprob/max_Mean,logprob/max_Std,logprob/max_Max,logprob/max_Min,logprob/min_Mean,logprob/min_Std,logprob/min_Max,logprob/min_Min,log_std/mean_Mean,log_std/mean_Std,log_std/mean_Max,log_std/mean_Min,log_std/std_Mean,log_std/std_Std,log_std/std_Max,log_std/std_Min,log_std/max_Mean,log_std/max_Std,log_std/max_Max,log_std/max_Min,log_std/min_Mean,log_std/min_Std,log_std/min_Max,log_std/min_Min,ratio/max_Mean,ratio/max_Std,ratio/max_Max,ratio/max_Min,ratio/min_Mean,ratio/min_Std,ratio/min_Max,ratio/min_Min,grad_norm/pf_Mean,grad_norm/pf_Std,grad_norm/pf_Max,grad_norm/pf_Min
0,539.1058869361877,8192,-113.62608,-995.10282,nan,114.03012,6.76458,415.07204,1000.00000,-1.97856,0.03680,-1.88824,-2.03890,0.44907,0.04945,0.56972,0.38452,-0.46556,0.34120,0.04794,-0.93641,-3.12845,0.11719,-2.84494,-3.30902,3.08499,0.75884,4.30841,1.59091,21.93131,5.35908,29.74978,12.95412,-0.01437,0.00676,0.00661,-0.02559,1.31573,0.04461,1.41680,1.23220,1.00321,0.06180,1.20209,0.91309,2.31970,0.00156,2.32181,2.31357,-4.52048,1.32842,-2.44453,-7.67387,-2.07972,0.00029,-2.07920,-2.08016,0.00079,0.00061,0.00189,0.00000,-2.07916,0.00018,-2.07883,-2.07944,-2.08028,0.00072,-2.07922,-2.08150,1.61285,0.22855,2.17511,1.00879,0.61666,0.07966,0.99590,0.50608,1.77380,1.04293,4.94813,0.26944
10,1478.3865439891815,90112,11.83853,290.31280,-8.28831,1110.25800,45.58684,322.28155,588.90625,-0.12146,0.83634,1.15991,-1.64689,0.52840,0.23477,1.54674,0.36548,1.26640,0.85697,2.79913,-0.48885,-3.57422,4.41893,-0.12561,-16.59660,0.43959,0.49041,2.65844,0.13139,9.46756,11.52135,53.65115,0.06378,-0.01281,0.01141,0.01897,-0.04458,1.31207,0.04498,1.47102,1.14525,1.00869,0.06246,1.19946,0.76286,2.32419,0.00354,2.32918,2.31126,-4.47535,1.23814,-1.58670,-8.44459,-2.08195,0.00151,-2.07958,-2.08363,0.00826,0.00357,0.01606,0.00195,-2.07611,0.00125,-2.07227,-2.07881,-2.08779,0.00397,-2.08156,-2.09498,1.68943,0.33300,3.13011,1.00161,0.58716,0.13581,0.99801,0.27689,2.66058,1.73048,10.78113,0.20192
20,1375.853716135025,172032,16.45774,578.10078,23.02975,1114.46585,35.67877,225.41519,480.93750,0.58403,0.19938,1.05219,0.15053,2.02372,0.34730,3.15005,1.14588,4.61197,2.17235,12.28617,2.34045,-16.21049,3.75469,-8.18244,-24.83014,3.76126,1.32939,8.52165,1.13470,87.39829,79.52781,423.02130,4.35874,0.00453,0.00566,0.02664,-0.01655,1.31824,0.04524,1.43496,1.13641,1.00950,0.06582,1.18685,0.83632,2.32487,0.00258,2.32934,2.31347,-4.63878,1.31088,-2.09335,-8.93571,-2.08238,0.00064,-2.08142,-2.08361,0.01909,0.00166,0.02152,0.01610,-2.06888,0.00175,-2.06648,-2.07223,-2.09588,0.00072,-2.09454,-2.09721,1.61627,0.28987,2.84795,1.00550,0.61394,0.12578,0.99643,0.29990,2.70211,1.33961,8.16575,0.38804
30,1420.8749585151672,253952,71.62364,1189.45135,50.33075,1120.39303,34.57038,265.63267,443.00000,0.73198,0.18814,1.24524,0.28615,1.93879,0.38857,3.17518,1.14489,7.98812,3.48368,20.19140,2.85600,-17.34919,6.93011,-6.06891,-35.07059,3.59081,1.51094,10.04985,1.05676,121.92243,86.69587,491.64429,10.53892,0.00569,0.00650,0.03509,-0.01158,1.31941,0.04585,1.46422,1.17804,1.00861,0.06546,1.20284,0.84472,2.32381,0.00269,2.32819,2.31060,-4.66806,1.36176,-2.14060,-10.29721,-2.08182,0.00088,-2.08028,-2.08322,0.02361,0.00170,0.02620,0.02106,-2.06513,0.00088,-2.06356,-2.06654,-2.09851,0.00191,-2.09601,-2.10149,1.83601,0.42063,3.63681,1.01570,0.52312,0.13611,0.98375,0.10482,2.92831,1.44958,8.48417,0.55767
40,1542.8265647888184,335872,95.41418,1423.84874,68.14872,1118.22685,28.95485,395.42717,535.96875,0.46495,0.14001,0.83959,-0.00455,2.62243,0.41860,3.92041,1.69321,11.32975,5.20010,26.75266,3.91348,-22.39433,6.63052,-9.38621,-36.95284,5.96098,2.06666,14.98713,2.26785,172.94970,119.57667,802.12793,18.66885,0.00878,0.00856,0.04202,-0.00906,1.30558,0.04360,1.42395,1.16791,1.01781,0.06391,1.19985,0.81722,2.32488,0.00211,2.32820,2.31079,-4.58311,1.32041,-2.23781,-10.51975,-2.08233,0.00039,-2.08158,-2.08321,0.02599,0.00086,0.02769,0.02440,-2.06395,0.00086,-2.06203,-2.06500,-2.10070,0.00056,-2.09929,-2.10144,2.13284,0.74937,8.09361,1.01567,0.46137,0.16354,0.97843,0.03572,3.75080,1.81747,10.56642,0.97424
50,1478.5088601112366,417792,84.12335,1482.71034,69.61749,1118.38130,29.78568,330.17885,538.34375,0.26765,0.15844,0.70698,-0.16257,2.86041,0.48493,4.44811,1.77123,13.12522,5.22970,30.19699,3.70924,-23.90249,8.79667,-8.36601,-44.99788,6.76365,2.43327,16.70549,2.92866,236.37541,161.77476,826.93103,22.53235,0.00721,0.00798,0.03911,-0.01436,1.30641,0.04421,1.42997,1.15516,1.01693,0.06305,1.24903,0.85261,2.31725,0.00337,2.32510,2.30673,-4.66861,1.35407,-1.96644,-9.30795,-2.07856,0.00132,-2.07605,-2.08163,0.02783,0.00113,0.02952,0.02591,-2.05888,0.00201,-2.05555,-2.06228,-2.09824,0.00084,-2.09644,-2.10119,2.08372,0.62153,5.94660,1.03729,0.44374,0.14908,0.97206,0.00705,3.31230,1.53982,11.07800,0.77625
60,1556.8679246902466,499712,78.28556,1446.41436,73.79063,1106.93800,29.99121,419.82979,631.93750,0.37071,0.21546,0.81803,-0.23833,2.26421,0.44172,3.72316,1.07483,11.47436,5.20046,31.07443,3.76229,-17.69812,7.41464,-4.97243,-45.62816,4.49291,1.78578,12.45919,1.12727,199.13298,148.75932,1020.11743,15.34968,0.00845,0.00902,0.05603,-0.01137,1.30657,0.04504,1.42947,1.16190,1.00758,0.06193,1.25360,0.83635,2.31306,0.00222,2.31684,2.30183,-4.46346,1.15852,-2.03525,-8.56460,-2.07640,0.00054,-2.07572,-2.07740,0.02985,0.00075,0.03068,0.02800,-2.05529,0.00052,-2.05449,-2.05616,-2.09750,0.00094,-2.09560,-2.09892,2.09906,0.75027,7.13531,1.03559,0.44980,0.14994,0.97257,0.09686,3.75111,1.77561,11.64056,0.94176
70,1528.8119645118713,581632,86.84881,1278.92821,85.93839,1094.92141,30.10793,403.68191,527.12500,0.29421,0.17087,0.82145,-0.25178,2.16289,0.40691,3.60738,0.91343,9.56843,3.61007,21.83032,3.83205,-17.55515,8.01821,-4.47490,-50.27958,3.97605,1.42173,9.91418,0.94138,172.94176,127.34596,902.24548,16.66189,0.00884,0.00848,0.04577,-0.01257,1.30058,0.04470,1.42959,1.17274,1.01537,0.05942,1.17124,0.82422,2.31285,0.00324,2.31760,2.29908,-4.63094,1.25864,-2.20068,-8.59366,-2.07633,0.00127,-2.07363,-2.07776,0.03578,0.00213,0.03846,0.03052,-2.05102,0.00250,-2.04733,-2.05466,-2.10163,0.00124,-2.09771,-2.10305,2.03129,0.63788,6.91026,1.02024,0.47396,0.15915,0.97182,0.05894,3.61124,1.59158,11.10025,0.84415
80,1469.9854578971863,663552,94.99421,1740.32070,100.86468,1084.19192,30.34568,355.34215,421.15625,0.12866,0.20667,0.78127,-0.50837,2.79865,0.50948,5.11009,1.80518,10.99833,4.95148,29.04977,3.90595,-24.28597,10.42427,-10.00803,-58.09500,6.33453,2.22803,18.84647,2.79560,197.92283,125.97996,817.44360,34.59846,0.00871,0.00967,0.08483,-0.01021,1.29383,0.04753,1.42839,1.16530,1.01003,0.06348,1.22305,0.83012,2.30273,0.00349,2.30925,2.28521,-4.62660,1.27702,-2.34296,-9.75959,-2.07133,0.00141,-2.06975,-2.07363,0.03835,0.00098,0.04018,0.03704,-2.04421,0.00170,-2.04214,-2.04742,-2.09844,0.00143,-2.09624,-2.10011,2.20674,0.73646,6.22878,1.04928,0.42648,0.15894,0.96262,0.06831,3.96269,1.86306,13.33601,0.92602
90,1532.1550641059875,745472,78.69271,1202.02392,74.30694,1081.55689,29.57268,420.90130,708.03125,0.09707,0.21481,0.53284,-0.65252,2.51967,0.59671,4.69776,1.51170,12.61792,7.44687,39.83657,3.70305,-22.48730,10.30040,-8.08611,-53.44966,5.06341,2.72832,20.70057,1.52597,203.30486,148.91796,1232.88049,29.29266,0.00808,0.00897,0.04937,-0.01718,1.28180,0.04680,1.41317,1.10553,1.01232,0.06402,1.21909,0.84471,2.29541,0.00394,2.30184,2.28381,-4.55956,1.32124,-2.31590,-9.27627,-2.06762,0.00167,-2.06499,-2.06992,0.03615,0.00116,0.03805,0.03443,-2.04206,0.00101,-2.04010,-2.04372,-2.09318,0.00243,-2.08980,-2.09660,2.13744,0.62059,5.22403,1.01749,0.43042,0.15265,0.98050,0.03140,3.89861,1.71116,11.31007,1.19126
100,1532.3713195323944,827392,100.27970,1093.37990,63.15594,1081.91670,30.87102,419.35233,736.00000,0.01751,0.21982,0.43374,-0.64486,2.49992,0.56948,5.10282,1.39651,13.47827,6.81065,34.94284,3.63604,-22.47548,10.22900,-8.24473,-53.85873,4.49972,2.29301,17.58580,1.36762,160.27855,108.84308,626.46655,24.11816,0.00883,0.00911,0.05164,-0.01193,1.27236,0.04293,1.39535,1.14281,1.01744,0.06181,1.22252,0.81479,2.28615,0.00284,2.29322,2.27330,-4.63008,1.34214,-2.00494,-10.18042,-2.06296,0.00108,-2.06120,-2.06568,0.03478,0.00125,0.03631,0.03247,-2.03837,0.00094,-2.03692,-2.04023,-2.08755,0.00174,-2.08420,-2.09115,2.21869,0.77474,7.22700,1.02147,0.41191,0.16862,0.97553,0.02114,3.62482,1.62881,10.30631,0.84343
110,1427.072949886322,909312,93.95204,1755.80253,82.21323,1081.35187,30.66451,314.91370,430.75000,0.07707,0.16717,0.49281,-0.44650,2.67808,0.59968,4.54045,1.32397,12.81837,6.91304,36.20099,3.63950,-24.50315,10.03593,-10.41059,-52.72392,5.59141,2.53806,16.77326,1.37294,195.06849,139.03366,989.06482,15.33077,0.00773,0.00861,0.06453,-0.01294,1.26125,0.04377,1.39901,1.11525,1.02215,0.06486,1.24372,0.83885,2.28102,0.00216,2.28438,2.27190,-4.81744,1.42601,-1.92966,-11.27943,-2.06043,0.00050,-2.05941,-2.06122,0.03327,0.00049,0.03416,0.03244,-2.03691,0.00078,-2.03540,-2.03821,-2.08396,0.00038,-2.08320,-2.08485,2.21791,0.74718,7.58916,1.01834,0.41858,0.14629,0.97512,0.04505,3.88128,1.82752,16.50323,0.89787
120,1453.5030941963196,991232,110.89517,1888.61349,93.88390,1084.82900,30.41656,338.02923,433.12500,0.02616,0.19994,0.72823,-0.52434,2.87968,0.51793,4.50966,1.83807,14.96596,7.53191,36.78437,4.51832,-25.20600,10.87858,-8.68560,-51.27275,6.34679,2.31170,18.09541,2.58666,200.11963,135.83015,840.50366,35.62580,0.00762,0.00858,0.04689,-0.00972,1.26790,0.04444,1.40829,1.12605,1.01277,0.06563,1.30576,0.85660,2.27837,0.00252,2.28304,2.26839,-4.58141,1.27124,-2.06591,-9.24303,-2.05911,0.00083,-2.05787,-2.06049,0.03301,0.00063,0.03430,0.03198,-2.03578,0.00085,-2.03425,-2.03721,-2.08245,0.00103,-2.08087,-2.08421,2.14348,0.62928,6.90895,1.02676,0.42983,0.14369,0.96112,0.11447,4.00043,1.75244,10.68619,0.88114
130,1534.3176395893097,1073152,85.51744,600.33309,79.94162,1084.26619,30.38041,419.56200,608.25000,0.10035,0.24333,0.79228,-0.45713,2.51976,0.63415,4.46192,1.31973,14.61928,7.76318,40.62220,3.81968,-21.95869,10.78935,-5.26200,-48.14802,4.69146,2.29758,15.51386,0.95084,200.59114,144.69450,1195.89368,14.87093,0.00678,0.00793,0.03257,-0.01625,1.26238,0.04648,1.40970,1.10044,1.01422,0.05818,1.19362,0.84492,2.27659,0.00218,2.28007,2.26772,-4.47149,1.00847,-2.48882,-9.42950,-2.05822,0.00050,-2.05693,-2.05901,0.03197,0.00048,0.03267,0.03078,-2.03561,0.00037,-2.03495,-2.03628,-2.08083,0.00077,-2.07869,-2.08182,2.13304,0.64842,8.37625,1.03582,0.43632,0.14223,0.97313,0.09807,3.80297,1.50852,10.59205,1.13380
140,1542.671630859375,1155072,84.70965,1207.82583,81.33208,1090.91371,32.58768,418.83333,747.90625,-0.05291,0.16791,0.27752,-0.49628,2.30894,0.52660,4.60456,1.37090,10.99957,5.94627,31.56714,2.95295,-19.91000,10.13558,-6.94430,-54.62197,4.17658,2.13095,17.12815,1.19211,170.56744,134.85212,1222.28040,18.74175,0.00692,0.00857,0.06391,-0.01411,1.24983,0.04509,1.37112,1.11385,1.01613,0.06377,1.21893,0.83201,2.26759,0.00458,2.27584,2.25508,-4.67931,1.23637,-2.29487,-9.50143,-2.05374,0.00208,-2.04961,-2.05692,0.02956,0.00104,0.03098,0.02764,-2.03284,0.00207,-2.02869,-2.03570,-2.07465,0.00234,-2.07052,-2.07874,2.18037,0.61367,5.35903,1.02680,0.41190,0.16348,0.97446,0.06072,3.31194,1.55463,13.87192,0.90003
150,1374.794471025467,1236992,95.71037,1416.94716,86.89240,1087.07938,27.81307,259.78779,433.50000,-0.03206,0.19755,0.45950,-0.57450,2.35882,0.67202,4.36666,1.04056,12.93816,8.38914,45.04802,2.41366,-22.15833,11.12039,-6.11206,-50.62975,4.13974,2.23373,12.77521,0.57973,150.52441,100.30913,629.75854,13.49597,0.00703,0.00820,0.04242,-0.01223,1.23977,0.04398,1.35442,1.08268,1.01726,0.05782,1.19267,0.82895,2.25466,0.00332,2.26172,2.24089,-4.75432,1.29150,-1.89066,-9.73718,-2.04727,0.00141,-2.04564,-2.04990,0.02968,0.00056,0.03047,0.02838,-2.02628,0.00157,-2.02420,-2.02921,-2.06825,0.00134,-2.06628,-2.07060,2.11306,0.61886,8.37738,1.03079,0.42490,0.15457,0.97475,0.04119,3.33549,1.43633,8.79642,0.83528
160,1518.526428937912,1318912,85.98088,1842.07517,79.52157,1087.41442,32.03177,398.95567,523.40625,0.14895,0.13850,0.51490,-0.33749,2.15291,0.71599,4.75095,0.84754,13.77741,10.08576,40.80723,2.95172,-16.08299,7.72602,-4.79563,-45.89019,3.75749,2.26751,16.48959,0.61564,164.65846,121.88927,909.83655,17.62110,0.00638,0.00855,0.04994,-0.01241,1.23201,0.04660,1.38180,1.08809,1.01561,0.06365,1.23206,0.81154,2.25023,0.00240,2.25342,2.22487,-4.66214,1.32545,-2.28690,-10.77117,-2.04512,0.00038,-2.04432,-2.04577,0.03151,0.00109,0.03391,0.02913,-2.02284,0.00104,-2.02079,-2.02503,-2.06740,0.00064,-2.06620,-2.06876,2.22009,0.69686,6.00261,1.04884,0.41091,0.14986,0.94778,0.03952,3.58940,1.59222,10.67597,0.97339
170,1537.1306548118591,1400832,93.32694,1738.83822,91.11671,1087.54206,28.64755,420.82753,503.37500,0.14383,0.20119,0.69205,-0.47610,2.78141,0.71061,5.25753,1.45233,17.07652,9.52194,49.79003,4.82662,-23.82958,11.66592,-6.26754,-54.73770,5.33782,2.56173,22.73688,1.78061,170.98400,110.26126,712.96790,18.09825,0.00826,0.00919,0.06327,-0.01340,1.23256,0.04324,1.36117,1.08734,1.01291,0.06319,1.22902,0.81377,2.24619,0.00358,2.25178,2.23147,-4.74267,1.42590,-2.12863,-12.38878,-2.04315,0.00149,-2.03983,-2.04500,0.03520,0.00090,0.03661,0.03340,-2.01826,0.00181,-2.01416,-2.02085,-2.06804,0.00140,-2.06544,-2.07000,2.33422,0.82482,9.98327,1.03751,0.38608,0.15221,0.96918,0.06953,3.89557,1.77018,20.67278,0.91324
180,1520.4222157001495,1482752,95.61182,1197.16317,100.16502,1130.98116,27.58357,361.74562,389.68750,0.13025,0.19648,0.70246,-0.41447,2.73145,0.54725,4.39057,1.28724,16.11354,8.50715,45.31678,4.27800,-26.89908,11.75520,-7.17380,-56.84233,5.00893,2.45280,15.67935,1.64482,195.14197,152.66826,1274.30273,29.70649,0.00871,0.01048,0.09418,-0.01484,1.22335,0.04594,1.34195,1.04607,1.00874,0.06089,1.19928,0.86809,2.23736,0.00229,2.24160,2.22519,-4.59497,1.32701,-2.29285,-10.44314,-2.03863,0.00060,-2.03784,-2.03980,0.03641,0.00041,0.03708,0.03542,-2.01288,0.00082,-2.01171,-2.01437,-2.06437,0.00047,-2.06359,-2.06548,2.44856,1.29508,23.58273,1.03352,0.37114,0.15929,0.97124,0.05450,4.44453,2.15268,17.95111,1.10921
190,1487.9627878665924,1564672,110.63670,1909.56646,86.36766,1148.60991,28.92114,310.19169,368.90625,-0.02261,0.17818,0.54309,-0.58555,2.91280,0.62338,4.74519,1.43919,17.76905,8.78476,44.78288,3.57693,-25.20602,10.30143,-9.43570,-50.47518,5.81998,2.62883,18.79189,1.05205,196.10421,140.79050,1292.94263,16.67195,0.00861,0.01009,0.05775,-0.01202,1.21884,0.04766,1.34373,1.04255,1.02111,0.06266,1.20483,0.84185,2.23477,0.00217,2.23870,2.22357,-4.69120,1.12709,-2.41624,-9.27766,-2.03734,0.00050,-2.03635,-2.03833,0.03144,0.00244,0.03611,0.02751,-2.01511,0.00144,-2.01268,-2.01734,-2.05957,0.00209,-2.05624,-2.06378,2.49106,1.04348,11.32278,1.02883,0.37610,0.14644,0.96946,0.07136,4.37666,1.95113,13.59164,1.21385
200,1408.8372645378113,1646592,91.78032,2240.45024,79.43938,1098.51762,27.24397,282.91745,362.15625,0.19047,0.20385,0.71903,-0.31943,2.76339,0.60574,4.76262,1.61849,13.87854,6.02999,32.78921,3.61994,-27.04288,13.64183,-7.08111,-57.48112,5.35491,2.40728,18.34983,1.59251,178.73177,115.48366,794.87292,27.08220,0.00764,0.00963,0.06417,-0.01552,1.21717,0.04673,1.36445,1.04783,1.01658,0.06295,1.28716,0.85519,2.23491,0.00232,2.23926,2.22230,-4.70258,1.14366,-2.20665,-7.91964,-2.03729,0.00069,-2.03641,-2.03864,0.02450,0.00127,0.02749,0.02318,-2.01996,0.00127,-2.01737,-2.02188,-2.05461,0.00098,-2.05291,-2.05631,2.30565,0.74598,6.87369,1.02845,0.38749,0.14734,0.95260,0.04074,4.24452,1.91176,14.51175,1.08183
210,1467.3583030700684,1728512,124.50168,1988.39460,127.43915,1100.92681,27.26992,338.91462,365.25000,0.12106,0.20814,0.64321,-0.69569,2.94523,0.70182,5.44094,1.59828,18.48832,9.69949,47.89307,4.86682,-24.63960,11.78610,-6.89282,-60.32999,6.29858,3.29743,22.98691,1.67222,205.62884,155.56187,1310.70386,33.96107,0.00756,0.00958,0.04996,-0.01761,1.22069,0.04417,1.32909,1.06362,1.01738,0.06381,1.30437,0.83932,2.23497,0.00199,2.23800,2.22148,-4.66890,1.33148,-2.03450,-10.93012,-2.03735,0.00044,-2.03639,-2.03815,0.02321,0.00078,0.02450,0.02155,-2.02094,0.00064,-2.01988,-2.02290,-2.05376,0.00078,-2.05267,-2.05519,2.28839,0.72834,9.53082,1.04373,0.39133,0.14434,0.95450,0.06299,4.88365,2.17984,19.52074,1.30986
220,1507.0730862617493,1810432,115.33503,2797.28481,130.72415,1103.67569,27.22443,375.97062,421.56250,0.02439,0.28595,0.74052,-0.70772,3.37049,0.56139,4.75305,2.02122,23.92502,10.93467,56.13360,5.78315,-29.79964,12.08214,-9.73627,-58.85150,7.56031,3.30253,21.10984,2.10205,234.65888,159.82525,1125.29614,36.07309,0.00983,0.00922,0.04585,-0.01472,1.21294,0.04670,1.36984,1.06436,1.02214,0.06679,1.23187,0.84717,2.23447,0.00257,2.23866,2.21397,-4.87588,1.27124,-2.24957,-9.50516,-2.03718,0.00067,-2.03611,-2.03834,0.02094,0.00052,0.02210,0.02019,-2.02237,0.00048,-2.02141,-2.02336,-2.05199,0.00097,-2.05076,-2.05362,2.45819,0.85451,8.34703,1.02633,0.35753,0.15507,0.96497,0.04685,4.59729,1.87526,12.01097,1.25768
230,1412.2014424800873,1892352,113.29408,2866.17334,94.69327,1104.90322,27.25131,279.92072,376.59375,-0.03843,0.20239,0.53432,-0.58390,3.14077,0.51028,5.28931,2.05189,19.06399,8.93820,46.04207,5.22425,-28.15612,10.72383,-7.68795,-57.52976,6.89117,2.68470,21.86961,2.92267,209.05980,137.73795,880.73523,39.79911,0.00786,0.01000,0.06089,-0.01654,1.21201,0.04682,1.33473,1.04231,1.01521,0.06224,1.31510,0.85573,2.23068,0.00287,2.23558,2.21477,-4.61438,1.26671,-2.18658,-10.61837,-2.03538,0.00102,-2.03364,-2.03679,0.01833,0.00091,0.02036,0.01687,-2.02241,0.00084,-2.02083,-2.02373,-2.04834,0.00148,-2.04633,-2.05113,2.39277,0.78094,6.84731,1.02847,0.38095,0.15462,0.97652,0.03447,4.62420,1.99401,15.66619,1.48118
240,1558.3087508678436,1974272,117.13753,3012.01040,124.92657,1103.83602,27.35841,426.80843,378.84375,-0.10803,0.29339,0.57680,-0.90118,3.60869,0.65679,5.99805,2.19672,22.70881,10.23822,47.51986,6.66876,-31.99606,13.03606,-8.99341,-64.83606,8.72288,4.14084,30.73190,3.31462,263.05501,162.11693,1020.57880,52.37767,0.00905,0.00967,0.04986,-0.01488,1.19651,0.04742,1.32562,1.02975,1.02307,0.06577,1.25517,0.85382,2.22313,0.00383,2.23024,2.21087,-4.78892,1.25900,-2.36322,-9.98989,-2.03153,0.00156,-2.02971,-2.03420,0.01918,0.00108,0.02112,0.01784,-2.01797,0.00226,-2.01479,-2.02129,-2.04509,0.00098,-2.04378,-2.04712,2.43183,0.75608,6.57844,1.03694,0.35489,0.15026,0.96642,0.03377,5.00066,2.10674,13.39423,1.39632
250,1468.422703742981,2056192,94.96817,2842.65842,104.35279,1104.70228,27.43609,336.12091,298.56250,-0.24353,0.26466,0.30675,-1.07756,3.67929,0.71989,5.64926,2.12083,23.24194,9.36370,45.33437,7.49242,-31.18486,11.29066,-8.65589,-54.60587,9.79282,4.64575,32.15910,3.14005,298.31294,211.18808,1639.91833,44.95707,0.00681,0.00943,0.04514,-0.01674,1.19910,0.04721,1.31844,1.05912,1.01247,0.06146,1.20423,0.83842,2.21563,0.00283,2.22145,2.20389,-4.59203,1.24678,-2.03337,-9.95599,-2.02783,0.00090,-2.02650,-2.02972,0.02140,0.00063,0.02234,0.01996,-2.01270,0.00082,-2.01147,-2.01477,-2.04296,0.00116,-2.04114,-2.04474,2.29864,0.69416,7.91243,1.03434,0.38653,0.13924,0.96866,0.05675,4.76506,1.88669,13.26050,1.52136
260,1559.4154016971588,2138112,113.22199,2387.96937,85.75198,1104.69920,27.32823,427.25521,470.75000,0.04789,0.25525,0.69851,-0.72528,3.35052,0.62482,5.65370,1.82233,21.01934,8.83637,49.59876,4.54615,-31.58698,12.22106,-9.35843,-59.18295,7.90927,3.76614,24.51986,2.37289,217.77990,130.87129,795.87354,38.47020,0.00709,0.00913,0.04264,-0.01424,1.18985,0.04694,1.33686,1.02862,1.02642,0.06340,1.21100,0.83744,2.21117,0.00267,2.21536,2.19932,-4.81322,1.33989,-2.47176,-10.00098,-2.02557,0.00097,-2.02364,-2.02673,0.02174,0.00067,0.02332,0.02068,-2.01020,0.00135,-2.00792,-2.01186,-2.04094,0.00071,-2.03892,-2.04192,2.26551,0.69082,6.71472,1.03467,0.39677,0.14448,0.97486,0.05588,4.39250,1.86283,17.29872,1.23715
270,1448.4576680660248,2220032,134.64280,2916.02972,117.17957,1098.00937,27.29495,322.93248,365.43750,0.22021,0.23718,0.77374,-0.65570,3.62161,0.84164,6.58915,1.90535,24.14070,10.84474,51.22479,7.78414,-30.48379,13.63022,-8.41416,-58.33285,8.91016,4.68650,31.99055,2.68656,266.14424,188.14210,1446.82703,35.57748,0.00704,0.00939,0.04669,-0.01351,1.18877,0.04302,1.32106,1.06478,1.02074,0.06055,1.20587,0.86284,2.20752,0.00240,2.21154,2.19428,-4.68878,1.21790,-2.55501,-9.31799,-2.02369,0.00074,-2.02232,-2.02488,0.02151,0.00041,0.02239,0.02069,-2.00848,0.00078,-2.00686,-2.00992,-2.03890,0.00081,-2.03772,-2.03994,2.22271,0.65311,7.04317,1.04180,0.41307,0.14510,0.96793,0.01634,4.86029,2.15888,14.99387,1.34803
280,1551.703309059143,2301952,133.18055,2959.18438,97.08098,1096.87343,28.20245,426.30591,497.25000,0.08948,0.23183,0.83282,-0.65067,3.38335,0.63655,5.40108,2.08709,20.26888,9.56342,44.79174,5.24978,-32.29321,13.18447,-6.34752,-56.88535,8.35401,3.69430,26.09227,2.82317,229.62182,132.71513,1173.76086,43.34344,0.00685,0.00874,0.04100,-0.01324,1.18419,0.04402,1.30900,1.02129,1.01388,0.05830,1.21790,0.85946,2.20265,0.00292,2.20802,2.19077,-4.59072,1.14938,-2.34330,-10.49321,-2.02122,0.00112,-2.01829,-2.02299,0.02273,0.00110,0.02498,0.02132,-2.00514,0.00181,-2.00101,-2.00755,-2.03729,0.00066,-2.03557,-2.03854,2.28026,0.68155,6.86733,1.01262,0.40945,0.14816,0.98098,0.03432,4.69544,1.92056,12.30698,1.58383
290,1549.8965148925781,2383872,114.95745,1904.89636,125.29149,1100.01638,27.27164,422.43677,441.62500,0.25050,0.24719,0.79654,-0.38759,3.05537,0.65978,5.39912,1.77279,19.08414,10.59212,50.21484,4.65572,-27.95487,13.89452,-6.87647,-61.19118,6.31982,3.32570,24.77789,1.85008,186.48681,118.95761,874.46118,28.74326,0.00789,0.01072,0.09082,-0.01594,1.17168,0.04558,1.31051,1.04622,1.02369,0.06210,1.17675,0.85359,2.19368,0.00343,2.19958,2.17802,-4.79145,1.26133,-2.46411,-9.20789,-2.01677,0.00141,-2.01435,-2.01891,0.02367,0.00075,0.02531,0.02257,-2.00004,0.00178,-1.99656,-2.00288,-2.03351,0.00118,-2.03182,-2.03556,2.31556,0.67907,5.76124,1.04019,0.38131,0.14767,0.96658,0.03736,4.71824,2.09587,18.23623,1.30905
300,1562.8657364845276,2465792,127.57651,2193.89454,124.70977,1098.31357,38.21388,426.20991,585.65625,0.12920,0.22656,0.67159,-0.68881,2.91637,0.64661,5.12486,1.67977,19.91130,11.43130,61.05516,5.08764,-25.05774,12.96812,-7.76815,-63.34936,5.93915,3.17220,25.02758,1.74705,205.16427,175.89121,1909.09766,27.66678,0.00665,0.00970,0.04754,-0.01463,1.17295,0.04210,1.28927,1.03580,1.01380,0.06018,1.21633,0.86315,2.18934,0.00241,2.19390,2.17903,-4.66856,1.27559,-2.45528,-10.96536,-2.01459,0.00084,-2.01344,-2.01597,0.02497,0.00063,0.02597,0.02394,-1.99693,0.00103,-1.99525,-1.99855,-2.03225,0.00088,-2.03047,-2.03390,2.31397,0.78204,7.01462,1.03132,0.39791,0.15369,0.97483,0.04390,4.77324,2.03295,16.68363,1.19479
310,1547.7211813926697,2547712,121.29636,2697.36672,119.79180,1095.86226,27.23885,424.49254,478.59375,-0.00539,0.28642,0.69370,-0.76014,3.19359,0.56527,4.81171,2.09469,17.60662,9.15129,57.48187,5.74299,-29.80538,12.95113,-8.72373,-62.51518,7.15079,3.11903,19.19897,2.51819,206.03464,128.72501,659.33942,30.14651,0.00677,0.00904,0.04164,-0.01575,1.17048,0.04645,1.29691,1.03461,1.02280,0.06575,1.23439,0.87058,2.19019,0.00225,2.19389,2.17920,-4.90837,1.36152,-2.18733,-11.37633,-2.01507,0.00054,-2.01429,-2.01600,0.02865,0.00100,0.03020,0.02599,-1.99481,0.00102,-1.99323,-1.99652,-2.03532,0.00073,-2.03324,-2.03649,2.22142,0.68117,5.72779,1.03456,0.43061,0.14410,0.96579,0.12338,4.60827,2.01905,14.39033,1.50799
320,1550.1242337226868,2629632,123.02625,2268.34750,122.46343,1097.41735,27.13578,425.46387,422.46875,0.06087,0.31256,0.87894,-0.86646,3.18839,0.71905,5.39592,1.77292,20.37012,10.44674,51.21014,5.29523,-31.68363,13.17613,-6.10587,-58.46712,6.95949,3.67230,20.54311,2.13001,189.50048,123.00136,890.55414,33.31539,0.00752,0.00931,0.04878,-0.01480,1.16571,0.04686,1.30139,1.00969,1.02257,0.06513,1.22349,0.84793,2.18775,0.00243,2.19147,2.17761,-4.77859,1.28346,-2.16302,-8.91326,-2.01379,0.00077,-2.01265,-2.01482,0.03003,0.00098,0.03224,0.02878,-1.99255,0.00127,-1.99027,-1.99406,-2.03502,0.00073,-2.03377,-2.03596,2.27573,0.62850,5.21177,1.05135,0.38275,0.15057,0.95746,0.05928,4.59009,1.74922,11.26756,1.19434
330,1560.1393358707428,2711552,122.95873,2408.18042,101.45945,1106.15568,27.14023,426.66038,506.18750,0.08029,0.27045,0.73932,-0.77091,3.35170,0.74422,5.86448,1.45732,21.72906,11.46471,55.03707,4.26156,-31.69763,12.62686,-7.83212,-59.03833,7.48443,4.12936,33.83754,1.38303,217.77414,148.34416,762.73724,35.04092,0.00608,0.00869,0.04535,-0.01848,1.16668,0.04638,1.27705,1.01463,1.01767,0.06551,1.26777,0.83811,2.18351,0.00242,2.18819,2.16614,-4.78845,1.32149,-2.41525,-9.18898,-2.01164,0.00068,-2.01037,-2.01310,0.03196,0.00068,0.03326,0.03078,-1.98904,0.00096,-1.98722,-1.99047,-2.03424,0.00068,-2.03324,-2.03580,2.28718,0.71462,5.94833,1.03958,0.39274,0.15965,0.96978,0.02230,4.41420,1.82390,14.18491,1.50262
340,1559.212976694107,2793472,123.85027,1660.11065,102.57340,1104.51971,27.15405,427.43453,512.12500,0.00697,0.20270,0.58498,-0.60493,3.18796,0.67931,5.51519,1.58396,20.57913,10.11550,43.44823,4.41078,-29.87895,12.28461,-7.94300,-59.39038,6.94425,3.30760,25.40973,1.79722,199.55468,140.58648,1341.96484,20.50923,0.00660,0.00931,0.04324,-0.02014,1.16216,0.04619,1.28675,1.03717,1.01657,0.06391,1.18442,0.85402,2.17730,0.00366,2.18547,2.16413,-4.76144,1.20952,-2.57111,-9.55974,-2.00854,0.00152,-2.00616,-2.01171,0.03443,0.00081,0.03595,0.03319,-1.98419,0.00207,-1.98076,-1.98824,-2.03288,0.00100,-2.03152,-2.03518,2.38057,0.82651,8.45507,1.02430,0.37952,0.16172,0.96103,0.05811,4.34929,1.84063,12.99198,1.24633
350,1511.0094406604767,2875392,122.83962,2644.43894,101.62102,1101.84187,27.11085,381.94007,366.56250,0.05974,0.23119,0.61343,-0.72221,3.37877,0.79172,5.84930,1.71009,22.12594,12.98434,55.30877,5.11844,-29.71324,14.41670,-6.94562,-59.59449,7.42989,4.19593,24.71812,1.69176,198.87966,148.98751,911.47913,23.39555,0.00712,0.01031,0.06746,-0.01416,1.16186,0.04405,1.27861,1.01902,1.01232,0.06109,1.23262,0.84367,2.17066,0.00236,2.17498,2.15829,-4.76151,1.29542,-2.24995,-10.16028,-2.00533,0.00058,-2.00433,-2.00650,0.03668,0.00063,0.03788,0.03548,-1.97940,0.00056,-1.97816,-1.98109,-2.03126,0.00087,-2.02973,-2.03267,2.35722,0.91645,9.99814,1.03760,0.37872,0.15744,0.97087,0.00592,4.65566,2.06788,21.06882,1.47492
360,1550.5845756530762,2957312,102.40855,2348.05747,118.84716,1098.17745,26.98521,425.31136,421.84375,0.07264,0.21715,0.56031,-0.63959,3.15106,0.66150,5.50117,1.68733,22.98515,10.91776,52.93295,6.07003,-28.05243,12.82908,-7.87442,-59.09689,6.96786,3.39446,20.84649,1.47928,194.20123,132.16297,898.54303,28.94716,0.00705,0.01208,0.17123,-0.01526,1.14878,0.04865,1.27744,0.98319,1.02520,0.06753,1.22431,0.85626,2.16585,0.00272,2.17100,2.15505,-4.95050,1.52050,-2.22801,-13.17331,-2.00283,0.00100,-2.00110,-2.00451,0.03727,0.00063,0.03818,0.03541,-1.97648,0.00101,-1.97497,-1.97827,-2.02919,0.00117,-2.02646,-2.03077,2.33503,0.89067,10.01836,1.03629,0.40012,0.15721,0.96958,0.04458,4.63121,2.68435,45.33318,1.35133
370,1510.6504957675934,3039232,107.23231,2118.94950,102.21016,1099.80471,27.15949,383.57285,378.59375,0.15620,0.24019,0.76595,-0.60358,2.96906,0.62425,4.99615,1.59175,18.82167,9.32171,49.29492,3.17571,-26.76365,12.36898,-8.53198,-56.18472,6.17345,3.19836,21.90287,1.81343,176.63365,124.12996,890.35779,29.01311,0.00583,0.00856,0.03596,-0.01726,1.14347,0.04557,1.28178,1.01937,1.01926,0.06548,1.22362,0.84508,2.15750,0.00333,2.16495,2.14365,-4.84829,1.36449,-2.06007,-9.66651,-1.99866,0.00139,-1.99688,-2.00146,0.03288,0.00086,0.03539,0.03200,-1.97542,0.00096,-1.97381,-1.97666,-2.02191,0.00191,-2.01982,-2.02648,2.26803,0.66828,5.66453,1.03673,0.39224,0.15357,0.95166,0.00736,4.49851,1.82235,12.06297,1.56454
380,1550.5240151882172,3121152,107.65022,2501.22518,133.08044,1096.55134,27.11901,426.74715,592.40625,0.06126,0.24698,0.52572,-0.71449,3.20025,0.62678,5.63424,1.82107,20.16893,8.36896,48.24534,5.26907,-28.38821,13.95728,-8.26840,-61.95889,6.99276,3.45788,22.41735,2.20644,164.31692,103.75427,842.62952,22.94713,0.00672,0.00890,0.04194,-0.01415,1.13540,0.04384,1.26116,1.01348,1.01692,0.06675,1.22079,0.83339,2.14866,0.00321,2.15587,2.13893,-4.76796,1.48554,-1.98347,-11.77098,-1.99425,0.00125,-1.99184,-1.99688,0.03207,0.00060,0.03293,0.03082,-1.97157,0.00099,-1.96972,-1.97379,-2.01692,0.00158,-2.01396,-2.02010,2.40249,0.85930,9.10131,1.05678,0.38477,0.14401,0.94402,0.00725,4.47963,1.74210,11.33727,1.13261
390,1442.9850776195526,3203072,127.30061,2337.56826,102.78500,1099.78608,28.03838,315.04156,424.90625,0.03481,0.23062,0.70486,-0.53581,3.38068,0.62207,5.47184,2.08086,20.22423,10.41603,51.72723,5.00303,-32.24656,12.02195,-10.72241,-57.92672,7.71615,3.72059,26.79564,2.01633,195.04305,130.00422,1014.46753,36.57611,0.00543,0.00901,0.04038,-0.01601,1.12111,0.04323,1.23722,1.00316,1.01856,0.06273,1.21935,0.85478,2.13671,0.00361,2.14509,2.12549,-4.82248,1.48654,-2.17442,-14.08611,-1.98830,0.00151,-1.98634,-1.99183,0.02960,0.00118,0.03208,0.02828,-1.96737,0.00083,-1.96600,-1.96971,-2.00924,0.00229,-2.00660,-2.01395,2.29079,1.07348,20.48622,1.03124,0.38816,0.15305,0.97220,0.05263,4.08923,1.76656,13.63318,1.03999
400,1557.631032705307,3284992,122.91195,2138.68462,129.43828,1101.31506,27.94738,428.26072,672.50000,0.09759,0.24092,0.68549,-0.61607,2.82673,0.59275,5.05318,1.66024,16.65994,8.23456,43.78279,5.09824,-23.88448,12.67988,-9.24214,-61.88928,5.44654,2.88443,24.25386,1.74248,130.44093,76.17608,562.83118,25.73467,0.00515,0.00847,0.03027,-0.01474,1.11903,0.04439,1.26217,0.99043,1.01937,0.06352,1.22463,0.82587,2.13339,0.00233,2.13792,2.12051,-4.76463,1.14978,-2.36357,-8.35669,-1.98665,0.00063,-1.98584,-1.98796,0.02544,0.00157,0.02881,0.02336,-1.96867,0.00061,-1.96666,-1.96949,-2.00464,0.00170,-2.00251,-2.00772,2.28176,0.76320,7.08978,1.03545,0.39334,0.14503,0.96577,0.03325,4.21432,1.71750,11.28675,1.46306
410,1483.8799159526825,3366912,144.24028,2174.72410,115.34306,1103.02367,29.05188,351.56732,447.25000,0.09112,0.22417,0.67457,-0.53471,3.25172,0.75029,5.50329,1.78460,18.86738,8.70983,46.67905,4.96933,-31.95190,14.41657,-8.17703,-64.00604,7.12234,3.85954,25.17117,1.93566,170.35910,120.69649,872.13214,30.20986,0.00498,0.00881,0.06115,-0.02007,1.11601,0.04697,1.25121,0.93333,1.01713,0.06889,1.29793,0.84606,2.12960,0.00222,2.13397,2.11724,-4.86151,1.31716,-2.34263,-10.78758,-1.98467,0.00052,-1.98384,-1.98606,0.02556,0.00073,0.02698,0.02427,-1.96659,0.00051,-1.96572,-1.96783,-2.00274,0.00090,-2.00116,-2.00435,2.28196,0.71550,6.24709,1.03828,0.38985,0.15807,0.96458,0.03433,4.15924,1.79126,15.64396,1.45729
420,1554.2246069908142,3448832,142.83208,2679.73950,116.99673,1100.21154,32.13508,421.73727,523.90625,0.06392,0.24631,0.85860,-0.53194,3.20423,0.67475,5.43201,1.57546,17.78224,8.99790,43.86557,3.76405,-29.07727,12.89790,-7.62254,-63.81697,7.20588,3.59626,23.65364,2.03869,167.53552,124.99595,1203.53333,34.24570,0.00641,0.00950,0.05612,-0.01582,1.11206,0.04579,1.24055,0.97841,1.01766,0.06544,1.22642,0.83461,2.12863,0.00203,2.13134,2.11329,-4.89800,1.29777,-2.17439,-11.15280,-1.98420,0.00032,-1.98350,-1.98462,0.02568,0.00087,0.02742,0.02434,-1.96604,0.00084,-1.96470,-1.96741,-2.00235,0.00050,-2.00161,-2.00349,2.31900,0.73871,6.96162,1.05400,0.38147,0.15703,0.95464,0.03822,4.49446,1.65706,9.70622,1.61525
430,1561.3143527507782,3530752,122.47932,2061.87648,117.27216,1099.70770,34.26089,427.24247,503.59375,0.06034,0.20111,0.73715,-0.77570,3.35135,0.63563,6.03914,1.85560,21.77842,10.39340,51.13996,5.52973,-30.69736,12.81986,-9.62295,-56.53143,7.58953,3.48640,21.50540,2.66740,173.25805,113.33819,1085.39343,31.39896,0.00776,0.01037,0.05969,-0.01453,1.10725,0.04553,1.24043,0.98473,1.02072,0.06298,1.26834,0.82213,2.12551,0.00276,2.13114,2.10979,-4.79330,1.31652,-2.35709,-10.74718,-1.98270,0.00087,-1.98160,-1.98459,0.02634,0.00022,0.02670,0.02582,-1.96407,0.00086,-1.96286,-1.96616,-2.00133,0.00091,-1.99989,-2.00327,2.43038,0.99309,11.31189,1.03446,0.36818,0.16481,0.96302,0.01516,4.69897,1.97569,14.34332,1.53814
440,1588.1612994670868,3612672,125.38290,2111.10325,129.16171,1133.87104,29.03398,425.12655,537.87500,0.28947,0.22518,0.95411,-0.25040,2.95670,0.63593,5.07441,1.67409,21.02902,9.38198,53.32886,5.68355,-26.93264,12.81389,-7.47499,-64.82880,6.19942,3.22885,22.24025,2.25518,200.08117,151.78696,1051.44275,32.57690,0.00722,0.01139,0.13426,-0.01824,1.10631,0.04452,1.21531,0.96861,1.01912,0.06127,1.20678,0.84980,2.12289,0.00203,2.12603,2.11006,-4.78920,1.21796,-2.39383,-9.39505,-1.98130,0.00036,-1.98077,-1.98202,0.02277,0.00167,0.02589,0.02054,-1.96520,0.00098,-1.96324,-1.96692,-1.99740,0.00145,-1.99545,-1.99991,2.33939,0.73151,7.56084,1.03855,0.37556,0.15312,0.94436,0.01602,4.93128,2.39304,30.84871,1.62440
450,1568.3083634376526,3694592,134.81421,2083.37501,110.50170,1114.73968,28.62036,424.83070,512.12500,0.14139,0.23115,0.73099,-0.49009,3.35918,0.74483,5.51625,1.86863,20.91583,10.51273,52.93494,4.53523,-30.37758,11.36946,-9.58904,-58.84237,7.20451,3.70850,27.41328,2.24600,196.76364,146.89341,930.26221,31.41721,0.00634,0.00925,0.04885,-0.01365,1.10051,0.04547,1.21181,0.96188,1.01761,0.05932,1.22423,0.82041,2.12037,0.00293,2.12568,2.10794,-4.77219,1.30962,-2.62889,-12.53898,-1.98009,0.00111,-1.97843,-1.98186,0.01888,0.00075,0.02052,0.01771,-1.96674,0.00070,-1.96564,-1.96844,-1.99344,0.00159,-1.99113,-1.99595,2.44685,1.57566,20.25494,1.02422,0.36679,0.16217,0.96501,0.03535,4.85854,1.89854,18.57011,1.46811
460,1537.8941206932068,3776512,137.13754,1979.14011,106.12894,1116.24894,28.52554,393.00582,467.09375,0.10988,0.20799,0.86390,-0.45714,2.77256,0.61878,4.78114,1.58914,17.87779,10.94594,55.40935,3.91295,-24.70256,12.24733,-8.12560,-61.14128,5.26032,2.80907,21.37491,1.46016,166.14193,118.71427,887.01672,16.34903,0.00648,0.00938,0.03907,-0.01815,1.10109,0.04475,1.22840,0.97837,1.01666,0.06380,1.23679,0.82246,2.11573,0.00240,2.11983,2.09905,-4.81322,1.21930,-2.26347,-10.47123,-1.97777,0.00062,-1.97673,-1.97887,0.01776,0.00041,0.01856,0.01713,-1.96521,0.00077,-1.96362,-1.96670,-1.99034,0.00059,-1.98898,-1.99148,2.33321,0.95197,13.94476,1.02563,0.38691,0.15348,0.97661,0.01380,4.81022,1.92289,13.60740,1.47165
470,1513.0197558403015,3858432,123.50876,2211.22911,108.03322,1128.47771,27.85173,356.55905,472.46875,0.16297,0.32867,0.90699,-0.93802,3.16392,0.90990,6.06224,1.49890,19.63091,11.23678,54.64068,4.02794,-28.05855,14.37314,-8.51931,-68.31915,6.26574,3.96577,32.74498,1.43301,201.83541,197.08067,1475.13025,18.65547,0.00647,0.00931,0.06177,-0.01628,1.09561,0.04558,1.22114,0.95337,1.01659,0.06098,1.23050,0.84867,2.11245,0.00237,2.11896,2.10500,-4.77611,1.13950,-2.29794,-8.17702,-1.97614,0.00071,-1.97531,-1.97853,0.01701,0.00047,0.01785,0.01572,-1.96412,0.00053,-1.96339,-1.96596,-1.98817,0.00097,-1.98669,-1.99111,2.38162,0.89383,11.81451,1.03567,0.36797,0.15375,0.96592,0.05183,4.74209,1.94468,15.13259,1.75918
480,1455.537933588028,3940352,136.40046,2423.09833,128.55439,1117.94859,30.35772,307.10868,356.84375,0.12500,0.23657,0.84424,-0.58957,3.05528,0.63055,4.97470,1.64067,21.63472,10.82843,51.02952,4.09441,-28.44177,14.05533,-7.46293,-62.58704,6.22891,3.14871,21.86369,1.97986,171.83325,122.10446,999.05658,29.17015,0.00660,0.01126,0.09567,-0.01970,1.09472,0.04704,1.23147,0.94394,1.01279,0.06402,1.19175,0.82286,2.10963,0.00224,2.11316,2.09827,-4.84140,1.20983,-2.00097,-9.22284,-1.97474,0.00051,-1.97395,-1.97555,0.01588,0.00046,0.01680,0.01510,-1.96351,0.00052,-1.96295,-1.96459,-1.98596,0.00067,-1.98476,-1.98687,2.38812,0.84968,9.73236,1.05034,0.37682,0.16016,0.94701,0.01337,4.82601,2.49681,32.12640,1.58632
490,1571.8923933506012,4022272,132.85728,1992.76364,107.08345,1116.77915,29.60232,425.39162,498.87500,-0.05312,0.30972,0.75398,-0.93436,3.53149,0.76785,6.12717,1.86322,23.41855,9.98758,46.46899,4.19845,-32.40203,14.04410,-7.45470,-60.39017,7.74685,4.35518,31.90949,2.11642,217.66806,165.07152,1232.55408,34.92252,0.00669,0.01186,0.12709,-0.01941,1.08914,0.04389,1.22108,0.95086,1.01822,0.06081,1.21601,0.87137,2.10566,0.00264,2.11002,2.08684,-4.88382,1.17029,-2.11741,-9.12368,-1.97283,0.00074,-1.97186,-1.97404,0.01493,0.00066,0.01608,0.01350,-1.96228,0.00057,-1.96113,-1.96302,-1.98339,0.00109,-1.98189,-1.98528,2.36019,0.73420,6.37764,1.03240,0.36010,0.15946,0.96684,0.00280,4.90655,2.59482,32.07004,1.54375
500,1577.2402017116547,4104192,119.50452,2088.79387,97.54351,1120.46124,30.44119,426.19613,506.46875,0.05615,0.30037,0.70527,-0.86090,3.47913,0.83047,6.43971,1.88327,22.13268,9.68265,55.34280,6.02030,-30.37037,16.01117,-7.86547,-62.84847,8.12386,4.81050,32.87402,2.33113,220.46835,184.21997,1200.84375,31.91766,0.00611,0.00981,0.05263,-0.01728,1.08302,0.04440,1.21440,0.93907,1.01603,0.06562,1.23219,0.82765,2.10125,0.00267,2.10664,2.09081,-4.82865,1.32806,-2.07025,-11.54491,-1.97060,0.00087,-1.96867,-1.97230,0.01381,0.00079,0.01550,0.01259,-1.96083,0.00052,-1.95977,-1.96180,-1.98036,0.00137,-1.97757,-1.98281,2.44917,0.86768,7.70853,1.03808,0.36459,0.16314,0.97828,0.00503,4.80227,1.84820,13.89202,1.53893
510,1588.8990116119385,4186112,116.30247,1370.66683,114.82271,1128.16421,32.92753,427.69025,592.37500,0.21387,0.20194,0.89139,-0.37352,2.89711,0.81690,5.06797,1.28940,19.95766,10.02802,43.15661,4.16743,-25.54421,12.23588,-5.51618,-59.28475,5.41080,3.54852,21.53078,1.07573,167.73686,150.96574,1424.22729,19.70093,0.00605,0.01004,0.05219,-0.01959,1.07885,0.04758,1.20968,0.94532,1.01724,0.06388,1.22780,0.86038,2.09471,0.00309,2.09919,2.08308,-4.83463,1.24668,-2.33711,-9.64546,-1.96728,0.00127,-1.96463,-1.96865,0.01025,0.00066,0.01258,0.00927,-1.96004,0.00128,-1.95744,-1.96189,-1.97453,0.00142,-1.97182,-1.97755,2.45213,0.94292,8.25511,1.03033,0.36594,0.16136,0.97281,0.04359,4.56084,1.79638,13.11338,1.32756
520,1583.8425331115723,4268032,116.16939,1365.21900,102.86919,1128.39791,28.11974,427.21220,565.21875,0.03211,0.16166,0.47612,-0.39772,2.78473,0.55138,4.52392,1.60985,19.25380,11.20984,55.77607,4.23926,-26.04686,11.80885,-9.30690,-63.00787,5.24161,2.40322,17.65141,1.77231,154.73804,150.20236,1704.73389,17.76392,0.00609,0.01016,0.05104,-0.01621,1.06213,0.04378,1.16960,0.92298,1.01864,0.06040,1.20823,0.85869,2.08388,0.00331,2.09110,2.07031,-4.95254,1.30695,-2.51328,-10.75452,-1.96196,0.00126,-1.96018,-1.96460,0.00949,0.00072,0.01064,0.00820,-1.95525,0.00108,-1.95396,-1.95745,-1.96867,0.00160,-1.96605,-1.97179,2.44850,1.03834,18.45070,1.03365,0.35534,0.16310,0.95747,0.02809,4.48802,1.90428,18.19019,1.45791
530,1583.5712387561798,4349952,127.52739,1741.91786,111.19655,1128.03399,27.95204,427.26222,586.93750,0.08414,0.20171,0.68139,-0.46772,3.05458,0.69978,6.00661,1.31073,17.94751,9.58091,56.29619,5.96994,-28.84891,14.02876,-7.20624,-63.50249,6.56929,3.38376,24.31109,1.13198,178.30775,191.55228,2261.61401,17.50617,0.00598,0.01123,0.10843,-0.01946,1.06556,0.04472,1.19159,0.92854,1.01705,0.07015,1.22646,0.85691,2.07999,0.00207,2.08345,2.07110,-4.96612,1.52023,-2.45662,-12.04209,-1.95992,0.00038,-1.95944,-1.96076,0.00889,0.00064,0.00998,0.00769,-1.95364,0.00074,-1.95241,-1.95521,-1.96621,0.00040,-1.96513,-1.96678,2.56786,1.36331,21.86166,1.05142,0.33338,0.17265,0.92082,0.00516,4.53554,2.12332,20.50241,1.11326
540,1582.2194142341614,4431872,126.48717,1697.34625,109.03529,1127.25047,27.87015,426.99233,631.28125,-0.00016,0.26667,0.77552,-0.99642,3.21897,0.76901,5.55912,1.52286,18.91401,12.18143,60.29044,2.89319,-28.53977,14.56188,-7.73484,-65.59247,7.06287,4.15752,23.53469,1.71977,189.81534,157.98608,1153.74695,21.58282,0.00599,0.01033,0.05772,-0.01519,1.06155,0.04699,1.18482,0.91687,1.01577,0.06236,1.21486,0.86954,2.07984,0.00231,2.08340,2.06533,-4.80865,1.27655,-2.51878,-9.87987,-1.95982,0.00068,-1.95798,-1.96067,0.00644,0.00066,0.00786,0.00557,-1.95526,0.00054,-1.95381,-1.95596,-1.96437,0.00103,-1.96214,-1.96620,2.50482,0.89096,7.84715,1.02202,0.35392,0.16743,0.97085,0.00061,4.81022,1.89843,15.15917,1.57570
550,1582.7231760025024,4513792,136.87960,1702.33654,117.81601,1129.97478,28.16348,424.48105,522.21875,0.07688,0.24975,0.68862,-0.67773,3.00745,0.56476,5.26358,1.94096,20.79513,9.56360,50.07684,6.83540,-27.08272,12.59191,-8.24774,-54.44695,5.76501,2.69451,16.53567,1.91875,143.33820,95.20864,844.47302,25.95852,0.00609,0.00982,0.06971,-0.01621,1.05945,0.04755,1.26225,0.92084,1.02142,0.06620,1.20723,0.82773,2.07430,0.00215,2.07765,2.06437,-4.94644,1.27282,-2.37851,-10.05376,-1.95705,0.00047,-1.95629,-1.95793,0.00585,0.00083,0.00726,0.00468,-1.95291,0.00101,-1.95155,-1.95435,-1.96119,0.00035,-1.96073,-1.96209,2.49709,0.99080,10.27035,1.03582,0.36147,0.15741,0.94766,0.02221,4.56371,1.82849,16.91171,1.39546
560,1578.156528711319,4595712,142.73820,2577.12548,105.26199,1126.99864,28.17160,422.88200,504.81250,0.09213,0.22326,0.71501,-0.61203,3.13412,0.75959,5.30680,1.48935,19.77856,9.12408,52.37530,4.72421,-29.80867,13.94025,-9.22953,-66.76031,6.56484,3.92425,24.62951,1.26418,165.63404,144.40722,1169.35217,25.53584,0.00630,0.00944,0.04140,-0.01512,1.04973,0.04949,1.19229,0.89772,1.02620,0.06596,1.28164,0.85557,2.07193,0.00246,2.07599,2.06072,-5.02749,1.52115,-2.40320,-14.74833,-1.95589,0.00084,-1.95397,-1.95693,0.00619,0.00065,0.00757,0.00533,-1.95151,0.00057,-1.95013,-1.95238,-1.96027,0.00123,-1.95777,-1.96228,2.48212,0.86378,8.67462,1.03136,0.33759,0.15991,0.95537,0.00052,4.85472,1.91348,15.69785,1.55530
570,1599.4062840938568,4677632,138.92678,1403.73528,102.22690,1130.33553,44.07046,424.88319,489.93750,0.19236,0.19335,0.77626,-0.27533,2.80216,0.60131,4.44375,1.35800,16.39899,9.04167,53.68456,4.44330,-27.69712,13.96318,-8.05138,-67.39791,5.33433,2.88591,19.09572,1.12570,147.85615,122.99101,1090.85693,22.88421,0.00581,0.00985,0.04594,-0.01857,1.04671,0.04383,1.17350,0.90973,1.01742,0.06342,1.24974,0.86421,2.06444,0.00304,2.06984,2.05225,-5.00198,1.42063,-1.88976,-10.34247,-1.95215,0.00121,-1.94993,-1.95397,0.00272,0.00130,0.00544,0.00140,-1.95023,0.00059,-1.94870,-1.95110,-1.95407,0.00206,-1.95117,-1.95782,2.28570,0.79353,10.36121,1.02647,0.38053,0.16537,0.97477,0.00256,4.66144,1.77714,11.14715,1.35590
580,1587.5748455524445,4759552,138.27971,2154.55486,95.90062,1130.56278,30.24023,426.66835,585.12500,0.10488,0.19836,0.63900,-0.42360,3.07170,0.76673,5.38586,1.71899,21.08731,10.54467,55.91615,6.17986,-27.62784,14.76023,-5.54631,-62.84082,6.30412,3.94102,28.33028,1.16530,157.75423,139.95613,1378.24768,22.94011,0.00605,0.00944,0.06122,-0.01352,1.05109,0.04568,1.18484,0.88514,1.00791,0.06172,1.17740,0.85018,2.06054,0.00195,2.06304,2.04696,-4.78150,1.25432,-2.33619,-9.47907,-1.95020,0.00016,-1.94985,-1.95056,0.00394,0.00156,0.00609,0.00175,-1.94741,0.00110,-1.94569,-1.94919,-1.95298,0.00112,-1.95116,-1.95453,2.27368,0.62318,4.79078,1.02508,0.38625,0.15654,0.96808,0.00921,4.79050,2.02777,16.83818,1.34856
590,1584.963882446289,4841472,135.73463,2484.63518,117.54498,1130.68912,27.54483,426.61542,417.56250,0.15009,0.26480,0.71993,-0.72719,3.32141,0.93131,6.81203,1.80153,20.77677,9.79849,56.49105,5.94160,-33.36457,16.02713,-9.14648,-66.71320,7.67210,5.40817,37.57535,1.45856,189.31076,180.77252,1506.83911,22.21487,0.00618,0.01942,0.37682,-0.01754,1.04075,0.04617,1.19107,0.90628,1.02473,0.06310,1.20911,0.85282,2.06138,0.00231,2.06514,2.04899,-4.95674,1.38848,-2.34882,-10.27797,-1.95059,0.00067,-1.94964,-1.95154,0.00550,0.00049,0.00628,0.00474,-1.94670,0.00098,-1.94552,-1.94802,-1.95448,0.00041,-1.95375,-1.95520,2.34298,1.09795,19.35726,1.03694,0.39290,0.16073,0.97278,0.03598,4.87193,7.41331,162.32449,1.25465
600,1585.9323053359985,4923392,130.75483,2006.86776,128.10952,1130.52413,27.35202,427.94645,536.81250,0.26236,0.22549,1.00885,-0.28829,3.45533,0.69641,5.52847,1.93099,23.18686,10.83222,59.34966,4.97503,-30.50609,13.35229,-9.57361,-61.56640,7.74607,3.85034,29.22683,2.82966,204.59622,172.13310,1289.41821,44.64098,0.00680,0.01030,0.04715,-0.01889,1.04753,0.04381,1.16348,0.89540,1.01388,0.06139,1.19231,0.82223,2.06135,0.00290,2.06558,2.04785,-4.92176,1.32316,-2.52514,-10.54112,-1.95057,0.00107,-1.94843,-1.95179,0.00617,0.00084,0.00736,0.00498,-1.94620,0.00140,-1.94420,-1.94825,-1.95493,0.00101,-1.95232,-1.95632,2.47773,1.31574,23.77510,1.03301,0.36962,0.15311,0.97475,0.01695,5.03830,2.00690,15.20221,1.55367
610,1570.9093787670135,5005312,139.68941,2448.61610,128.36511,1129.40334,27.46612,413.92129,446.15625,0.07779,0.28740,0.70362,-0.59537,3.33938,0.76828,5.66424,1.61371,21.89933,11.02830,58.83186,5.20972,-31.12716,15.62798,-7.31691,-64.53036,7.25301,3.87869,24.91176,1.70234,191.10537,144.87391,1296.15686,22.56706,0.00610,0.00991,0.06183,-0.01873,1.03739,0.04432,1.17761,0.91002,1.01456,0.05995,1.26386,0.85051,2.05506,0.00209,2.05900,2.04690,-4.83853,1.23289,-2.59670,-8.86999,-1.94746,0.00053,-1.94664,-1.94859,0.00683,0.00058,0.00770,0.00546,-1.94263,0.00088,-1.94142,-1.94453,-1.95229,0.00034,-1.95142,-1.95301,2.43718,0.95335,9.02297,1.04936,0.36464,0.16539,0.96030,0.00844,4.67471,2.03084,19.23143,1.44640
620,1584.3209929466248,5087232,119.95869,2382.70905,127.66147,1128.75955,28.38594,427.07275,488.03125,0.17520,0.23608,0.87143,-0.70367,3.56258,0.80667,5.96588,1.98541,24.04270,11.55813,59.96793,6.60536,-31.01646,14.58549,-9.19267,-69.65813,7.70569,4.35947,28.43600,1.96971,232.82902,192.95237,1416.51428,40.48357,0.00592,0.01060,0.08362,-0.01700,1.03131,0.04543,1.15846,0.90827,1.02621,0.06784,1.23576,0.83623,2.05042,0.00228,2.05538,2.04075,-5.01173,1.41304,-2.28228,-12.33223,-1.94509,0.00077,-1.94428,-1.94670,0.00642,0.00069,0.00764,0.00549,-1.94055,0.00040,-1.93988,-1.94144,-1.94963,0.00122,-1.94842,-1.95195,2.38752,0.93399,12.63600,1.03871,0.37169,0.14701,0.95874,0.01111,5.05130,2.15595,16.70289,1.56674
630,1561.5351157188416,5169152,132.79653,1974.92530,134.16312,1127.92957,27.32706,406.16218,539.59375,0.06000,0.25641,0.85780,-0.79402,3.43830,0.68492,6.45343,2.18706,19.47906,10.22447,51.76488,4.84590,-34.24033,13.47143,-7.43992,-68.62041,7.95380,3.94921,32.86198,2.38523,237.74190,229.17008,1799.02759,39.22124,0.00572,0.01099,0.08090,-0.01778,1.02507,0.04175,1.14134,0.90888,1.01897,0.06351,1.19753,0.87128,2.04533,0.00282,2.05079,2.03372,-4.99892,1.50424,-2.44167,-11.77014,-1.94267,0.00091,-1.94086,-1.94449,0.00613,0.00028,0.00662,0.00560,-1.93834,0.00079,-1.93682,-1.94033,-1.94700,0.00106,-1.94486,-1.94869,2.42961,0.81351,7.11322,1.02785,0.35460,0.16607,0.97252,0.02993,4.81447,1.94936,12.80343,1.62642
640,1566.811331987381,5251072,134.97568,2391.18124,140.41864,1127.00055,27.98384,411.52139,465.53125,0.14160,0.30615,0.81473,-1.13813,3.52900,0.81992,6.98303,1.74494,22.55817,10.75113,56.81274,5.89470,-30.66323,13.14086,-9.05131,-61.39956,8.32409,4.57840,30.72443,2.14710,210.31458,163.29077,1055.14783,27.70949,0.00669,0.01176,0.12141,-0.01860,1.02909,0.04592,1.18588,0.87982,1.00786,0.06329,1.22653,0.82800,2.03966,0.00238,2.04374,2.03094,-4.91014,1.32735,-2.57009,-9.67807,-1.93975,0.00064,-1.93851,-1.94086,0.00449,0.00074,0.00580,0.00310,-1.93658,0.00023,-1.93619,-1.93702,-1.94292,0.00115,-1.94070,-1.94491,2.40338,1.16273,14.78219,1.02458,0.36976,0.15703,0.97750,0.00554,4.88827,2.08941,21.56288,1.70439
650,1542.65971493721,5332992,123.10591,2397.53122,123.44498,1124.16323,28.43399,389.62272,484.90625,0.08365,0.22885,0.86656,-0.53751,3.67218,0.95824,6.73718,1.72020,24.23520,11.81884,61.35471,4.93702,-31.81931,12.85622,-9.33991,-57.80630,9.64842,5.73143,44.97114,2.13501,218.14020,180.11469,1319.27747,33.48518,0.00512,0.00942,0.04821,-0.01975,1.02129,0.04665,1.15432,0.84710,1.01619,0.06559,1.31058,0.84626,2.03514,0.00196,2.03887,2.02379,-4.97867,1.35051,-2.44355,-10.04060,-1.93750,0.00037,-1.93702,-1.93851,0.00207,0.00090,0.00334,0.00074,-1.93604,0.00046,-1.93512,-1.93678,-1.93897,0.00094,-1.93773,-1.94069,2.34038,0.99273,13.39954,1.02999,0.39363,0.15471,0.95991,0.00834,4.99019,1.99428,13.84456,1.66991
660,1551.1431908607483,5414912,111.29923,2733.21825,124.46198,1121.48251,28.84456,400.45994,443.96875,0.08315,0.26780,0.70614,-0.83510,3.46918,0.72842,6.02450,1.87977,22.53726,12.09238,60.28267,4.70249,-31.69873,13.74863,-7.63788,-65.10997,7.89366,4.32993,35.93188,2.11522,178.74707,131.88448,1110.69470,27.13706,0.00459,0.00892,0.03562,-0.01727,1.01925,0.04652,1.16975,0.88083,1.01980,0.06646,1.21792,0.84685,2.03232,0.00249,2.03663,2.02096,-5.01205,1.31444,-2.35577,-10.39951,-1.93601,0.00084,-1.93440,-1.93729,0.00070,0.00045,0.00146,0.00000,-1.93552,0.00054,-1.93433,-1.93629,-1.93651,0.00115,-1.93445,-1.93831,2.28213,0.89051,10.19977,1.03587,0.38996,0.16378,0.96846,0.01686,4.74098,1.90178,13.89874,1.33083
670,1577.3776590824127,5496832,121.24644,2489.29999,144.60331,1122.44277,30.21591,424.60354,403.31250,0.04294,0.26690,0.87372,-0.95875,3.95147,0.72993,6.45364,2.38552,26.37753,9.94893,54.46765,7.57662,-37.06681,13.77421,-10.79336,-65.29486,10.78293,5.32061,35.08553,3.19473,237.94320,141.14111,790.26782,44.58696,0.00488,0.00913,0.04376,-0.02150,1.01115,0.04348,1.14187,0.85714,1.01865,0.06086,1.23159,0.85660,2.02814,0.00243,2.03187,2.01548,-4.96882,1.28795,-2.42349,-9.48849,-1.93399,0.00067,-1.93273,-1.93498,0.00049,0.00053,0.00157,0.00000,-1.93364,0.00100,-1.93175,-1.93474,-1.93434,0.00042,-1.93369,-1.93522,2.35671,1.08079,15.17984,1.02908,0.38548,0.15217,0.97076,0.08251,4.83750,1.85088,12.97804,1.39567
680,1545.9262919425964,5578752,126.52432,2938.74734,141.28732,1119.01365,27.38499,399.40496,433.37500,0.14796,0.21545,0.68653,-0.41196,3.66109,0.60979,5.56191,2.23277,24.56324,10.57588,64.81242,7.97304,-31.67879,12.16730,-10.03964,-59.39333,9.07582,3.90844,27.13199,2.92227,230.49994,152.18621,1052.88184,44.45620,0.00554,0.00880,0.04116,-0.01641,1.01025,0.04369,1.12034,0.87420,1.01852,0.05955,1.18202,0.86681,2.02486,0.00247,2.02869,2.01007,-4.88755,1.16591,-2.15781,-9.25984,-1.93236,0.00063,-1.93134,-1.93334,0.00147,0.00032,0.00205,0.00075,-1.93131,0.00078,-1.93003,-1.93240,-1.93340,0.00054,-1.93256,-1.93447,2.22990,0.57511,5.02627,1.04010,0.39436,0.15185,0.95948,0.03527,5.11106,2.08746,15.52703,1.88433
690,1581.46421957016,5660672,121.51788,2450.04240,119.81018,1116.99512,42.67236,421.68583,468.40625,0.15984,0.21740,0.76869,-0.37051,3.56602,0.63331,5.70632,2.00454,26.04190,10.20400,57.10325,7.89824,-32.74120,13.37304,-8.16989,-61.36398,8.57853,3.85024,25.47879,2.33777,200.50878,144.29624,1438.17078,41.84722,0.00440,0.00855,0.04189,-0.01649,1.00797,0.04438,1.12876,0.83135,1.01658,0.06361,1.24164,0.86331,2.02312,0.00180,2.02537,2.01424,-5.04239,1.48129,-2.09726,-12.73630,-1.93147,0.00010,-1.93120,-1.93174,0.00142,0.00062,0.00243,0.00034,-1.93046,0.00049,-1.92972,-1.93150,-1.93247,0.00041,-1.93187,-1.93322,2.28833,0.78422,7.90593,1.03392,0.39240,0.16425,0.96282,0.02573,4.77959,1.81277,14.35931,1.52512
700,1559.4526164531708,5742592,153.50113,2386.85627,111.02831,1110.48947,36.32508,412.40053,425.46875,-0.12583,0.29670,0.72111,-1.33541,3.71388,0.70356,6.42997,2.06797,21.33074,10.14679,59.01159,6.26192,-36.98720,13.10587,-9.03413,-67.16005,8.91937,4.07929,28.30064,2.63506,276.41368,218.92012,1562.32739,39.34449,0.00540,0.01055,0.07445,-0.01882,1.00014,0.04721,1.13642,0.87067,1.02386,0.06776,1.24765,0.84779,2.01977,0.00287,2.02534,2.00650,-4.90084,1.25658,-2.40837,-10.40310,-1.92985,0.00096,-1.92764,-1.93177,0.00038,0.00027,0.00092,0.00000,-1.92958,0.00091,-1.92750,-1.93160,-1.93011,0.00104,-1.92778,-1.93198,2.41655,1.03425,11.27124,1.02879,0.37602,0.16703,0.97939,0.00193,4.76345,2.05772,17.33853,1.73615
710,1567.5498361587524,5824512,143.70491,2332.48740,124.10425,1107.00582,37.78740,422.65157,443.15625,0.01651,0.28205,0.79541,-0.79052,3.66137,0.71368,6.37409,2.11571,25.18836,11.41646,54.78032,6.06050,-31.09220,12.97629,-11.77857,-71.81676,9.03622,4.59970,32.27502,2.42475,214.56833,173.75597,1781.24512,31.91490,0.00468,0.00900,0.03948,-0.02237,1.00025,0.04529,1.11556,0.86362,1.01560,0.06464,1.24692,0.83540,2.01251,0.00296,2.01685,2.00206,-4.92955,1.34031,-2.28572,-12.00531,-1.92615,0.00108,-1.92381,-1.92762,0.00059,0.00027,0.00104,0.00001,-1.92573,0.00098,-1.92353,-1.92747,-1.92657,0.00120,-1.92410,-1.92787,2.30308,0.82254,7.78647,1.02863,0.39727,0.15541,0.97845,0.02554,4.78764,1.78389,13.56359,1.44188
720,1486.5913345813751,5906432,152.00624,3170.36545,154.43034,1106.32809,27.18610,352.97140,381.68750,0.16325,0.35852,1.09724,-0.93454,3.84304,0.64006,6.68227,2.28849,27.43833,10.68147,54.94262,7.16626,-31.47889,13.91806,-8.10827,-60.91826,9.80259,4.25059,27.21585,3.31940,259.45402,190.60450,2213.94678,56.01317,0.00442,0.00897,0.03803,-0.01889,0.99493,0.04522,1.12634,0.84672,1.00663,0.06165,1.21362,0.82623,2.00582,0.00225,2.00955,1.99729,-4.72984,1.21345,-2.29079,-9.25326,-1.92282,0.00061,-1.92140,-1.92379,0.00201,0.00140,0.00358,0.00008,-1.92140,0.00153,-1.91917,-1.92359,-1.92425,0.00060,-1.92345,-1.92521,2.26232,0.81874,9.26028,1.02043,0.39692,0.15340,0.98005,0.00975,4.72384,1.75772,15.32820,1.40872
730,1559.2561204433441,5988352,127.39123,2714.02133,129.36251,1108.85645,27.21183,423.08231,439.43750,0.10806,0.36640,0.88939,-0.86172,4.08112,0.84069,6.40203,1.98660,30.40498,14.17352,62.65878,7.73601,-34.29866,14.86950,-7.01072,-70.46410,10.95153,5.60003,33.68266,2.76995,258.34627,181.64937,1395.36157,46.43493,0.00483,0.00855,0.04947,-0.01682,0.98520,0.04344,1.10163,0.82582,1.02399,0.06129,1.28757,0.86705,2.00313,0.00223,2.00634,1.99374,-5.07809,1.30273,-2.70392,-11.55203,-1.92146,0.00061,-1.91995,-1.92221,0.00342,0.00026,0.00423,0.00293,-1.91905,0.00060,-1.91745,-1.91976,-1.92388,0.00067,-1.92239,-1.92500,2.34292,0.79042,8.69308,1.03568,0.38103,0.15474,0.96792,0.00363,4.79547,1.93424,16.72992,1.72585
740,1600.690235376358,6070272,157.43396,2282.24627,134.70644,1109.00019,27.23931,464.25757,483.71875,0.13619,0.32594,0.84314,-0.68032,3.66036,0.78769,6.11761,1.78792,22.99650,11.70755,60.43689,5.97139,-35.55147,13.52918,-6.56175,-67.45454,9.18871,4.75671,33.93611,2.06725,223.22641,197.19185,1470.93823,36.89754,0.00484,0.01079,0.06327,-0.01600,0.98891,0.04520,1.12384,0.85001,1.01164,0.06266,1.23498,0.85159,1.99807,0.00241,2.00178,1.98427,-4.88228,1.20297,-2.44737,-8.91731,-1.91897,0.00070,-1.91743,-1.91998,0.00286,0.00082,0.00420,0.00160,-1.91695,0.00117,-1.91450,-1.91830,-1.92099,0.00055,-1.92033,-1.92250,2.26112,0.89742,12.58360,1.02721,0.39693,0.17304,0.97469,0.00012,4.73575,2.15539,19.64115,1.71171
750,1645.3252303600311,6152192,128.66591,3297.10421,188.20064,1196.43126,31.57035,417.21981,421.43750,0.17633,0.27071,1.00044,-0.64873,4.18394,0.86724,6.73630,1.97285,29.63383,12.29772,61.48703,8.07292,-36.31151,13.09766,-11.50410,-65.94933,12.35462,6.05855,37.84631,2.36776,339.75450,271.04953,2099.47412,46.91303,0.00552,0.00943,0.03693,-0.01430,0.97658,0.04627,1.09587,0.80087,1.02080,0.06322,1.36029,0.86796,1.99531,0.00223,1.99887,1.98053,-4.90450,1.26877,-2.50227,-10.83964,-1.91758,0.00041,-1.91694,-1.91842,0.00448,0.00059,0.00591,0.00373,-1.91441,0.00079,-1.91311,-1.91557,-1.92075,0.00025,-1.92036,-1.92152,2.34645,0.84273,7.15312,1.02045,0.36412,0.16680,0.98020,0.03472,4.87657,2.02738,13.60456,1.63230
760,1559.2847282886505,6234112,147.38947,3125.98913,148.94181,1109.10980,27.15601,422.90210,442.87500,0.17246,0.25775,1.08996,-0.48832,3.85626,0.91125,6.58996,2.11903,24.76254,11.40521,59.05255,5.32036,-35.18845,13.93286,-9.94781,-63.21107,10.13320,5.68252,35.86283,2.45637,235.13857,196.70209,1176.93054,27.08099,0.00541,0.00946,0.05693,-0.02136,0.98096,0.04405,1.10274,0.85400,1.01578,0.06158,1.22550,0.84266,1.99280,0.00291,1.99685,1.97850,-4.98618,1.36355,-2.48569,-12.74926,-1.91628,0.00116,-1.91408,-1.91740,0.00664,0.00053,0.00761,0.00585,-1.91158,0.00136,-1.90948,-1.91326,-1.92097,0.00106,-1.91863,-1.92199,2.32855,0.97238,11.98908,1.04189,0.38467,0.15943,0.95937,0.03931,4.95187,1.78043,14.63089,1.76921
770,1539.2336354255676,6316032,149.57323,2776.62066,143.72832,1109.03258,27.34730,402.74639,398.87500,0.15192,0.29011,0.83294,-0.66942,3.54928,0.92786,7.52550,1.80902,24.54545,10.12916,64.09212,8.56740,-34.00785,16.69893,-6.77244,-75.53359,9.66590,6.25732,55.83424,1.98824,197.42748,135.41198,1004.88483,43.52166,0.00367,0.00859,0.03952,-0.01586,0.97041,0.04696,1.10230,0.83385,1.01843,0.06814,1.25173,0.84217,1.98732,0.00212,1.99078,1.97771,-5.09986,1.51528,-2.55467,-10.91064,-1.91357,0.00048,-1.91257,-1.91439,0.00664,0.00024,0.00703,0.00607,-1.90887,0.00052,-1.90777,-1.90988,-1.91826,0.00050,-1.91705,-1.91893,2.27647,0.98136,14.42861,1.03202,0.39039,0.17143,0.97078,0.01436,4.91459,1.91777,14.97499,1.39886
780,1560.269457578659,6397952,154.32811,2704.54877,189.04515,1108.96371,27.12824,423.51268,537.43750,0.09729,0.25838,0.73173,-0.64181,4.07662,0.74846,6.08572,2.38391,25.68872,10.94063,57.45035,4.95729,-38.48103,12.44516,-9.89661,-69.26238,12.26174,5.40322,33.58150,3.13891,203.31720,144.98806,946.05865,38.80470,0.00413,0.00850,0.04914,-0.01687,0.97107,0.04690,1.11893,0.83473,1.00858,0.06355,1.26594,0.83017,1.98271,0.00266,1.98711,1.97043,-4.82958,1.45572,-2.51682,-11.73481,-1.91124,0.00081,-1.90983,-1.91257,0.00771,0.00041,0.00849,0.00680,-1.90579,0.00103,-1.90397,-1.90776,-1.91669,0.00064,-1.91558,-1.91750,2.18915,0.68878,5.71329,1.03857,0.41720,0.15796,0.96495,0.00018,4.69366,1.95734,17.80491,1.70449
790,1559.293715953827,6479872,141.23182,2982.31144,156.55136,1109.42569,27.26774,422.35351,410.71875,0.10104,0.25454,0.87946,-0.78644,3.99519,0.97568,6.95952,2.23646,23.95207,12.60614,59.85353,5.99330,-39.13482,14.18566,-8.68214,-70.24911,11.63492,6.94618,41.83647,3.17081,237.13464,224.31780,2399.27637,35.48677,0.00479,0.01090,0.13141,-0.01664,0.97122,0.04593,1.10919,0.82821,1.00948,0.06374,1.24462,0.82063,1.97906,0.00194,1.98200,1.96809,-5.03167,1.42272,-2.59541,-14.46341,-1.90936,0.00041,-1.90811,-1.91006,0.00782,0.00039,0.00851,0.00654,-1.90384,0.00020,-1.90345,-1.90425,-1.91489,0.00067,-1.91274,-1.91607,2.22065,0.77930,9.38641,1.03122,0.40605,0.15669,0.96378,0.03374,4.89095,2.38642,38.69078,1.68601
800,1559.391280889511,6561792,202.48938,3174.17437,170.55378,1108.81903,27.30735,422.90479,521.21875,-0.10735,0.26102,0.61279,-0.99947,4.31833,0.93281,7.33368,1.92162,29.49820,13.51520,63.60743,4.88870,-39.55446,14.88234,-9.74874,-67.67123,14.00902,7.70034,47.79370,2.23288,261.57724,191.02102,1639.13989,44.23536,0.00503,0.00874,0.04571,-0.01695,0.95853,0.04447,1.07821,0.82882,1.01618,0.06277,1.24582,0.85111,1.97497,0.00216,1.97831,1.96430,-4.98291,1.35672,-2.66971,-11.00098,-1.90738,0.00048,-1.90628,-1.90812,0.00596,0.00031,0.00658,0.00546,-1.90317,0.00044,-1.90220,-1.90391,-1.91160,0.00061,-1.91035,-1.91272,2.27848,0.78791,8.08794,1.02973,0.38486,0.17388,0.97048,0.00496,4.97418,1.94637,18.57252,1.40191
810,1536.1508889198303,6643712,197.83714,2642.96242,161.76212,1110.49597,27.26189,397.79788,509.37500,0.15526,0.24625,0.88938,-0.48651,4.24356,0.84335,6.81593,2.35149,27.39221,10.97275,55.78786,8.38468,-36.52168,14.84448,-10.83605,-67.78649,13.02208,6.45130,44.16396,3.37759,243.23934,145.98783,1169.15662,38.90730,0.00421,0.00859,0.04559,-0.01412,0.95975,0.04515,1.07663,0.81699,1.01329,0.06464,1.20883,0.85879,1.97276,0.00205,1.97547,1.96427,-4.99792,1.33103,-2.28989,-11.15496,-1.90628,0.00038,-1.90526,-1.90674,0.00625,0.00046,0.00694,0.00565,-1.90187,0.00045,-1.90097,-1.90274,-1.91070,0.00055,-1.90940,-1.91147,2.22744,0.92754,9.90561,1.02643,0.40712,0.17205,0.97946,0.00002,5.02499,1.82775,13.98480,1.94332
820,1562.5684254169464,6725632,151.58999,2470.32900,167.44944,1111.37571,27.28596,423.57290,461.21875,0.17836,0.30663,1.31313,-0.51595,4.26802,0.74149,6.62150,2.24544,25.75640,11.09600,61.07320,7.16699,-40.93947,13.70693,-11.34213,-71.69572,12.87024,6.13245,35.75394,2.89494,282.21362,235.14759,2119.94922,52.82710,0.00443,0.00881,0.03395,-0.01581,0.95739,0.04593,1.06902,0.81336,1.00946,0.05921,1.21444,0.83286,1.96894,0.00201,1.97247,1.95980,-4.89872,1.34083,-2.40442,-12.55099,-1.90436,0.00037,-1.90380,-1.90525,0.00528,0.00068,0.00642,0.00434,-1.90062,0.00042,-1.89975,-1.90121,-1.90809,0.00075,-1.90722,-1.90938,2.31606,0.90250,8.65094,1.03297,0.38281,0.16365,0.94830,0.00029,5.07929,2.08534,12.66265,1.75861
830,1567.00324177742,6807552,183.70123,3208.36862,182.82668,1114.89145,27.70307,424.26043,505.62500,0.22095,0.28596,1.17243,-0.58766,4.14991,0.85703,7.18557,2.33102,28.69078,11.88625,65.77610,7.79164,-36.24013,14.94153,-9.06337,-70.31602,11.83406,6.53800,50.55595,2.95281,244.97035,186.51625,1331.37781,37.79790,0.00445,0.00887,0.03732,-0.01654,0.95231,0.04489,1.09095,0.81612,1.01086,0.05947,1.19112,0.83259,1.96652,0.00273,1.97002,1.95232,-4.90081,1.25518,-2.55377,-10.65352,-1.90328,0.00062,-1.90191,-1.90398,0.00467,0.00088,0.00570,0.00268,-1.89998,0.00013,-1.89967,-1.90019,-1.90659,0.00124,-1.90381,-1.90797,2.34748,0.82138,7.44196,1.03386,0.37180,0.16486,0.97338,0.00490,5.02718,1.88054,13.49717,1.72685
840,1525.765187740326,6889472,206.54686,2655.56108,176.39321,1112.82730,27.41060,385.28971,508.56250,0.19607,0.22610,0.77159,-0.39215,3.74499,0.81395,6.62072,1.88479,25.42386,10.33822,57.85809,5.51150,-34.01210,14.92998,-8.88762,-68.73378,9.53195,5.49940,34.07927,2.46575,206.92199,154.44229,1401.79187,43.37129,0.00425,0.00949,0.04589,-0.01649,0.95021,0.04701,1.07804,0.77706,1.01302,0.06841,1.23108,0.85123,1.96287,0.00209,1.96596,1.94992,-5.13518,1.49885,-2.39101,-10.93109,-1.90137,0.00037,-1.90072,-1.90195,0.00408,0.00104,0.00546,0.00244,-1.89848,0.00108,-1.89693,-1.90006,-1.90425,0.00043,-1.90350,-1.90493,2.49058,2.77994,57.37738,1.02317,0.35145,0.16999,0.97635,0.00012,4.86811,1.89926,15.46961,1.12754
850,1567.8725633621216,6971392,201.59789,3480.30110,185.41405,1110.79123,31.77292,424.99432,567.00000,0.08059,0.33909,0.95818,-1.08182,4.23953,0.82928,6.85481,2.04219,26.22223,10.72688,64.18083,8.02440,-39.13950,15.18289,-9.50829,-77.08880,12.59446,6.42491,46.04367,3.01589,237.33579,166.99334,1458.95422,60.91787,0.00419,0.00890,0.04676,-0.01685,0.94616,0.04258,1.05439,0.82774,1.02241,0.06217,1.22845,0.84096,1.96173,0.00217,1.96467,1.94779,-4.99110,1.23805,-2.52235,-10.82255,-1.90076,0.00038,-1.90001,-1.90134,0.00280,0.00109,0.00507,0.00122,-1.89878,0.00075,-1.89760,-1.90013,-1.90274,0.00096,-1.90087,-1.90480,2.31269,0.74381,7.81247,1.01947,0.36305,0.17265,0.97369,0.00017,4.89281,1.87364,13.97360,1.51543
860,1576.1901938915253,7053312,196.83139,2845.50814,213.72272,1113.38779,36.14327,426.30714,516.93750,0.17862,0.27907,0.87993,-0.51627,4.07836,0.96193,6.70137,1.70114,25.79603,13.13635,64.84946,4.65865,-39.26381,14.19758,-10.23769,-74.04450,11.93477,6.85135,38.17270,2.38393,297.23878,241.31671,1596.43225,46.13563,0.00442,0.00868,0.03464,-0.01465,0.94249,0.04802,1.07198,0.80979,1.01768,0.06556,1.20804,0.84641,1.95754,0.00276,1.96223,1.94520,-5.05827,1.22280,-2.42649,-9.05654,-1.89871,0.00081,-1.89781,-1.90006,0.00146,0.00039,0.00230,0.00086,-1.89768,0.00106,-1.89634,-1.89921,-1.89974,0.00059,-1.89901,-1.90092,2.33084,0.84765,10.15059,1.05031,0.37063,0.18277,0.96262,0.00545,4.96090,1.77992,12.97055,1.47106
870,1574.734171628952,7135232,295.59639,2975.82314,166.44546,1113.21750,39.98791,421.29906,713.68750,0.16528,0.33841,0.97640,-0.64106,4.11492,0.97085,7.75891,2.36551,26.43759,13.10212,61.95992,7.95888,-37.75092,16.36928,-8.61123,-67.50764,11.75512,6.55408,43.73836,2.58169,297.60610,228.50074,1535.86865,40.44266,0.00461,0.00979,0.04792,-0.01520,0.93678,0.04707,1.07310,0.79529,1.02094,0.06582,1.24647,0.86830,1.95544,0.00224,1.95860,1.94201,-5.19251,1.59916,-2.46657,-12.44628,-1.89777,0.00032,-1.89710,-1.89826,0.00110,0.00071,0.00241,0.00026,-1.89699,0.00048,-1.89627,-1.89782,-1.89855,0.00069,-1.89740,-1.89974,2.54928,2.17689,43.37197,1.03117,0.34894,0.17813,0.97439,0.00544,5.33232,2.14219,17.55304,1.51798
880,1572.748057126999,7217152,222.17580,3096.39560,194.19146,1119.02890,27.80113,425.75552,560.00000,0.07364,0.35349,1.03196,-0.95569,4.69061,1.01163,7.88170,2.70047,28.53048,11.50158,59.15114,8.45327,-43.31779,15.46137,-11.40589,-71.36650,15.30238,8.46787,53.19433,3.72585,299.03470,195.22331,1659.17542,56.70832,0.00610,0.00962,0.05542,-0.01755,0.92799,0.04759,1.05409,0.75135,1.02779,0.06594,1.26306,0.85609,1.95207,0.00219,1.95616,1.94222,-5.16015,1.24315,-2.41147,-10.13078,-1.89593,0.00061,-1.89472,-1.89709,0.00022,0.00013,0.00057,0.00000,-1.89577,0.00058,-1.89447,-1.89675,-1.89608,0.00064,-1.89497,-1.89742,2.55989,2.49538,52.98134,1.04495,0.34275,0.17365,0.95727,0.00354,5.22709,1.78991,12.93232,1.96792
890,1569.5128207206726,7299072,265.57350,3389.60937,149.80398,1118.99022,27.17742,423.22965,613.50000,0.10960,0.26926,0.87779,-0.53385,4.16164,0.87987,7.42480,2.27714,26.49081,10.11368,63.02006,7.96986,-40.23811,15.77527,-10.76703,-73.84490,11.78396,6.27039,42.31507,3.14440,227.82319,179.79966,1284.48035,46.15381,0.00480,0.00917,0.04089,-0.01845,0.92399,0.04556,1.04414,0.73931,1.02121,0.06584,1.25739,0.85981,1.94773,0.00232,1.95179,1.93210,-5.03829,1.41329,-2.64014,-13.67497,-1.89375,0.00057,-1.89299,-1.89486,0.00044,0.00017,0.00069,0.00000,-1.89344,0.00067,-1.89257,-1.89481,-1.89406,0.00049,-1.89332,-1.89498,2.54220,1.11673,14.05181,1.03503,0.34118,0.17460,0.96841,0.01874,5.16646,1.92842,15.12681,1.67689
900,1575.3170030117035,7380992,305.00310,2513.32426,199.32818,1122.50755,27.20981,425.38239,695.25000,-0.03188,0.25171,0.64896,-1.09016,4.16581,0.83011,6.93197,2.34524,25.26411,12.22726,61.39849,7.54478,-40.46416,14.50761,-12.08793,-70.73039,12.54655,6.15344,37.53456,3.59226,263.89336,181.96988,1848.97131,50.62635,0.00534,0.00944,0.08714,-0.01936,0.93204,0.04426,1.05602,0.80619,1.01420,0.06564,1.20985,0.82985,1.94490,0.00246,1.94857,1.92939,-5.02698,1.25875,-2.57925,-9.49073,-1.89239,0.00058,-1.89122,-1.89330,0.00191,0.00078,0.00299,0.00063,-1.89105,0.00111,-1.88932,-1.89283,-1.89374,0.00026,-1.89313,-1.89420,2.40476,0.99057,10.29157,1.03224,0.36937,0.17473,0.97249,0.01480,5.35105,2.24209,29.68392,1.77995
910,1567.486435174942,7462912,239.06464,3746.71579,176.29606,1115.68753,27.95755,423.68472,611.78125,0.14185,0.31691,0.95742,-0.99101,4.36041,0.81070,7.22182,2.35688,30.74215,11.92737,60.16232,9.45352,-38.61118,15.97483,-7.70383,-71.92760,13.99234,6.59778,43.50324,3.70740,295.66270,219.10301,1583.93823,38.55427,0.00533,0.00897,0.04391,-0.01557,0.91946,0.04733,1.04753,0.75702,1.01024,0.06682,1.19729,0.84934,1.94020,0.00204,1.94395,1.92748,-4.92850,1.40042,-2.46748,-11.95710,-1.89000,0.00035,-1.88956,-1.89120,0.00231,0.00022,0.00272,0.00193,-1.88837,0.00026,-1.88765,-1.88930,-1.89164,0.00048,-1.89103,-1.89311,2.39513,1.14795,17.05078,1.03651,0.36180,0.17436,0.96929,0.00480,5.41601,2.01871,14.63414,2.09961
920,1563.275945186615,7544832,280.36077,3789.57439,169.57722,1113.13173,29.07229,420.95988,570.90625,0.07818,0.34627,0.90193,-0.82766,4.52662,0.81107,6.84853,2.58379,29.08644,12.60738,68.32423,5.92620,-42.27707,15.34181,-10.09116,-71.81178,14.78063,6.76975,44.47514,4.21899,275.92921,219.35432,2098.24463,70.05345,0.00485,0.00915,0.03607,-0.01599,0.91889,0.05006,1.08317,0.77245,1.02157,0.07033,1.25538,0.85036,1.93833,0.00191,1.94121,1.92959,-5.11252,1.36754,-2.22318,-9.68476,-1.88900,0.00022,-1.88872,-1.88956,0.00356,0.00063,0.00456,0.00268,-1.88648,0.00054,-1.88574,-1.88764,-1.89151,0.00045,-1.89066,-1.89228,2.41620,1.02884,15.44072,1.03811,0.34869,0.16143,0.96624,0.00009,5.42434,1.97682,14.18725,1.92492
930,1562.9467635154724,7626752,227.77419,3110.12009,178.94868,1110.10343,30.63229,421.89540,508.28125,-0.15941,0.43062,0.80086,-1.05967,4.41603,0.94648,7.04053,2.41750,25.48671,10.61634,60.59524,8.04392,-40.37686,16.70874,-7.96720,-76.23976,14.65640,7.42714,39.18898,3.50791,248.95172,153.23682,957.30194,43.20890,0.00399,0.00878,0.07789,-0.01904,0.91816,0.04639,1.04757,0.75342,1.01283,0.06631,1.31822,0.81312,1.93446,0.00315,1.93971,1.92089,-4.90766,1.31318,-2.57376,-9.32379,-1.88720,0.00119,-1.88520,-1.88891,0.00390,0.00024,0.00445,0.00360,-1.88444,0.00115,-1.88245,-1.88583,-1.88995,0.00125,-1.88794,-1.89203,2.41103,1.44025,22.19508,1.02527,0.37657,0.18567,0.97702,0.00935,5.27141,2.35172,32.01354,1.69483
940,1562.3916382789612,7708672,248.57359,3709.04417,165.52272,1112.28822,28.39642,421.59940,527.43750,0.02462,0.43759,1.02984,-1.05813,4.67180,0.85376,7.48027,2.62421,25.59753,10.09340,62.06105,8.46186,-44.98500,14.57694,-9.92107,-73.89420,15.95307,7.28038,48.92358,4.11030,252.83648,156.17036,1725.98352,60.95986,0.00403,0.00898,0.04670,-0.01797,0.91188,0.04425,1.02901,0.77153,1.01940,0.06425,1.19668,0.82558,1.92765,0.00239,1.93246,1.91588,-4.96537,1.19255,-2.51768,-10.39099,-1.88374,0.00081,-1.88279,-1.88530,0.00183,0.00079,0.00387,0.00080,-1.88245,0.00031,-1.88193,-1.88314,-1.88504,0.00135,-1.88336,-1.88792,2.36275,1.19413,21.73775,1.02649,0.36694,0.18263,0.96558,0.00026,5.23151,2.05921,17.50831,1.92343
950,1561.6768825054169,7790592,256.38482,3583.87529,173.79191,1112.70027,27.11671,421.74827,559.78125,0.12112,0.32891,0.94544,-0.99157,4.58161,1.08436,7.26849,2.10561,26.83356,10.04546,50.98882,7.32928,-43.28449,13.83094,-9.85016,-78.36503,15.75373,8.44887,48.74368,3.53914,298.25436,201.85875,1286.89392,65.07304,0.00278,0.00835,0.03541,-0.01577,0.91174,0.04451,1.02488,0.75306,1.01893,0.06667,1.23430,0.84912,1.92451,0.00233,1.92784,1.91324,-5.21269,1.38822,-2.65583,-10.36707,-1.88218,0.00059,-1.88119,-1.88294,0.00042,0.00025,0.00123,0.00000,-1.88188,0.00062,-1.88060,-1.88268,-1.88248,0.00063,-1.88167,-1.88375,2.24303,0.95030,15.04328,1.04960,0.38096,0.17099,0.95837,0.01693,5.01103,1.87564,14.89709,1.84622
960,1560.6576192378998,7872512,279.17963,4072.93956,168.79670,1111.93685,27.29500,421.28669,588.46875,0.12674,0.29136,0.90001,-0.67466,4.73577,0.84267,7.51631,2.71744,29.06712,10.01251,63.88588,5.47701,-44.92520,13.15505,-10.46459,-75.31436,17.27389,7.60494,53.63258,4.72719,308.75543,201.09172,1402.70203,67.60641,0.00446,0.00914,0.04753,-0.01537,0.90235,0.04697,1.04095,0.75988,1.02167,0.06697,1.20697,0.80617,1.92121,0.00241,1.92489,1.90891,-5.04393,1.17218,-2.06686,-9.34924,-1.88053,0.00069,-1.87912,-1.88145,0.00068,0.00038,0.00157,0.00000,-1.88005,0.00091,-1.87805,-1.88140,-1.88101,0.00050,-1.88002,-1.88189,2.38021,0.96709,9.20298,1.04612,0.35920,0.17698,0.98144,0.00379,5.44952,2.07445,17.47762,1.81339
970,1561.8800821304321,7954432,239.89195,3746.27394,222.11777,1111.75640,27.20984,422.80591,529.06250,0.22327,0.31884,1.20182,-0.62197,4.93304,1.00067,7.75022,2.47451,31.48643,14.88777,67.80453,7.35259,-45.99228,15.33656,-9.45623,-74.96705,17.18470,9.10403,48.92234,4.15192,315.76607,231.29421,2159.82642,81.09252,0.00459,0.00959,0.06487,-0.01443,0.89964,0.04982,1.05050,0.73658,1.01754,0.07216,1.22787,0.83138,1.91598,0.00236,1.92010,1.90229,-5.04574,1.40598,-2.48976,-10.98962,-1.87799,0.00058,-1.87690,-1.87917,0.00215,0.00069,0.00355,0.00150,-1.87646,0.00103,-1.87478,-1.87805,-1.87951,0.00031,-1.87899,-1.88031,2.36732,0.90792,9.42472,1.03701,0.35651,0.18306,0.97052,0.00469,5.38567,2.18156,15.80272,1.58737
980,1558.2711906433105,8036352,251.55012,3656.52234,165.67350,1109.55821,27.36914,421.22407,560.37500,0.13914,0.30068,0.91062,-0.66876,4.59834,0.95859,8.31368,2.71420,28.87174,11.01018,56.89011,8.28921,-43.52667,15.88342,-10.77208,-75.06210,15.37488,8.11707,67.47980,3.84311,332.72194,266.23254,3105.64160,72.27846,0.00361,0.00866,0.04574,-0.01623,0.89976,0.04961,1.02807,0.69054,1.01682,0.06443,1.21570,0.84414,1.91449,0.00240,1.91727,1.89823,-5.15968,1.57613,-2.44075,-11.63388,-1.87727,0.00020,-1.87658,-1.87759,0.00346,0.00037,0.00416,0.00263,-1.87482,0.00027,-1.87412,-1.87521,-1.87972,0.00038,-1.87852,-1.88010,2.25551,0.84478,8.16980,1.02281,0.39370,0.16766,0.96455,0.01385,5.23286,2.12428,16.01151,1.63447
990,1580.7382171154022,8118272,270.95714,4129.55152,216.28415,1129.75051,28.10588,422.75979,545.34375,0.11914,0.32285,1.09985,-0.78005,4.39033,0.94498,7.93256,2.15714,30.99649,12.43436,62.58365,7.79515,-38.59296,17.27629,-7.90237,-73.51802,14.10380,7.69724,51.70127,3.05907,310.56487,204.70899,1295.39661,43.61631,0.00262,0.00782,0.03710,-0.01716,0.89954,0.04405,1.02764,0.77843,1.01458,0.06518,1.19399,0.82240,1.91140,0.00240,1.91542,1.89519,-5.03982,1.32351,-2.56166,-10.06258,-1.87565,0.00070,-1.87473,-1.87671,0.00264,0.00061,0.00341,0.00167,-1.87378,0.00038,-1.87330,-1.87461,-1.87751,0.00110,-1.87596,-1.87893,2.19600,1.10148,14.71021,1.02209,0.41700,0.16988,0.98021,0.05808,5.22397,1.92165,15.61063,1.76881
1000,1565.2795283794403,8200192,271.68576,3142.59948,174.96070,1116.16054,27.78990,421.01006,580.31250,-0.05997,0.31466,0.87105,-0.84120,4.64147,0.99934,8.04715,2.50433,30.64932,14.39998,70.82400,8.00491,-45.87550,16.30991,-11.46647,-75.61005,15.84986,8.74291,57.27417,4.25829,323.82857,230.48512,1568.77820,66.75134,0.00353,0.00817,0.03921,-0.01946,0.88905,0.04517,1.04013,0.72580,1.01903,0.06500,1.21937,0.85296,1.90719,0.00249,1.91140,1.88680,-5.08226,1.33321,-2.56563,-11.61484,-1.87358,0.00067,-1.87249,-1.87481,0.00146,0.00023,0.00187,0.00101,-1.87254,0.00061,-1.87166,-1.87350,-1.87461,0.00076,-1.87322,-1.87613,2.52384,3.74242,80.09417,1.02199,0.35739,0.19081,0.98192,0.00152,5.38728,2.08930,15.23465,1.37749
1010,1533.898719549179,8282112,223.04626,3986.77656,161.39480,1114.70504,27.34192,391.74395,509.43750,0.09880,0.29184,1.04687,-0.94981,4.66367,0.99031,7.41585,2.74910,29.85095,11.99640,60.84770,8.80841,-41.02293,14.47902,-10.40648,-75.13043,15.59873,7.72860,44.48010,3.53333,393.49593,335.66054,4030.28833,54.95022,0.00485,0.00852,0.04272,-0.01629,0.89318,0.04730,1.03870,0.73946,1.01604,0.06718,1.25589,0.86150,1.90319,0.00229,1.90699,1.89285,-5.12765,1.25059,-2.78977,-11.01892,-1.87151,0.00048,-1.87062,-1.87251,0.00095,0.00037,0.00161,0.00043,-1.87084,0.00031,-1.87008,-1.87166,-1.87219,0.00070,-1.87117,-1.87339,2.49093,1.63047,22.22361,1.03060,0.36594,0.17969,0.96837,0.00467,5.58571,2.13681,16.21805,1.98872
1020,1564.1075041294098,8364032,330.63045,3941.21476,159.61347,1112.95047,28.50242,422.43088,646.84375,0.05582,0.28555,0.72070,-0.78932,4.87858,0.80016,7.37304,2.83106,29.70762,10.28827,60.51543,8.11366,-47.55167,13.05654,-12.84312,-75.65202,17.32563,7.32669,49.61800,5.16252,335.04866,228.13275,1576.96326,71.58364,0.00291,0.00775,0.03219,-0.01605,0.88243,0.04776,1.01414,0.73948,1.01472,0.06452,1.19508,0.85044,1.89909,0.00239,1.90334,1.88569,-5.02233,1.34229,-2.35436,-10.71998,-1.86942,0.00070,-1.86829,-1.87062,0.00106,0.00014,0.00129,0.00076,-1.86867,0.00073,-1.86750,-1.87007,-1.87017,0.00069,-1.86905,-1.87116,2.23298,0.89497,9.58048,1.02163,0.41016,0.17974,0.97417,0.02005,5.30794,1.93344,13.65920,1.74893
1030,1606.162738084793,8445952,298.12812,2942.78259,170.04283,1116.98539,64.02020,424.99593,618.40625,0.12898,0.28181,0.97416,-0.78737,4.45096,0.98154,7.65818,2.34649,26.34585,12.42602,65.98936,8.57962,-42.66178,16.57018,-10.63531,-75.77283,14.33445,7.92814,41.83787,3.33357,287.29702,215.73478,1739.16882,51.80435,0.00270,0.00810,0.03942,-0.01750,0.87813,0.04517,1.01754,0.74112,1.01928,0.06346,1.20662,0.81424,1.89352,0.00258,1.89852,1.88072,-5.03128,1.37330,-2.58369,-10.68349,-1.86675,0.00077,-1.86574,-1.86834,0.00133,0.00021,0.00171,0.00089,-1.86581,0.00089,-1.86468,-1.86756,-1.86769,0.00066,-1.86677,-1.86913,2.22517,1.07348,16.83106,1.02293,0.39497,0.17895,0.97630,0.00568,5.54736,2.21726,19.28806,1.95543
1040,1595.6558108329773,8527872,298.78422,3479.29649,203.55415,1121.58274,49.49111,424.46349,624.21875,-0.00570,0.33546,0.80239,-0.86027,4.41164,0.84048,6.98601,2.32702,26.24539,10.91945,60.07853,8.65699,-44.12386,15.96718,-10.64956,-77.61853,13.86356,6.48676,38.19379,3.62165,275.80396,231.04288,1888.39319,55.51009,0.00425,0.00851,0.05068,-0.01626,0.87488,0.04664,1.00126,0.73530,1.01695,0.06585,1.29038,0.85824,1.89040,0.00204,1.89373,1.88118,-5.05114,1.36669,-2.48018,-10.55123,-1.86514,0.00046,-1.86427,-1.86584,0.00203,0.00047,0.00283,0.00132,-1.86371,0.00078,-1.86226,-1.86490,-1.86657,0.00020,-1.86619,-1.86692,2.29629,1.40921,24.55900,1.05459,0.37204,0.18682,0.97447,0.00266,5.71301,2.43671,20.81517,1.52094
1050,1594.1672885417938,8609792,277.07014,3594.41202,191.05922,1118.18810,51.09849,424.77222,568.21875,0.12206,0.30085,1.04176,-0.90192,4.47837,0.84385,7.38504,2.51443,32.19237,13.83813,65.25845,7.38072,-40.39122,14.26305,-8.52546,-71.55041,14.10949,6.52529,51.59097,4.75159,325.18210,238.30695,2127.66699,74.50396,0.00336,0.00766,0.02864,-0.01533,0.87717,0.04478,0.97749,0.72258,1.00925,0.06040,1.19977,0.83369,1.88799,0.00183,1.89082,1.87732,-5.03656,1.21334,-2.32557,-9.46877,-1.86386,0.00036,-1.86334,-1.86442,0.00239,0.00045,0.00304,0.00141,-1.86218,0.00022,-1.86172,-1.86253,-1.86555,0.00064,-1.86451,-1.86657,2.28707,1.14672,15.38972,1.02963,0.38221,0.18312,0.96409,0.00402,5.53080,2.08477,15.00486,1.86757
1060,1569.438235282898,8691712,291.20561,3821.68721,172.60787,1109.89821,34.61990,424.80318,546.62500,0.02514,0.27649,0.68255,-1.14722,4.67186,1.05345,8.38543,2.51549,30.30688,11.28967,62.04137,9.73013,-44.14797,14.09874,-9.10231,-70.10654,16.16740,9.00733,53.99920,3.43167,326.02401,223.14094,1670.04224,73.39142,0.00322,0.00805,0.05183,-0.01512,0.87311,0.04264,1.00323,0.76223,1.01890,0.06239,1.21129,0.82048,1.88612,0.00197,1.88895,1.87545,-5.22134,1.32586,-2.73394,-9.89464,-1.86294,0.00022,-1.86265,-1.86350,0.00198,0.00052,0.00292,0.00122,-1.86154,0.00054,-1.86075,-1.86249,-1.86435,0.00029,-1.86399,-1.86507,2.23657,0.98611,13.87346,1.03452,0.37698,0.18034,0.98006,0.00364,5.75162,2.12778,18.05654,2.20339
1070,1564.2937233448029,8773632,303.92222,4020.83858,172.91683,1105.97866,32.76322,425.43550,608.12500,-0.03346,0.34474,0.79806,-1.34524,4.35843,0.96769,7.28636,2.39777,29.78090,12.15963,62.94645,8.40321,-41.06563,14.48386,-8.83758,-75.84233,13.85271,7.46089,50.90462,2.88196,280.57927,192.70934,1297.38501,41.55102,0.00376,0.00795,0.03087,-0.01867,0.87423,0.04428,1.02100,0.72782,1.00945,0.05902,1.19561,0.84283,1.88443,0.00217,1.88796,1.87540,-4.97489,1.14284,-2.91140,-9.80874,-1.86216,0.00041,-1.86162,-1.86295,0.00313,0.00036,0.00366,0.00257,-1.85994,0.00065,-1.85918,-1.86100,-1.86437,0.00022,-1.86403,-1.86490,2.29517,0.88146,8.72704,1.01917,0.35259,0.18685,0.97821,0.00019,5.50364,2.19454,22.24096,1.91497
1080,1558.9707112312317,8855552,252.32987,3720.69321,180.48037,1106.17797,29.65960,423.02300,543.56250,0.04618,0.25725,0.67196,-0.76133,4.06648,1.00575,7.54442,2.05574,26.35543,14.50952,70.80576,6.20302,-39.89015,17.25605,-7.61963,-80.49116,11.65495,7.15036,48.29327,2.32717,248.68387,191.11698,1556.42456,52.21854,0.00402,0.00843,0.07229,-0.01379,0.87562,0.04327,1.02883,0.75321,1.00586,0.06132,1.20617,0.80732,1.88295,0.00203,1.88541,1.86968,-4.88761,1.20436,-2.34962,-9.42463,-1.86138,0.00026,-1.86084,-1.86170,0.00334,0.00015,0.00367,0.00308,-1.85902,0.00028,-1.85827,-1.85939,-1.86374,0.00028,-1.86323,-1.86420,2.34186,1.37254,15.79437,1.02714,0.37290,0.19645,0.97896,0.00085,5.87384,2.28100,18.47652,1.89829
1090,1574.0549347400665,8937472,318.47729,3892.89592,214.84936,1119.48586,29.89551,424.55853,623.28125,0.04362,0.35670,0.86897,-1.27923,4.64056,1.10722,7.80067,2.33917,28.26929,12.02179,68.43703,6.18426,-43.75348,16.41228,-9.83587,-75.85596,16.18141,8.56996,49.35452,3.38115,371.26211,257.86845,2055.90161,58.22194,0.00422,0.00808,0.04501,-0.01808,0.87339,0.04631,1.03245,0.73044,1.00736,0.06653,1.29746,0.79564,1.88161,0.00207,1.88443,1.87224,-5.13603,1.47499,-2.70229,-11.99939,-1.86067,0.00046,-1.85974,-1.86119,0.00416,0.00024,0.00447,0.00363,-1.85773,0.00058,-1.85667,-1.85844,-1.86361,0.00039,-1.86281,-1.86430,2.31605,1.18824,12.03473,1.03126,0.37146,0.20647,0.97654,0.00004,5.85672,2.24648,18.73888,1.95387
1100,1555.861801147461,9019392,294.60863,4333.23689,173.37026,1102.10378,29.77204,423.86856,621.50000,0.02382,0.26141,0.82276,-0.85147,4.66012,0.89653,7.13404,2.72670,31.79105,12.34712,68.02943,8.77090,-46.49361,15.15051,-11.23239,-76.55646,16.17464,7.61533,49.06903,3.69048,320.75335,222.94685,2374.03979,64.07931,0.00311,0.01102,0.16039,-0.02127,0.86761,0.04276,0.98913,0.71452,1.01609,0.06270,1.29362,0.85456,1.87947,0.00198,1.88165,1.87036,-5.23198,1.48085,-2.58228,-12.74107,-1.85968,0.00007,-1.85950,-1.85978,0.00504,0.00057,0.00580,0.00426,-1.85612,0.00042,-1.85554,-1.85672,-1.86324,0.00039,-1.86273,-1.86388,2.34037,1.98787,34.52238,1.02520,0.39286,0.18628,0.97184,0.00009,6.05360,7.86083,171.56131,1.59050
1110,1558.2980370521545,9101312,275.04137,4018.35457,170.20011,1106.06944,27.96048,424.16035,544.28125,-0.07022,0.35334,0.75247,-1.02571,4.83798,1.16012,8.77766,2.07659,29.10010,10.29724,57.73789,6.18471,-46.65245,15.79688,-11.49132,-78.16521,18.85400,10.46698,63.65723,2.57372,310.00438,204.50872,1533.57483,44.45949,0.00243,0.00825,0.05665,-0.01691,0.86843,0.04586,0.99751,0.72811,1.01279,0.06214,1.22035,0.84918,1.87964,0.00193,1.88173,1.86840,-4.95513,1.29467,-2.39588,-10.82988,-1.85969,0.00011,-1.85942,-1.85982,0.00598,0.00011,0.00625,0.00575,-1.85546,0.00011,-1.85524,-1.85569,-1.86392,0.00015,-1.86349,-1.86424,2.17478,0.78551,9.04138,1.02557,0.40715,0.17028,0.97395,0.01074,5.86470,2.14232,17.50749,2.14945
1120,1561.0434379577637,9183232,258.86838,4012.41546,238.17795,1103.72421,33.67110,423.53318,493.71875,0.11257,0.29003,0.75589,-0.84245,4.77802,0.97882,8.20432,2.69831,31.82247,11.67681,75.09988,9.94859,-45.01553,16.17428,-9.33657,-78.85091,17.94338,8.86300,49.65326,4.33361,403.97483,304.06956,2587.51172,60.38321,0.00276,0.00792,0.03890,-0.01498,0.86852,0.04386,1.00982,0.73010,1.00825,0.06238,1.20341,0.85332,1.87781,0.00227,1.88078,1.86379,-4.98987,1.22934,-2.59077,-9.00973,-1.85881,0.00042,-1.85797,-1.85942,0.00527,0.00027,0.00576,0.00485,-1.85509,0.00029,-1.85452,-1.85554,-1.86254,0.00059,-1.86141,-1.86348,2.11476,0.93506,10.11441,1.02518,0.41680,0.18250,0.97608,0.01088,5.92824,1.96736,14.26122,2.35865
1130,1565.4338190555573,9265152,222.52551,4089.36392,141.56624,1104.28702,37.35644,423.66226,489.93750,0.04491,0.28522,0.91709,-0.86399,4.29520,1.06236,8.12070,1.98319,25.48439,13.33619,61.74862,7.01577,-44.97306,17.48272,-10.36842,-79.23748,14.02534,8.11128,49.16764,2.67695,359.05341,296.64635,2603.44531,37.98959,0.00277,0.00829,0.03955,-0.01908,0.86367,0.04552,1.00903,0.74177,1.01634,0.06690,1.22689,0.81702,1.87588,0.00225,1.87893,1.85912,-5.14523,1.33954,-2.61198,-10.35334,-1.85789,0.00037,-1.85703,-1.85844,0.00544,0.00024,0.00590,0.00502,-1.85405,0.00051,-1.85290,-1.85464,-1.86174,0.00027,-1.86115,-1.86226,2.18541,0.79948,8.24536,1.02356,0.37194,0.18201,0.96498,0.00338,5.81150,2.03149,14.69554,1.68445
1140,1528.9390828609467,9347072,290.33489,4426.52994,192.88231,1104.20750,38.60833,386.00571,578.28125,0.04282,0.28273,0.84664,-0.79601,4.69409,1.18483,7.58249,2.02516,32.37752,12.14617,63.06163,7.77171,-45.18390,17.77340,-8.20902,-73.91112,17.17078,9.22244,52.26229,2.30785,375.31175,267.85854,1772.52893,40.18145,0.00232,0.00731,0.03078,-0.01618,0.86149,0.04621,0.99086,0.72367,1.01097,0.06602,1.20041,0.82413,1.87278,0.00237,1.87608,1.85833,-5.07123,1.34819,-2.64309,-10.65699,-1.85625,0.00051,-1.85550,-1.85702,0.00592,0.00013,0.00624,0.00571,-1.85207,0.00057,-1.85116,-1.85289,-1.86044,0.00045,-1.85976,-1.86118,2.20474,1.04791,11.13018,1.02062,0.39376,0.18845,0.97887,0.00915,5.93196,2.10740,14.81936,2.08068
1150,1578.66477227211,9428992,240.49849,4204.48194,178.56325,1113.29725,42.74416,422.51759,444.96875,0.05635,0.25762,0.75138,-0.66034,4.78657,1.20792,8.08700,2.52238,29.99353,12.96825,62.81582,8.48578,-45.11915,15.61519,-11.41784,-77.18456,18.20654,10.06998,63.09356,4.25081,421.03180,301.51358,2046.12537,65.99280,0.00266,0.00760,0.02638,-0.01812,0.86130,0.04486,1.01033,0.73371,1.00826,0.06213,1.24336,0.82982,1.87099,0.00175,1.87318,1.86204,-5.05262,1.42360,-2.53215,-10.51307,-1.85529,0.00015,-1.85480,-1.85559,0.00667,0.00020,0.00694,0.00624,-1.85057,0.00026,-1.85010,-1.85116,-1.86001,0.00013,-1.85949,-1.86020,2.09445,0.86958,9.60276,1.03212,0.40917,0.19047,0.97021,0.00322,6.08630,2.13846,19.49878,2.21040
1160,1577.6870982646942,9510912,312.92775,4582.75966,145.90808,1109.50007,46.85434,421.21848,535.43750,0.05904,0.28482,0.99696,-0.73396,4.84573,0.99105,8.38678,2.06004,30.93897,12.21650,62.99181,6.09584,-47.76093,15.57494,-10.36297,-82.93050,18.60011,9.18857,60.46502,3.46944,436.70248,320.47349,3140.38574,62.06986,0.00216,0.00786,0.04263,-0.01790,0.85857,0.04267,0.97327,0.70432,1.01544,0.06422,1.21674,0.84777,1.86840,0.00214,1.87170,1.85561,-5.07995,1.26878,-2.42283,-9.84618,-1.85412,0.00036,-1.85358,-1.85479,0.00689,0.00016,0.00715,0.00661,-1.84925,0.00047,-1.84859,-1.85011,-1.85899,0.00025,-1.85856,-1.85948,2.27489,1.81881,29.05879,1.03614,0.39585,0.20417,0.97381,0.00007,6.12169,2.36175,20.84080,1.87592
1170,1576.8608577251434,9592832,308.07544,4233.25454,234.96704,1111.28313,44.47778,420.96637,589.28125,0.14518,0.34659,1.41992,-0.69130,4.57435,0.84189,7.18984,2.55181,31.35413,11.91798,68.39532,9.24947,-43.14868,16.83811,-9.15385,-80.13253,16.13047,7.42866,51.61452,4.35408,329.87329,226.28051,1703.48999,70.31824,0.00294,0.00791,0.05881,-0.01732,0.85356,0.04679,0.99173,0.70977,1.01508,0.06499,1.22298,0.86537,1.86652,0.00203,1.86973,1.85360,-5.13481,1.34398,-2.78867,-9.65007,-1.85314,0.00043,-1.85256,-1.85382,0.00749,0.00021,0.00797,0.00706,-1.84785,0.00053,-1.84723,-1.84868,-1.85844,0.00036,-1.85780,-1.85902,2.15732,0.82585,8.20587,1.02253,0.40277,0.19913,0.98179,0.00093,5.81414,2.25587,25.32622,2.03482
1180,1586.6786890029907,9674752,345.11765,4602.43478,195.71193,1115.63152,48.60078,422.32995,605.09375,0.04116,0.25586,0.71585,-0.84594,4.74409,1.13227,8.57105,2.37140,30.10235,11.03722,62.59770,10.06687,-47.76468,15.78696,-11.28506,-80.54065,17.83066,9.67101,52.60757,4.50433,391.70885,265.41953,1583.86426,57.69167,0.00235,0.00813,0.06189,-0.01591,0.85370,0.04514,0.96521,0.71490,1.00411,0.06586,1.20402,0.81865,1.86450,0.00204,1.86760,1.85511,-5.06237,1.44914,-2.45364,-12.24455,-1.85210,0.00030,-1.85161,-1.85283,0.00833,0.00025,0.00887,0.00793,-1.84621,0.00031,-1.84589,-1.84722,-1.85800,0.00038,-1.85723,-1.85848,2.29471,2.19945,35.21973,1.02239,0.42007,0.18803,0.97334,0.00956,5.94883,2.27978,18.66370,2.33271
1190,1604.620136976242,9756672,274.59136,4041.37008,200.48615,1119.83197,61.57392,422.89730,522.15625,0.02386,0.49693,1.05595,-1.56097,4.71805,0.95828,7.56275,2.67869,30.77691,13.17337,71.77637,8.48729,-43.88227,17.00603,-7.17266,-79.09747,17.44546,8.66715,52.86358,4.87946,388.91232,299.94020,2938.54956,82.91698,0.00231,0.00762,0.03230,-0.01730,0.85298,0.04385,0.97588,0.70853,1.00896,0.06701,1.22945,0.84014,1.86407,0.00194,1.86619,1.85114,-4.96783,1.34158,-2.76830,-10.62325,-1.85195,0.00010,-1.85161,-1.85208,0.00774,0.00016,0.00809,0.00756,-1.84648,0.00017,-1.84600,-1.84670,-1.85742,0.00013,-1.85697,-1.85770,2.14072,0.84960,9.52009,1.02137,0.40991,0.19077,0.98125,0.00450,6.08781,2.18883,24.81187,2.27669
1200,1589.899463891983,9838592,353.16018,4462.66383,220.04697,1119.55479,48.06728,421.98361,641.65625,0.17403,0.41370,1.27782,-0.77607,4.47027,1.18558,8.38896,2.05402,28.42072,15.41405,72.40221,7.34203,-41.81511,14.59457,-6.89908,-73.89401,15.96447,9.19764,60.69397,2.67895,333.12687,309.27675,3605.75464,43.40968,0.00277,0.00783,0.04947,-0.01465,0.84989,0.04719,0.99445,0.65995,1.01515,0.06234,1.22386,0.79077,1.86286,0.00209,1.86535,1.85139,-5.12460,1.38359,-1.89087,-10.30279,-1.85133,0.00021,-1.85098,-1.85164,0.00770,0.00012,0.00798,0.00741,-1.84589,0.00021,-1.84562,-1.84623,-1.85678,0.00024,-1.85627,-1.85709,2.25713,1.65771,30.30897,1.01653,0.39159,0.20113,0.98271,0.00010,5.93378,2.11478,14.92353,1.95104
1210,1574.6990077495575,9920512,351.48178,4508.79796,195.50355,1121.64067,31.03769,421.87819,597.21875,-0.09388,0.35587,0.73537,-1.27556,4.73559,1.12593,7.63698,2.36167,30.77432,11.99089,67.72287,10.81792,-45.40037,17.39465,-8.49126,-79.77309,17.91086,10.12651,54.02248,3.56798,409.65287,287.92148,2049.96313,56.55323,0.00231,0.00786,0.04843,-0.01862,0.85650,0.04197,0.97015,0.70095,1.00718,0.05935,1.20217,0.84510,1.86112,0.00208,1.86421,1.84968,-4.98655,1.09404,-2.64062,-8.99619,-1.85057,0.00030,-1.85010,-1.85110,0.00701,0.00032,0.00746,0.00658,-1.84561,0.00021,-1.84523,-1.84593,-1.85553,0.00048,-1.85484,-1.85636,2.10170,0.82528,9.00989,1.01941,0.42652,0.20384,0.98135,0.00030,6.11312,2.20167,18.40895,2.39234
1220,1586.4877676963806,10002432,327.73997,4457.79431,204.64166,1122.84306,37.63221,425.88827,630.59375,0.17706,0.39134,1.57277,-0.98935,4.75924,0.97798,7.89585,2.38115,33.12101,14.88221,70.89558,9.15458,-45.83997,15.56386,-8.96364,-81.33367,17.33346,8.14529,54.64726,4.72469,377.09789,277.67884,1930.88904,66.02711,0.00283,0.00756,0.04108,-0.01632,0.85711,0.04672,1.02103,0.73645,1.00691,0.06217,1.24701,0.83362,1.86083,0.00192,1.86314,1.85115,-4.95465,1.17135,-2.48272,-8.80304,-1.85034,0.00013,-1.84999,-1.85053,0.00704,0.00008,0.00720,0.00687,-1.84536,0.00013,-1.84500,-1.84557,-1.85532,0.00016,-1.85498,-1.85558,2.18573,0.85688,7.69825,1.02229,0.39569,0.19274,0.96720,0.00957,6.22812,2.25503,15.51405,1.95452
1230,1583.9962134361267,10084352,325.34203,4751.55512,227.25983,1124.10271,36.71006,423.06474,580.06250,-0.04239,0.41639,1.23185,-1.37356,4.69270,0.91350,8.00212,2.62244,29.04273,11.92109,68.20599,9.31425,-45.31455,16.50159,-11.09194,-81.36710,17.72026,8.59523,60.02761,4.95402,401.13384,289.21241,2637.79956,100.19908,0.00159,0.00715,0.02760,-0.01739,0.84871,0.04621,0.97571,0.72294,1.01101,0.06045,1.19112,0.85524,1.85896,0.00208,1.86205,1.84594,-4.92457,1.11779,-2.79314,-8.84331,-1.84943,0.00032,-1.84903,-1.85002,0.00774,0.00037,0.00832,0.00706,-1.84395,0.00056,-1.84335,-1.84500,-1.85491,0.00017,-1.85453,-1.85514,2.03261,0.98717,13.87384,1.01733,0.47071,0.16821,0.97978,0.04400,6.31492,2.54300,21.13206,2.27734
1240,1574.0867855548859,10166272,312.61287,4819.61560,227.38305,1122.03098,28.75028,423.19334,586.75000,0.08198,0.38714,0.95226,-1.28151,4.94656,1.02576,7.72355,2.51411,35.65180,13.45899,76.03536,8.82863,-48.41637,16.36189,-11.04910,-78.11528,19.68178,9.74049,56.76546,4.39674,462.17978,336.53648,2999.78394,95.15880,0.00219,0.00697,0.02297,-0.01498,0.84413,0.04530,0.99484,0.68357,1.01559,0.06432,1.23874,0.80376,1.85858,0.00207,1.86081,1.84370,-5.21232,1.48118,-2.53137,-13.85265,-1.84921,0.00010,-1.84904,-1.84936,0.00805,0.00032,0.00860,0.00753,-1.84352,0.00031,-1.84297,-1.84400,-1.85490,0.00016,-1.85459,-1.85520,2.06808,0.93430,11.39837,1.02510,0.42996,0.18990,0.98063,0.00174,6.08935,2.29034,24.37781,2.19498
1250,1580.310791015625,10248192,369.49156,4652.65614,207.95872,1124.33943,29.51941,426.21143,646.96875,0.07071,0.32661,0.91882,-0.85904,4.90271,0.98040,7.76744,2.53576,26.82156,10.20518,60.39245,9.13027,-49.27454,16.82225,-8.84594,-77.96832,19.03998,9.13474,59.82211,4.91240,378.20321,284.08884,2261.90649,64.93169,0.00316,0.00749,0.02856,-0.01616,0.84772,0.04550,1.02840,0.71294,1.00389,0.06446,1.18544,0.80015,1.85883,0.00191,1.86098,1.84848,-5.03735,1.38169,-2.59534,-11.36636,-1.84930,0.00007,-1.84918,-1.84945,0.00871,0.00029,0.00929,0.00815,-1.84314,0.00019,-1.84265,-1.84342,-1.85545,0.00023,-1.85494,-1.85579,2.03941,0.71076,7.06919,1.02643,0.44033,0.18658,0.98406,0.00751,6.25357,2.24604,18.40655,2.40049
1260,1593.0597431659698,10330112,365.82784,4742.20998,169.13394,1127.64539,41.60055,423.65959,644.68750,-0.02079,0.34792,1.12181,-1.19016,4.37129,1.03336,7.20041,2.05311,27.01913,10.15115,56.59471,9.39190,-42.71118,17.55561,-7.07315,-77.78200,15.76336,8.43041,44.58495,2.83087,365.25458,262.07698,2152.46143,44.56039,0.00188,0.00691,0.05235,-0.01753,0.84651,0.04720,0.97321,0.71206,1.00768,0.06492,1.20509,0.84245,1.85786,0.00194,1.86045,1.84878,-4.94653,1.25638,-2.27610,-9.47376,-1.84889,0.00026,-1.84840,-1.84923,0.00961,0.00009,0.00979,0.00929,-1.84209,0.00029,-1.84148,-1.84264,-1.85568,0.00024,-1.85529,-1.85603,1.96603,0.63910,8.52839,1.02803,0.45858,0.18685,0.97986,0.00729,6.22374,2.21815,22.69044,2.16444
1270,1582.1242558956146,10412032,274.45689,4643.01289,193.10908,1120.48551,38.72189,422.80559,533.84375,-0.02580,0.31063,0.84121,-1.07419,4.43680,1.12465,8.16601,2.06095,30.97208,13.66733,63.52078,8.32159,-40.93312,16.06406,-9.83469,-75.08511,16.35368,8.70799,57.10819,3.28666,358.28034,255.82358,1556.48950,57.22588,0.00139,0.00690,0.02964,-0.01692,0.84832,0.04414,0.97132,0.72440,1.00547,0.06133,1.21335,0.82814,1.85577,0.00222,1.85878,1.84355,-4.87890,1.16325,-2.65771,-10.90068,-1.84791,0.00023,-1.84764,-1.84840,0.00983,0.00018,0.01014,0.00955,-1.84096,0.00029,-1.84049,-1.84148,-1.85486,0.00023,-1.85456,-1.85535,1.94877,0.64912,6.89145,1.01396,0.46108,0.17884,0.98389,0.02419,6.02990,1.96978,20.71109,2.34584
1280,1574.9769177436829,10493952,327.21011,4835.62812,194.53735,1116.71785,35.87642,422.26182,638.00000,0.00093,0.26413,0.66887,-1.06588,4.32812,0.99734,6.94940,2.00181,27.35835,13.32028,59.92477,7.09117,-45.92037,16.85406,-8.55227,-81.34464,15.32677,8.22203,44.46742,2.98327,373.15060,290.24027,2360.16284,61.22493,0.00221,0.00693,0.03371,-0.01457,0.84844,0.04707,0.98346,0.73333,1.00733,0.06512,1.17844,0.81783,1.85522,0.00182,1.85757,1.84851,-4.92966,1.20160,-2.30486,-9.25766,-1.84748,0.00021,-1.84714,-1.84775,0.01012,0.00013,0.01038,0.00989,-1.84032,0.00029,-1.83984,-1.84072,-1.85463,0.00015,-1.85434,-1.85484,1.97406,0.64484,6.58429,1.01693,0.46031,0.18817,0.98629,0.00806,5.99010,2.17654,15.22848,1.86652
1290,1578.646323442459,10575872,266.56229,4730.52535,204.16745,1120.34529,37.85225,420.29866,464.50000,0.08089,0.40336,1.16319,-0.90778,4.72529,0.95314,7.58465,2.45835,31.40006,13.77483,62.65210,9.64494,-43.11959,16.30073,-8.43503,-79.39313,17.24378,8.07991,47.34504,3.53462,436.19227,312.24821,2151.76001,60.94738,0.00215,0.00656,0.02968,-0.01797,0.84214,0.04756,0.99679,0.71227,1.00802,0.06236,1.22797,0.84313,1.85440,0.00211,1.85674,1.84288,-4.96201,1.21368,-2.57839,-9.42080,-1.84720,0.00007,-1.84705,-1.84733,0.01050,0.00013,0.01072,0.01008,-1.83977,0.00013,-1.83954,-1.84000,-1.85463,0.00010,-1.85425,-1.85474,1.92862,0.63806,7.29988,1.01808,0.45915,0.19148,0.97647,0.02868,6.14148,2.05445,13.93563,2.30931
1300,1680.6389062404633,10657792,288.02964,4516.93718,191.88279,1199.90090,46.71560,433.90026,527.37500,-0.00079,0.30990,0.79028,-0.88734,4.29690,0.86442,6.78067,2.43382,31.32861,13.24105,74.35329,8.75748,-41.16898,16.38863,-7.61322,-77.23593,15.22926,7.53149,41.85955,3.65997,368.38073,269.80840,2482.10645,74.38811,0.00212,0.00666,0.03062,-0.01658,0.84878,0.04456,0.97711,0.70414,1.00279,0.06431,1.23024,0.83625,1.85392,0.00201,1.85636,1.84154,-4.87537,1.20804,-2.42142,-9.95314,-1.84688,0.00014,-1.84668,-1.84712,0.01027,0.00028,0.01063,0.00985,-1.83962,0.00029,-1.83922,-1.84007,-1.85414,0.00019,-1.85372,-1.85435,1.93097,0.77417,7.17329,1.02249,0.48193,0.19017,0.97914,0.00952,6.38985,2.20842,16.30625,2.34722
1310,1578.4864466190338,10739712,418.35527,4707.84168,163.70907,1117.39173,39.02533,421.80196,699.28125,0.09312,0.32096,0.86241,-0.86582,4.39066,0.89808,7.68405,2.49075,28.43135,12.23694,66.42413,7.26751,-43.03906,16.76067,-7.35942,-77.35919,16.01290,7.74655,51.71868,4.32332,381.35269,249.37845,1763.10889,75.52174,0.00127,0.00621,0.02366,-0.02002,0.84707,0.04189,1.00336,0.73275,1.00535,0.05910,1.25057,0.83817,1.85333,0.00180,1.85587,1.84522,-5.02174,1.31709,-2.62885,-11.43315,-1.84655,0.00022,-1.84610,-1.84692,0.01033,0.00017,0.01075,0.01012,-1.83924,0.00033,-1.83851,-1.83966,-1.85385,0.00014,-1.85367,-1.85421,2.04403,0.88677,8.50598,1.01734,0.46383,0.18245,0.98011,0.00677,6.15517,2.15124,13.74026,2.07949
1320,1569.5086998939514,10821632,379.52425,4542.07287,189.38368,1112.64343,35.74757,420.98931,646.18750,-0.00241,0.31436,0.81256,-0.99711,4.48631,0.97851,8.35138,2.29943,28.84360,12.93165,78.06341,8.11843,-44.93777,17.70093,-9.42063,-81.29020,16.94020,8.39723,68.23029,4.67978,421.64229,286.60683,1860.87585,82.27257,0.00252,0.00641,0.02522,-0.01972,0.84203,0.04436,0.97401,0.70913,1.01074,0.06280,1.26949,0.84344,1.85180,0.00221,1.85423,1.83704,-5.09966,1.25851,-2.57044,-10.93997,-1.84581,0.00023,-1.84538,-1.84610,0.01088,0.00013,0.01108,0.01068,-1.83812,0.00023,-1.83778,-1.83854,-1.85351,0.00026,-1.85299,-1.85383,4.47202,38.16302,613.77014,1.02063,0.45688,0.20236,0.99033,0.00026,6.56300,2.49171,28.63939,2.32849
1330,1560.7875525951385,10903552,298.06065,4757.06467,206.54338,1108.29602,31.13538,421.19317,530.03125,0.00277,0.32328,0.97716,-1.00862,4.51141,1.04889,7.72583,2.10554,28.51997,14.06408,66.44252,7.06997,-45.82330,17.74111,-8.12296,-81.71877,17.33993,8.77898,57.48320,3.45527,425.72509,320.00520,2604.01611,85.67758,0.00220,0.00610,0.02225,-0.01421,0.84863,0.04438,0.98581,0.72369,1.00367,0.06265,1.19677,0.84377,1.85060,0.00199,1.85283,1.84082,-5.10127,1.31616,-2.55857,-9.51412,-1.84523,0.00007,-1.84499,-1.84538,0.01094,0.00006,0.01104,0.01076,-1.83750,0.00009,-1.83726,-1.83777,-1.85296,0.00008,-1.85272,-1.85309,1.87853,0.68007,7.18246,1.02064,0.50323,0.18320,0.98222,0.00484,6.52190,2.28743,17.15631,2.27955
1340,1565.2039067745209,10985472,297.00745,4622.28087,186.39417,1110.73866,32.58781,421.64485,547.25000,-0.04018,0.21282,0.63362,-0.71958,3.99337,0.90141,6.77550,1.85932,29.39733,13.92786,73.03889,7.11262,-37.99623,16.18699,-9.01308,-75.03355,13.53201,6.80483,45.81804,2.99767,374.17931,330.58348,3139.81763,74.28823,0.00210,0.00637,0.02466,-0.01264,0.84427,0.04264,0.94680,0.70739,1.00121,0.05975,1.17739,0.83396,1.84961,0.00175,1.85201,1.84151,-4.83216,1.31469,-2.61963,-10.42126,-1.84463,0.00018,-1.84432,-1.84499,0.01091,0.00006,0.01102,0.01078,-1.83691,0.00018,-1.83652,-1.83726,-1.85235,0.00020,-1.85207,-1.85272,1.84167,0.71026,11.83587,1.01492,0.51296,0.17273,0.97556,0.03001,6.64867,2.20954,15.09279,3.03643
1350,1560.2188725471497,11067392,383.20163,4527.39661,235.94859,1108.51397,30.36445,420.94006,637.62500,-0.06872,0.32562,0.78764,-1.36000,4.56851,1.10039,7.59358,2.03583,32.41661,14.27828,71.11405,8.74928,-46.50476,17.31046,-5.60373,-81.37675,18.07361,9.19492,52.26652,2.56045,379.64988,254.97209,1954.61157,58.77919,0.00199,0.00631,0.02536,-0.01395,0.84083,0.04482,0.97996,0.69206,1.00397,0.06273,1.19856,0.81033,1.84836,0.00193,1.85070,1.83745,-4.99938,1.32495,-2.14410,-9.94076,-1.84409,0.00016,-1.84385,-1.84433,0.01112,0.00012,0.01135,0.01094,-1.83622,0.00021,-1.83597,-1.83659,-1.85195,0.00014,-1.85172,-1.85213,1.82101,0.47386,3.94496,1.01376,0.52733,0.16630,0.98154,0.04377,6.26497,1.91164,14.33228,1.78644
1360,1563.005640745163,11149312,285.92870,4401.05427,219.79848,1109.51044,29.78626,423.55300,583.75000,-0.09688,0.27787,0.61455,-1.06044,4.58991,0.89190,7.20579,2.68914,29.22732,14.09877,72.30879,8.16891,-47.59566,14.93302,-11.10885,-83.66391,18.46813,7.71858,45.38396,5.80003,478.20914,370.97643,2909.94189,93.69109,0.00198,0.00637,0.02913,-0.01744,0.84273,0.04743,1.00151,0.68609,1.00794,0.06428,1.20406,0.81590,1.84772,0.00187,1.84999,1.83838,-5.06907,1.24872,-2.80160,-9.47793,-1.84376,0.00016,-1.84354,-1.84399,0.01120,0.00013,0.01139,0.01099,-1.83583,0.00008,-1.83570,-1.83598,-1.85168,0.00025,-1.85135,-1.85203,1.84287,0.66870,6.78892,1.02133,0.52605,0.16662,0.98454,0.07048,7.06005,2.85722,24.32373,1.98097
1370,1569.1034109592438,11231232,399.24656,4874.00512,235.74925,1114.82628,31.88631,422.12513,661.65625,0.09786,0.27406,0.80629,-0.81824,4.33370,0.81387,7.12587,2.39310,31.64507,12.68056,69.83480,9.12262,-41.89651,17.68109,-10.23783,-81.94086,16.01627,7.15392,47.48571,5.11203,476.66756,351.27384,2310.67114,85.16452,0.00166,0.00571,0.02687,-0.01472,0.84049,0.04600,0.97758,0.68989,1.00933,0.06283,1.16760,0.83160,1.84705,0.00170,1.84925,1.83790,-4.95295,1.15940,-2.86580,-9.12927,-1.84332,0.00016,-1.84315,-1.84360,0.01122,0.00014,0.01137,0.01097,-1.83539,0.00026,-1.83513,-1.83584,-1.85125,0.00006,-1.85116,-1.85137,1.76715,0.51135,4.91369,1.01397,0.55184,0.16975,0.98659,0.05930,6.51719,2.40055,25.14707,2.66265
1380,1571.6115763187408,11313152,348.42546,4418.32989,167.56100,1111.24575,39.08024,421.14238,575.81250,-0.03525,0.29953,0.83543,-1.06669,4.47845,0.80941,6.87902,2.68434,30.17284,11.07174,61.58916,6.82435,-44.23713,16.88945,-10.14419,-79.67424,17.62576,7.47016,46.94050,6.09743,487.57784,342.40265,2210.67920,103.49985,0.00181,0.00536,0.01718,-0.01197,0.84258,0.04248,0.97925,0.71266,1.00531,0.06200,1.22594,0.83709,1.84613,0.00207,1.84859,1.83527,-5.10336,1.27555,-2.45839,-9.64759,-1.84302,0.00010,-1.84292,-1.84326,0.01144,0.00013,0.01164,0.01122,-1.83493,0.00018,-1.83471,-1.83529,-1.85111,0.00007,-1.85099,-1.85123,1.73517,0.54786,5.34126,1.01271,0.56534,0.17948,0.99167,0.09672,6.47041,2.13227,15.04907,2.65264
1390,1589.5581328868866,11395072,350.22246,4873.42379,214.51791,1106.95126,60.72420,421.55917,583.18750,0.02470,0.25517,0.68689,-0.73354,4.14400,1.01528,7.41963,1.84641,27.07024,11.57134,60.43461,6.39364,-44.95068,16.47258,-8.30645,-77.25104,15.50418,8.48364,44.80083,2.71551,402.14614,293.15532,1766.92334,55.08872,0.00204,0.00544,0.02516,-0.01703,0.85084,0.04688,0.97863,0.73254,0.99653,0.06255,1.18486,0.81382,1.84604,0.00183,1.84810,1.83593,-5.06103,1.32680,-2.44742,-10.02624,-1.84291,0.00007,-1.84276,-1.84300,0.01142,0.00008,0.01153,0.01130,-1.83483,0.00009,-1.83470,-1.83499,-1.85098,0.00009,-1.85082,-1.85110,1.65495,0.44747,5.63967,1.01184,0.56538,0.16047,0.98866,0.07785,6.50027,2.28976,17.18774,2.55270
1400,1609.9076974391937,11476992,303.94350,4551.54080,176.07741,1117.88064,70.53253,421.36159,607.18750,-0.04052,0.38108,0.89630,-1.26739,4.44272,0.99267,7.14786,2.09137,27.92220,10.13484,53.02124,8.14215,-45.11342,18.45512,-9.00039,-82.69099,17.65883,8.33619,46.59121,3.63902,465.59138,404.46071,3384.40015,59.05312,0.00172,0.00517,0.02013,-0.01177,0.84098,0.04357,0.95115,0.64357,1.00119,0.05880,1.18749,0.83966,1.84556,0.00208,1.84768,1.83662,-4.84687,1.21981,-2.58150,-9.44021,-1.84276,0.00004,-1.84267,-1.84293,0.01144,0.00009,0.01159,0.01128,-1.83467,0.00007,-1.83455,-1.83482,-1.85085,0.00008,-1.85070,-1.85103,1.66724,0.45042,4.87620,1.01519,0.59114,0.16671,0.98704,0.08615,6.32292,2.11723,16.07915,2.35392
1410,1596.6354258060455,11558912,359.14944,4653.29568,193.71410,1112.86592,63.25976,420.14792,628.28125,-0.12271,0.39367,1.04024,-1.20363,4.61044,1.06973,8.20721,2.31062,28.02919,12.75122,68.17741,7.08681,-49.02556,17.01197,-9.81942,-78.63780,19.28087,9.84967,63.97243,4.38845,497.57868,369.15409,2495.76221,92.70042,0.00197,0.00471,0.01481,-0.01206,0.84177,0.04542,0.97902,0.70982,1.00101,0.06002,1.19209,0.83426,1.84513,0.00196,1.84741,1.83537,-4.98433,1.21423,-2.37072,-9.08032,-1.84249,0.00013,-1.84229,-1.84267,0.01139,0.00009,0.01152,0.01125,-1.83443,0.00009,-1.83430,-1.83465,-1.85054,0.00018,-1.85024,-1.85076,1.58083,0.32858,4.24209,1.01335,0.60643,0.15868,0.98938,0.10345,6.33209,2.10378,18.04656,2.39522
1420,1609.6169257164001,11640832,271.77345,4106.68219,188.65802,1137.05486,51.38147,420.98324,539.75000,0.07393,0.35173,0.73507,-0.96310,4.05121,1.03078,7.29762,1.89533,28.42057,14.23971,75.42883,6.81720,-41.17892,16.89002,-6.66350,-78.33409,15.13017,7.83300,54.03082,3.19878,432.94348,400.85763,3567.33276,47.65028,0.00179,0.00480,0.02187,-0.01576,0.84642,0.04649,0.98681,0.71599,0.99548,0.06363,1.19662,0.85206,1.84447,0.00193,1.84665,1.83167,-4.84825,1.19791,-2.49346,-10.32156,-1.84216,0.00006,-1.84205,-1.84230,0.01123,0.00009,0.01134,0.01105,-1.83422,0.00005,-1.83413,-1.83431,-1.85010,0.00011,-1.84986,-1.85029,1.56717,0.40404,4.41744,1.01207,0.62014,0.16183,0.98979,0.05987,6.51486,2.33629,20.67893,2.68790
1430,1584.3921706676483,11722752,297.16099,5053.26300,213.16780,1116.25423,45.90102,422.11330,560.28125,0.09507,0.25373,0.76335,-0.70616,3.75428,0.90768,7.35021,1.71579,25.70168,13.91261,65.54039,7.39145,-40.73824,18.63797,-7.41521,-81.65892,12.91104,6.70964,49.75583,2.62822,431.49185,323.60077,2395.41919,50.59129,0.00188,0.00438,0.01900,-0.01239,0.84103,0.04576,0.95781,0.69013,1.00633,0.06032,1.21947,0.82605,1.84399,0.00188,1.84620,1.83427,-5.05423,1.20875,-2.71618,-8.90075,-1.84189,0.00007,-1.84177,-1.84205,0.01110,0.00003,0.01113,0.01102,-1.83405,0.00007,-1.83397,-1.83424,-1.84974,0.00008,-1.84957,-1.84988,1.54210,0.40792,4.46612,1.00795,0.64803,0.15743,0.98987,0.10935,6.32107,2.06018,13.97574,2.38695
1440,1577.0933458805084,11804672,323.67905,4923.86388,208.36709,1114.53320,41.57833,420.85244,580.87500,-0.10820,0.25928,0.62157,-0.94678,4.13412,0.97962,7.67228,1.85939,26.36603,12.42913,60.53699,7.84692,-44.34653,16.79549,-10.68820,-77.15572,16.24982,8.31612,52.46440,3.46367,417.75629,309.36697,2021.87683,77.48980,0.00172,0.00389,0.01318,-0.01197,0.84352,0.04208,0.97185,0.72022,0.99998,0.06107,1.23681,0.82711,1.84383,0.00199,1.84603,1.83414,-5.05867,1.24048,-2.81806,-10.62922,-1.84187,0.00007,-1.84175,-1.84199,0.01094,0.00006,0.01107,0.01084,-1.83414,0.00009,-1.83397,-1.83428,-1.84961,0.00007,-1.84953,-1.84982,1.44310,0.30243,4.90256,1.00647,0.67408,0.14505,0.99491,0.24739,6.31649,2.04574,14.34345,2.42972
1450,1587.6716828346252,11886592,295.27408,4345.00277,220.12970,1117.20097,49.94128,420.40279,521.75000,0.10040,0.22117,0.70012,-0.52443,4.38134,1.13892,8.26461,2.28998,31.94969,11.36761,63.86902,7.38213,-40.84823,16.29070,-8.11039,-77.77753,18.68097,10.54694,63.40565,4.00517,539.36025,417.31972,3149.55688,67.99774,0.00174,0.00393,0.01501,-0.01355,0.84147,0.04434,0.96592,0.68814,0.99907,0.06145,1.15633,0.79489,1.84425,0.00182,1.84609,1.83253,-4.90189,1.26690,-2.44706,-9.20071,-1.84193,0.00003,-1.84189,-1.84199,0.01108,0.00003,0.01112,0.01102,-1.83410,0.00003,-1.83404,-1.83416,-1.84976,0.00003,-1.84970,-1.84983,1.40971,0.25016,2.36767,1.00697,0.70551,0.14176,0.99330,0.27554,6.40948,2.04339,15.35943,2.05266
1460,1574.8104736804962,11968512,271.98505,4544.37859,201.41354,1112.47642,41.14500,421.05870,481.90625,-0.05979,0.25330,0.62292,-0.98163,4.10365,1.13300,7.45639,1.80364,27.25298,14.28273,74.92057,8.02338,-42.35171,17.55472,-9.94575,-80.58921,16.89086,9.64615,55.47302,3.15433,408.17718,246.93527,1640.00867,76.21892,0.00208,0.00401,0.01804,-0.01023,0.84118,0.04412,1.01002,0.69226,1.00055,0.06322,1.19450,0.78235,1.84369,0.00204,1.84591,1.83213,-4.96447,1.26284,-2.68638,-9.47548,-1.84184,0.00004,-1.84178,-1.84194,0.01108,0.00004,0.01116,0.01102,-1.83400,0.00007,-1.83390,-1.83415,-1.84968,0.00003,-1.84962,-1.84974,1.39487,0.33922,4.13977,1.00546,0.72140,0.14888,0.99271,0.17956,6.57095,2.13669,17.36295,2.50687
1470,1572.3821783065796,12050432,298.64953,4750.15019,141.18990,1112.59224,35.49407,424.16293,580.06250,-0.03217,0.25884,0.67406,-0.95130,4.42818,0.91494,7.00218,2.41921,34.92304,14.48286,75.90966,7.23003,-44.05990,17.55954,-6.58477,-81.11485,19.18066,8.01840,47.29457,5.38038,505.03791,348.01716,2486.04102,97.17407,0.00242,0.00343,0.01566,-0.00902,0.84897,0.04633,0.98089,0.69306,0.99669,0.06614,1.28217,0.82503,1.84363,0.00204,1.84560,1.83227,-4.96746,1.28612,-2.20930,-11.21845,-1.84173,0.00002,-1.84171,-1.84178,0.01116,0.00004,0.01124,0.01112,-1.83384,0.00004,-1.83377,-1.83391,-1.84963,0.00002,-1.84959,-1.84967,1.35958,0.27760,3.55894,1.00487,0.72818,0.15715,0.99675,0.07764,6.55732,2.30054,29.24526,2.41772
1480,1575.8347556591034,12132352,364.40530,4549.33456,222.77778,1114.78031,36.57290,424.37027,659.28125,-0.08582,0.31365,0.64511,-1.50006,4.37568,0.97630,8.18146,2.39268,27.01850,14.07165,77.48251,6.86457,-41.42552,16.05642,-10.46478,-79.27204,19.00052,8.75478,68.43375,5.72009,527.73133,437.00180,3253.39844,80.23656,0.00303,0.00293,0.01406,-0.00714,0.84291,0.04485,0.98579,0.68469,1.00552,0.06250,1.20801,0.83853,1.84354,0.00211,1.84556,1.82585,-5.10463,1.41560,-2.59094,-10.46559,-1.84170,0.00002,-1.84164,-1.84172,0.01126,0.00002,0.01129,0.01124,-1.83373,0.00003,-1.83366,-1.83378,-1.84966,0.00001,-1.84962,-1.84968,1.31616,0.26500,3.76643,1.00337,0.76440,0.13498,0.99551,0.18854,6.67801,2.02303,17.72528,2.87498
1490,1576.8400328159332,12214272,335.12836,4850.98527,230.49476,1112.30364,43.64701,420.78233,622.09375,0.11485,0.34038,0.91855,-1.06471,4.21086,0.97810,6.79195,2.21899,27.00180,9.67949,60.01467,10.16631,-40.45604,18.34925,-5.73281,-72.71101,18.05710,8.57444,45.84377,4.57764,521.54184,355.35170,2637.03809,85.30917,0.00313,0.00248,0.01370,-0.00821,0.84462,0.04227,0.94441,0.70494,0.99699,0.05801,1.26599,0.84198,1.84341,0.00187,1.84539,1.83607,-4.82540,1.08383,-2.40689,-9.61746,-1.84162,0.00001,-1.84161,-1.84164,0.01129,0.00001,0.01130,0.01127,-1.83364,0.00001,-1.83363,-1.83366,-1.84960,0.00001,-1.84958,-1.84963,1.23368,0.21999,2.69031,1.00214,0.81625,0.14089,0.99749,0.24408,7.06831,2.13203,15.41145,3.01409
