EPOCH,Time Consumed,Total Frames,Running_Average_Rewards,Train_Epoch_Reward,Running_Training_Average_Rewards,Explore_Time,Train___Time,Eval____Time,eval_traj_length,advs/mean_Mean,advs/mean_Std,advs/mean_Max,advs/mean_Min,advs/std_Mean,advs/std_Std,advs/std_Max,advs/std_Min,advs/max_Mean,advs/max_Std,advs/max_Max,advs/max_Min,advs/min_Mean,advs/min_Std,advs/min_Max,advs/min_Min,Training/vf_loss_Mean,Training/vf_loss_Std,Training/vf_loss_Max,Training/vf_loss_Min,grad_norm/vf_Mean,grad_norm/vf_Std,grad_norm/vf_Max,grad_norm/vf_Min,Training/policy_loss_Mean,Training/policy_loss_Std,Training/policy_loss_Max,Training/policy_loss_Min,logprob/mean_Mean,logprob/mean_Std,logprob/mean_Max,logprob/mean_Min,logprob/std_Mean,logprob/std_Std,logprob/std_Max,logprob/std_Min,logprob/max_Mean,logprob/max_Std,logprob/max_Max,logprob/max_Min,logprob/min_Mean,logprob/min_Std,logprob/min_Max,logprob/min_Min,log_std/mean_Mean,log_std/mean_Std,log_std/mean_Max,log_std/mean_Min,log_std/std_Mean,log_std/std_Std,log_std/std_Max,log_std/std_Min,log_std/max_Mean,log_std/max_Std,log_std/max_Max,log_std/max_Min,log_std/min_Mean,log_std/min_Std,log_std/min_Max,log_std/min_Min,ratio/max_Mean,ratio/max_Std,ratio/max_Max,ratio/max_Min,ratio/min_Mean,ratio/min_Std,ratio/min_Max,ratio/min_Min,grad_norm/pf_Mean,grad_norm/pf_Std,grad_norm/pf_Max,grad_norm/pf_Min
0,286.6808750629425,8192,-114.00792,-1018.43096,nan,35.19047,4.44668,242.14490,1000.00000,-1.96809,0.08194,-1.79445,-2.10029,0.48105,0.08865,0.68379,0.35027,-0.41935,0.35899,0.20339,-1.14948,-3.15138,0.11045,-2.84682,-3.29327,3.17043,0.74681,4.32516,1.67368,20.32483,5.56642,29.67316,11.46533,-0.01152,0.00882,0.00639,-0.02807,1.30062,0.04211,1.40375,1.19183,1.01706,0.05783,1.15874,0.83892,2.31943,0.00171,2.32168,2.31239,-4.66358,1.29876,-1.88020,-7.62044,-2.07958,0.00016,-2.07938,-2.07992,0.00014,0.00005,0.00024,0.00000,-2.07948,0.00017,-2.07922,-2.07978,-2.07967,0.00016,-2.07944,-2.08006,1.57388,0.20229,2.41853,1.00460,0.63371,0.07856,0.99305,0.48457,2.18200,1.21076,6.53139,0.41395
10,593.5373220443726,90112,0.68287,147.43405,-5.09936,323.34240,29.07606,240.93897,941.48438,-0.16687,0.76887,0.83922,-1.73132,0.47501,0.16264,1.54875,0.35867,1.20545,0.79662,2.57402,-0.64108,-2.45985,3.42143,-0.25585,-17.16944,0.36379,0.42781,2.90094,0.13215,8.66044,11.01799,49.02370,0.06847,-0.01361,0.01089,0.01389,-0.04632,1.30827,0.04410,1.42325,1.16643,1.01045,0.06266,1.23720,0.85337,2.32355,0.00473,2.33254,2.30874,-4.54576,1.30184,-1.57506,-8.99905,-2.08168,0.00218,-2.07940,-2.08531,0.00544,0.00261,0.00855,0.00022,-2.07783,0.00119,-2.07597,-2.07981,-2.08552,0.00386,-2.08009,-2.09135,1.67524,0.33047,3.41628,1.00154,0.59738,0.13281,0.99883,0.35588,3.21203,2.06573,14.79423,0.35370
20,603.5604813098907,172032,42.50904,408.71208,20.80347,332.99116,29.23460,241.15618,625.54688,0.49137,0.31193,1.17757,-0.34171,1.95938,0.65464,3.71966,0.40029,2.90431,0.76096,6.00246,1.85306,-16.72786,6.17907,0.03509,-25.00685,4.10544,2.27780,13.88192,0.16387,85.71147,102.17804,633.48383,0.19783,0.00286,0.00870,0.02704,-0.03256,1.32248,0.04448,1.44925,1.15861,1.00409,0.06160,1.17452,0.85046,2.32722,0.00263,2.33183,2.30955,-4.56625,1.20883,-1.75241,-8.50388,-2.08364,0.00063,-2.08226,-2.08488,0.00957,0.00157,0.01261,0.00705,-2.07688,0.00159,-2.07335,-2.07937,-2.09040,0.00085,-2.08821,-2.09168,1.66950,0.33128,3.39095,1.00796,0.59299,0.13151,0.99316,0.30919,2.90464,1.51283,12.00945,0.31474
30,605.7066919803619,253952,78.84811,721.49723,31.06233,334.16679,29.06769,242.27822,742.87500,0.37139,0.15980,0.72187,-0.07005,1.89913,0.37621,2.98516,0.93771,4.83025,1.68179,11.03119,1.88219,-18.66563,5.90509,-5.85945,-31.59897,3.80186,1.43422,8.68767,0.77956,123.33546,86.28324,479.35043,7.63679,0.00582,0.00598,0.02965,-0.00958,1.30772,0.04352,1.43868,1.16900,1.01674,0.06359,1.22296,0.84208,2.31973,0.00390,2.32764,2.31025,-4.69851,1.27303,-1.80099,-9.28874,-2.07976,0.00170,-2.07765,-2.08278,0.01311,0.00118,0.01498,0.01101,-2.07049,0.00206,-2.06710,-2.07332,-2.08903,0.00172,-2.08686,-2.09267,1.71799,0.34435,3.59824,1.01231,0.56805,0.13806,0.98749,0.20967,2.84021,1.35669,8.93740,0.57326
40,612.7612416744232,335872,65.48422,957.66221,66.25755,338.11007,29.16218,245.39645,538.67188,0.30352,0.26394,1.07007,-0.42861,2.74978,0.47961,4.14328,1.74462,12.72410,5.50093,27.94917,3.82510,-22.68464,7.75725,-9.48877,-41.86532,7.18528,2.65902,17.37640,2.92942,173.69901,126.33816,821.01630,15.32649,0.00772,0.00772,0.04754,-0.00940,1.30807,0.04514,1.43490,1.16318,1.00915,0.06459,1.20417,0.83069,2.31669,0.00214,2.31996,2.30607,-4.65699,1.34436,-2.03875,-10.02524,-2.07826,0.00042,-2.07742,-2.07910,0.01596,0.00085,0.01690,0.01428,-2.06698,0.00086,-2.06581,-2.06876,-2.08955,0.00058,-2.08851,-2.09075,1.85341,0.42129,4.17115,1.03215,0.50416,0.14525,0.96752,0.11695,3.48008,1.74990,10.78217,0.72126
50,504.05477261543274,417792,76.36861,1776.36436,81.83699,341.22661,29.20228,133.42317,360.93750,-0.01089,0.27245,0.73430,-0.70048,3.16106,0.58518,5.12902,1.65345,12.76753,5.47866,25.87521,3.77976,-27.42689,8.44492,-9.59335,-44.20870,9.18636,3.39020,22.26440,2.22709,244.68620,158.00994,892.31610,19.33054,0.00775,0.00722,0.03981,-0.00820,1.30622,0.04688,1.44723,1.17541,1.01062,0.06699,1.22986,0.79456,2.31523,0.00240,2.31850,2.29979,-4.63975,1.47013,-2.14731,-11.71288,-2.07758,0.00049,-2.07639,-2.07827,0.01619,0.00036,0.01684,0.01560,-2.06613,0.00060,-2.06459,-2.06706,-2.08902,0.00051,-2.08814,-2.09000,1.96699,0.54282,5.53773,1.02869,0.48894,0.14802,0.98660,0.13217,3.73927,1.71596,10.90176,0.74444
60,522.8454277515411,499712,83.57798,1613.85101,84.44853,343.31048,29.04420,150.29434,389.53125,0.19644,0.17145,0.67139,-0.37807,2.83969,0.54140,4.36405,1.72242,13.49751,5.80586,29.39550,4.32870,-22.86994,9.21519,-8.89722,-48.39063,7.17633,2.66214,17.84655,2.87680,212.78119,133.34667,749.59558,33.39915,0.00673,0.00661,0.02975,-0.01286,1.30387,0.04516,1.42763,1.16993,1.01395,0.06188,1.24677,0.85476,2.30940,0.00232,2.31463,2.29408,-4.69579,1.17954,-2.15393,-10.47917,-2.07450,0.00067,-2.07391,-2.07637,0.01813,0.00156,0.02064,0.01641,-2.06168,0.00154,-2.05947,-2.06460,-2.08732,0.00099,-2.08584,-2.08920,1.85261,0.50019,4.70653,1.01481,0.52102,0.13729,0.98127,0.12252,3.68393,1.64921,9.55963,0.76578
70,549.4540410041809,581632,78.96889,1399.95252,72.80561,343.32737,28.85998,177.15284,391.93750,0.19384,0.20565,0.81033,-0.55807,2.54331,0.54055,4.73785,1.49559,11.19278,4.92159,32.65937,4.28126,-22.28180,10.28672,-8.16321,-49.79670,5.76437,2.57366,22.24781,1.78571,218.18854,152.11614,957.74213,19.16811,0.00768,0.00774,0.04319,-0.01061,1.29867,0.04094,1.41869,1.18578,1.01142,0.05821,1.19083,0.85236,2.30926,0.00248,2.31366,2.29732,-4.60649,1.32592,-2.23330,-8.81948,-2.07455,0.00076,-2.07324,-2.07589,0.02162,0.00083,0.02367,0.02041,-2.05927,0.00118,-2.05745,-2.06119,-2.08984,0.00067,-2.08894,-2.09128,1.94129,0.55399,5.74184,1.01498,0.49134,0.14058,0.98657,0.13167,3.60866,1.72327,10.32071,0.89878
80,523.668919801712,663552,84.24710,1716.85395,80.55855,344.42832,28.98262,150.06480,335.67188,0.11254,0.22150,0.64355,-0.63897,2.87557,0.62661,5.26806,1.81260,14.53170,7.28855,36.97214,4.81959,-22.87007,9.97732,-10.20702,-45.84558,6.92592,2.81489,18.70070,3.18220,251.96828,167.64493,1106.65540,29.92972,0.00865,0.00804,0.04084,-0.01139,1.28410,0.04517,1.40988,1.14000,1.02110,0.06425,1.18927,0.85175,2.30422,0.00291,2.31079,2.29448,-4.58970,1.20531,-2.28770,-11.39165,-2.07204,0.00113,-2.07056,-2.07437,0.02277,0.00089,0.02390,0.02107,-2.05594,0.00096,-2.05429,-2.05790,-2.08814,0.00155,-2.08556,-2.09086,2.22596,0.91060,9.88852,1.02959,0.43905,0.16131,0.97606,0.02284,3.87526,1.64762,10.05859,0.86227
90,549.9969613552094,745472,76.36334,1526.89219,70.63296,345.88239,28.97816,174.92204,352.18750,0.01887,0.20660,0.68390,-0.56767,3.14237,0.66524,5.17788,1.58812,16.07275,8.65131,38.26274,5.00556,-24.94113,10.39910,-8.08780,-52.62367,7.94092,3.48168,21.18611,1.93909,244.92188,165.99880,1059.12463,34.25333,0.00767,0.00709,0.03570,-0.01389,1.29156,0.04532,1.42452,1.17000,1.01119,0.05955,1.19211,0.86047,2.30085,0.00273,2.30509,2.28407,-4.60610,1.24730,-2.20748,-9.41849,-2.07032,0.00093,-2.06876,-2.07152,0.02192,0.00110,0.02361,0.02045,-2.05483,0.00137,-2.05207,-2.05694,-2.08582,0.00104,-2.08377,-2.08745,2.04471,0.71783,7.39730,1.02953,0.46005,0.14857,0.96107,0.01175,4.29747,1.84228,11.13987,1.11764
100,584.810863494873,827392,94.27027,1613.46139,85.59271,344.56716,29.21141,210.84225,420.73438,0.17862,0.16358,0.64960,-0.33071,2.85824,0.45695,4.60243,2.08488,16.21450,8.41999,40.51872,5.05355,-20.02953,9.53248,-8.88281,-45.24314,6.96093,2.30533,16.80022,3.24570,228.05541,169.45281,1168.68738,26.22246,0.00843,0.00768,0.03409,-0.00832,1.27837,0.04406,1.41477,1.15271,1.01397,0.06209,1.22841,0.86030,2.29598,0.00214,2.29955,2.28738,-4.59431,1.32650,-2.47965,-10.94347,-2.06807,0.00039,-2.06740,-2.06878,0.02412,0.00073,0.02557,0.02306,-2.05101,0.00086,-2.04965,-2.05246,-2.08512,0.00031,-2.08458,-2.08584,2.12251,0.62353,7.37325,1.02201,0.43716,0.14887,0.97597,0.06383,4.58879,2.06272,11.71324,1.21969
110,560.6116003990173,909312,81.12362,1849.57150,92.31296,346.16489,29.23015,185.12834,346.29688,0.12161,0.15831,0.58590,-0.40309,2.80295,0.47275,4.70020,1.81439,14.87368,6.16779,42.49601,5.37812,-24.79564,10.49068,-8.07489,-49.97879,6.51747,2.31773,21.11342,2.34360,213.66467,146.08833,930.59985,27.51717,0.00782,0.00776,0.04575,-0.01365,1.28156,0.04719,1.41258,1.14583,1.01163,0.06596,1.27214,0.85688,2.29048,0.00276,2.29841,2.27577,-4.56070,1.24197,-2.34466,-8.36634,-2.06518,0.00097,-2.06401,-2.06823,0.02602,0.00130,0.02732,0.02329,-2.04679,0.00180,-2.04490,-2.05129,-2.08358,0.00056,-2.08263,-2.08517,2.14831,0.66034,6.10516,1.03517,0.43727,0.15592,0.95686,0.06533,4.30125,1.84918,11.45441,1.11560
120,608.3139750957489,991232,90.87020,1285.63391,80.75250,343.99638,28.94926,235.16031,495.18750,0.08052,0.17355,0.58869,-0.36887,2.89757,0.44324,4.45629,1.81614,13.82715,5.10652,27.97213,4.25719,-25.87539,9.14586,-6.45751,-49.29292,6.20054,2.37909,15.66851,1.70844,216.46200,155.30938,1242.32251,21.90870,0.00788,0.00914,0.05120,-0.01309,1.27367,0.04478,1.38874,1.10033,1.01446,0.06019,1.20436,0.84948,2.28683,0.00308,2.29248,2.27501,-4.58658,1.17976,-2.11960,-8.84011,-2.06340,0.00107,-2.06158,-2.06522,0.02711,0.00109,0.02932,0.02576,-2.04423,0.00178,-2.04116,-2.04665,-2.08257,0.00058,-2.08135,-2.08401,2.14357,0.65178,6.76327,1.02916,0.41551,0.15257,0.96997,0.09952,4.21289,1.84471,12.39600,0.91246
130,596.0227882862091,1073152,94.31756,1579.40906,72.76996,344.87073,28.98526,222.06992,400.71875,0.26677,0.14817,0.67128,-0.11572,2.70966,0.38942,3.92284,1.80140,14.46954,7.03089,43.59314,5.40598,-23.28861,8.72828,-10.31306,-47.48067,5.82664,1.76229,12.68631,2.75395,203.24435,132.06969,706.38202,31.65440,0.00697,0.00987,0.07991,-0.01147,1.26267,0.04600,1.41213,1.14088,1.01479,0.06141,1.22519,0.82802,2.27752,0.00490,2.28494,2.26065,-4.63889,1.26252,-1.69879,-8.98958,-2.05870,0.00225,-2.05528,-2.06157,0.02998,0.00106,0.03155,0.02727,-2.03750,0.00217,-2.03449,-2.04118,-2.07989,0.00256,-2.07492,-2.08248,2.25920,0.84086,9.77702,1.01860,0.41076,0.14968,0.97447,0.06651,4.39255,1.90045,12.62040,0.79452
140,599.774382352829,1155072,96.58470,2200.73552,81.05469,343.90559,28.98079,226.66584,477.67188,-0.02199,0.18560,0.43413,-0.47910,2.86980,0.63879,5.16679,1.77696,16.00080,7.70420,45.00014,4.99088,-24.16664,10.88510,-7.00568,-55.79839,6.30649,2.96211,24.62315,2.59103,215.48030,147.26940,1225.61707,31.36995,0.00707,0.00879,0.04799,-0.01579,1.26041,0.04860,1.42678,1.12089,1.01451,0.06691,1.22184,0.84908,2.27106,0.00222,2.27399,2.25991,-4.68654,1.30740,-2.25755,-9.05718,-2.05549,0.00034,-2.05470,-2.05601,0.02958,0.00070,0.03078,0.02741,-2.03457,0.00078,-2.03299,-2.03640,-2.07641,0.00034,-2.07516,-2.07681,2.22266,0.65862,5.89557,1.02879,0.40838,0.15556,0.97681,0.01258,4.44992,1.91468,16.61901,0.87726
150,613.3679161071777,1236992,91.72988,1778.86250,87.35384,343.02746,29.02471,241.12793,526.25000,0.18977,0.24972,0.90239,-0.60079,2.78948,0.52395,4.43280,1.76957,14.72630,6.29863,40.74041,5.40839,-23.81780,11.28321,-5.65356,-54.63650,5.93985,2.32358,17.32215,1.80443,213.69748,156.11200,1079.74548,34.57281,0.00636,0.00887,0.04643,-0.01670,1.25741,0.04762,1.39533,1.09089,1.01817,0.06738,1.23648,0.83870,2.26948,0.00207,2.27358,2.25798,-4.81069,1.29832,-2.46291,-9.25547,-2.05461,0.00053,-2.05362,-2.05577,0.03287,0.00183,0.03589,0.03051,-2.03136,0.00170,-2.02870,-2.03417,-2.07785,0.00101,-2.07648,-2.07979,2.40868,0.84479,7.41929,1.01744,0.37866,0.15771,0.98252,0.02091,4.45662,1.92468,10.88510,1.49043
160,589.319304227829,1318912,103.62366,1617.54602,95.42992,344.20907,28.99264,215.92049,364.03125,0.10994,0.25461,0.92380,-0.46385,2.96110,0.52801,4.56055,1.80777,14.93278,6.83076,44.02934,4.78778,-26.53938,10.51669,-4.59859,-52.52436,6.83228,2.80487,20.10773,1.85709,217.55914,145.19955,1217.57910,35.43687,0.00514,0.00925,0.03937,-0.01447,1.25352,0.04543,1.38049,1.09843,1.01349,0.06260,1.25367,0.87203,2.26861,0.00202,2.27169,2.25971,-4.67275,1.37167,-2.28270,-9.38734,-2.05422,0.00041,-2.05343,-2.05483,0.03397,0.00109,0.03599,0.03184,-2.03020,0.00045,-2.02904,-2.03102,-2.07824,0.00115,-2.07604,-2.08005,2.47030,1.05487,12.06448,1.03613,0.33882,0.17257,0.95648,0.00141,4.40111,1.80322,10.69722,1.17085
170,619.5187695026398,1400832,112.83740,2382.19085,82.62863,341.80086,29.02242,248.51026,525.04688,0.24239,0.21861,0.80980,-0.53547,3.01024,0.59922,4.76550,1.88904,17.65927,7.84995,47.71081,4.83231,-25.44738,10.92289,-6.63794,-51.92081,7.04885,3.15714,19.60751,2.51193,208.56664,136.27212,1093.42090,29.60563,0.00745,0.01137,0.09922,-0.01830,1.24509,0.04728,1.40651,1.06580,1.01670,0.06472,1.20887,0.84052,2.26119,0.00369,2.26902,2.24609,-4.66789,1.29214,-2.34465,-11.30588,-2.05060,0.00141,-2.04904,-2.05353,0.03159,0.00054,0.03257,0.03081,-2.02826,0.00119,-2.02677,-2.03102,-2.07294,0.00169,-2.07088,-2.07606,2.80962,1.48590,15.62997,1.03827,0.27476,0.17842,0.96079,0.00269,4.66226,2.11608,19.38724,1.16963
180,618.0458660125732,1482752,109.97192,1923.89676,102.31734,341.49601,29.36700,246.98939,476.37500,0.12466,0.22773,0.67072,-0.57294,3.24883,0.78165,5.63993,1.32576,17.00628,7.50258,42.90644,5.15925,-29.88773,10.44826,-5.70244,-55.43796,8.35183,4.29090,23.54954,1.54143,195.57958,129.62427,1083.02124,25.98301,0.00774,0.01137,0.07794,-0.01844,1.22735,0.04621,1.36175,1.04070,1.02910,0.06566,1.23613,0.85812,2.25523,0.00306,2.26008,2.24329,-4.84708,1.41293,-2.24729,-11.97409,-2.04755,0.00119,-2.04601,-2.04905,0.03402,0.00094,0.03535,0.03152,-2.02349,0.00172,-2.02113,-2.02676,-2.07160,0.00087,-2.07009,-2.07312,2.74388,1.18757,13.09808,1.05989,0.28886,0.16842,0.92497,0.00115,5.24688,2.56693,22.07589,1.29490
190,633.00412940979,1564672,127.32785,1977.05977,112.96286,338.84756,46.75619,247.20202,533.18750,0.11732,0.23232,0.68122,-0.48555,2.97241,0.50202,5.36261,1.76791,16.94987,6.23553,41.74002,6.36254,-25.21750,9.66928,-8.22603,-50.60860,6.49630,2.29161,15.95617,2.44600,181.21945,121.07117,875.02734,38.40198,0.00738,0.01083,0.06539,-0.01982,1.22790,0.04738,1.37429,1.08225,1.01951,0.06281,1.28747,0.78192,2.25189,0.00320,2.25681,2.23829,-4.63579,1.37306,-1.96059,-14.42351,-2.04595,0.00118,-2.04403,-2.04745,0.03191,0.00103,0.03424,0.03067,-2.02338,0.00109,-2.02136,-2.02490,-2.06852,0.00162,-2.06649,-2.07142,2.59542,1.15960,14.53870,1.07714,0.31578,0.16749,0.95703,0.00000,4.78694,2.02370,13.02069,1.24048
200,652.1934592723846,1646592,103.92326,1746.14913,109.96651,340.49425,63.54135,248.06460,468.76562,-0.12147,0.26879,0.57089,-0.74382,3.51430,0.56744,5.54611,2.15604,18.68584,8.02881,42.53909,5.74403,-30.11137,10.71875,-8.07137,-54.96886,9.33884,3.58159,24.01409,2.82011,240.68087,148.62405,985.20312,31.81863,0.00765,0.01017,0.04464,-0.01764,1.22985,0.04779,1.34800,1.07098,1.02343,0.06514,1.22690,0.85256,2.24462,0.00329,2.25050,2.22906,-4.79038,1.34643,-1.93045,-10.48249,-2.04233,0.00130,-2.04043,-2.04426,0.03046,0.00108,0.03215,0.02838,-2.02079,0.00122,-2.01950,-2.02338,-2.06387,0.00175,-2.06096,-2.06655,2.64941,1.07677,8.87541,1.01846,0.31284,0.16560,0.98856,0.00102,5.09351,2.26067,15.03822,1.37959
210,657.0322749614716,1728512,107.63985,1906.94333,114.05123,340.70361,69.28200,246.94418,479.93750,-0.00047,0.24195,0.59147,-0.86745,3.26814,0.61088,5.67701,2.08335,20.04837,7.29245,39.54479,5.96941,-27.40757,12.26415,-9.74008,-64.15959,8.00904,3.33251,25.78068,2.90359,193.51230,128.44769,808.57428,26.60166,0.00714,0.01169,0.11343,-0.01546,1.21395,0.04435,1.33715,1.08240,1.02095,0.06440,1.24396,0.84466,2.23568,0.00318,2.24279,2.22224,-4.79448,1.29837,-2.27080,-9.99148,-2.03775,0.00123,-2.03563,-2.04043,0.03075,0.00055,0.03167,0.02950,-2.01601,0.00149,-2.01344,-2.01956,-2.05949,0.00105,-2.05760,-2.06134,2.73272,1.23954,12.05134,1.04911,0.31372,0.16385,0.93187,0.00417,4.86903,2.18602,19.17053,1.52050
220,656.5499076843262,1810432,115.68510,2045.36054,124.83814,339.15988,69.67793,247.38443,458.68750,-0.01740,0.19252,0.50795,-0.57563,3.18792,0.58470,5.57927,2.11859,15.11505,6.01760,34.71248,4.32192,-28.51049,10.76973,-11.03336,-56.31492,7.63145,3.48673,29.89870,2.65006,178.27952,184.40506,2016.27173,34.05667,0.00765,0.01109,0.05702,-0.01571,1.20314,0.04502,1.32608,1.09649,1.02779,0.06108,1.20310,0.85687,2.22480,0.00436,2.23365,2.20961,-4.88049,1.39932,-2.17109,-13.27806,-2.03231,0.00185,-2.02975,-2.03580,0.03351,0.00104,0.03532,0.03149,-2.00862,0.00257,-2.00516,-2.01351,-2.05600,0.00116,-2.05407,-2.05813,2.56966,1.14423,12.77583,1.04785,0.33591,0.17558,0.94669,0.00273,4.96043,1.98481,13.76884,1.40484
230,627.604080915451,1892352,136.30044,1834.67616,107.76133,340.76112,38.11416,248.52246,498.28125,0.15802,0.38930,0.82659,-1.17219,3.88559,0.69059,5.90298,2.20871,23.39811,8.52803,47.67725,6.31608,-33.13694,9.77301,-10.24368,-55.31265,11.30560,4.54069,34.57990,3.39026,243.85761,178.23425,1309.57678,40.08116,0.00802,0.00969,0.04326,-0.01832,1.19434,0.04414,1.30527,1.04832,1.02305,0.06319,1.24446,0.83916,2.21548,0.00354,2.22131,2.20238,-4.85105,1.36875,-1.99387,-9.87805,-2.02764,0.00147,-2.02435,-2.02974,0.03500,0.00065,0.03615,0.03399,-2.00289,0.00168,-1.99949,-2.00544,-2.05238,0.00137,-2.04918,-2.05405,2.55941,1.00938,10.02246,1.03783,0.33353,0.17685,0.96305,0.00085,5.16278,2.06459,12.30785,1.57185
240,608.7048189640045,1974272,106.65972,1964.60389,114.37418,340.04379,32.58284,235.88416,445.26562,0.01157,0.19101,0.51446,-0.67202,3.51814,0.56662,5.52653,2.34794,16.82361,7.34142,44.68806,6.30621,-32.48971,11.00622,-10.37119,-55.98228,8.83728,3.22548,23.28599,3.10929,210.55328,155.60300,1071.12463,42.26484,0.00759,0.01077,0.04628,-0.01706,1.18861,0.04692,1.32527,1.02774,1.02073,0.06572,1.27364,0.83778,2.20371,0.00336,2.21069,2.19192,-4.81134,1.35777,-2.22950,-11.78170,-2.02184,0.00151,-2.01920,-2.02433,0.03555,0.00095,0.03741,0.03445,-1.99670,0.00200,-1.99335,-1.99956,-2.04698,0.00120,-2.04413,-2.04916,2.49393,0.89802,8.44128,1.02353,0.34476,0.18287,0.97529,0.00058,5.36006,2.51752,28.58049,1.35204
250,614.1122014522552,2056192,84.04439,2769.12008,103.84763,340.26306,34.39998,239.34880,316.46875,-0.00522,0.27401,0.78381,-0.79144,3.64796,0.57756,5.89067,2.37085,21.00717,7.95557,44.03664,6.65200,-31.88348,11.22442,-11.01659,-56.91922,9.84710,3.81570,30.87062,3.35764,271.35715,211.03349,1914.46130,26.86205,0.00732,0.00994,0.04791,-0.01485,1.18701,0.04581,1.29974,1.03883,1.01963,0.06201,1.19891,0.82521,2.20327,0.00292,2.20796,2.19075,-4.63677,1.20803,-2.14701,-11.58219,-2.02156,0.00106,-2.01928,-2.02300,0.03438,0.00051,0.03556,0.03372,-1.99725,0.00105,-1.99452,-1.99851,-2.04587,0.00118,-2.04394,-2.04802,2.59459,1.62552,19.80516,1.03233,0.33002,0.17442,0.96834,0.00045,5.39304,2.52583,15.42458,1.22093
260,623.9131593704224,2138112,133.02957,2670.35458,120.62663,340.15278,33.74626,249.91518,369.64062,0.14532,0.20663,0.70750,-0.52805,3.58675,0.64440,5.80462,2.43960,21.16821,10.56244,53.66868,7.61169,-30.66469,11.81168,-9.93038,-55.78699,9.75349,4.17384,25.42580,3.86128,242.54176,183.00523,1694.47375,49.18824,0.00686,0.01006,0.05168,-0.01490,1.18273,0.04586,1.32479,0.90627,1.02396,0.06095,1.26110,0.87894,2.20469,0.00216,2.20838,2.19432,-4.81750,1.24470,-2.45769,-10.23050,-2.02224,0.00058,-2.02121,-2.02317,0.03746,0.00173,0.04034,0.03527,-1.99575,0.00163,-1.99270,-1.99762,-2.04872,0.00100,-2.04691,-2.05018,2.43998,0.83788,7.35453,1.04092,0.33860,0.17721,0.96906,0.00641,5.50533,2.36221,13.94691,1.37326
270,621.4729039669037,2220032,135.00607,2859.96837,128.54994,340.40481,32.69234,248.18180,358.62500,-0.01047,0.24219,0.58196,-0.69565,3.88223,0.76783,6.12823,2.06750,21.78996,9.53662,51.66985,7.27172,-34.76830,12.09962,-9.06397,-59.18919,12.12811,5.22845,34.34517,3.63625,302.04844,205.13381,1794.85315,40.47702,0.00662,0.00999,0.05298,-0.01972,1.17844,0.04685,1.31669,1.00530,1.02458,0.06587,1.24934,0.86410,2.20119,0.00354,2.20652,2.18717,-4.87786,1.39012,-2.32518,-9.46153,-2.02048,0.00144,-2.01802,-2.02238,0.03921,0.00041,0.03999,0.03854,-1.99275,0.00168,-1.98991,-1.99491,-2.04821,0.00122,-2.04593,-2.04987,2.57716,0.93956,11.22125,1.03088,0.32779,0.16687,0.93709,0.02090,5.59890,2.29553,16.44563,1.73817
280,580.0123898983002,2301952,150.75384,3049.31361,153.44086,340.88272,30.07112,208.88060,372.35938,0.08129,0.23111,0.98113,-0.70245,3.71619,0.60251,5.60689,2.27965,20.06590,9.65971,60.42419,5.48622,-34.76540,11.85099,-10.31102,-59.55986,10.25709,3.95117,26.33624,3.54332,270.98659,202.57459,1263.58594,42.67339,0.00835,0.01147,0.07611,-0.01958,1.16797,0.04666,1.29164,1.04057,1.02359,0.06209,1.23649,0.87712,2.19375,0.00285,2.19917,2.18197,-4.74113,1.21290,-2.19118,-9.12073,-2.01685,0.00101,-2.01537,-2.01863,0.04068,0.00066,0.04168,0.03936,-1.98808,0.00140,-1.98592,-1.99067,-2.04562,0.00071,-2.04413,-2.04677,2.64016,1.04007,11.34250,1.03292,0.31827,0.15810,0.94931,0.00473,5.51351,2.34691,15.03981,1.68378
290,629.5789654254913,2383872,147.69837,2578.52269,137.59273,343.31897,36.57367,249.50431,501.20312,0.25984,0.26177,0.97894,-0.54746,3.53696,0.66608,5.71447,2.20289,21.01082,9.41987,50.25883,6.46307,-31.71157,13.48095,-7.34260,-60.68334,9.37935,4.05233,29.28542,3.32319,259.28216,200.61431,2334.88306,45.53873,0.00807,0.00984,0.07096,-0.01485,1.17146,0.04595,1.29422,1.04565,1.02520,0.06916,1.29744,0.86322,2.19178,0.00215,2.19554,2.17905,-4.90724,1.43998,-2.22628,-10.33503,-2.01582,0.00042,-2.01466,-2.01681,0.03929,0.00088,0.04169,0.03801,-1.98804,0.00092,-1.98592,-1.98969,-2.04360,0.00053,-2.04239,-2.04493,2.68572,1.29175,16.24652,1.03799,0.33014,0.16030,0.95354,0.01296,5.44421,2.13954,12.52699,1.62944
300,621.2137115001678,2465792,135.10775,2495.74442,130.51420,341.74010,30.58812,248.78653,462.59375,0.07666,0.27538,0.72376,-0.80570,3.74810,0.73454,6.11839,2.26636,18.16778,8.53771,54.94900,6.47278,-35.86681,12.11114,-9.09186,-60.76622,10.56024,4.69831,34.39034,3.59648,241.20427,168.51282,1098.45813,49.17219,0.00645,0.01045,0.05049,-0.01540,1.16491,0.04536,1.28628,1.01601,1.02521,0.06572,1.27900,0.87202,2.18644,0.00261,2.19123,2.17356,-4.87752,1.38171,-2.59477,-11.37428,-2.01316,0.00079,-2.01145,-2.01466,0.03960,0.00063,0.04071,0.03853,-1.98516,0.00081,-1.98418,-1.98701,-2.04117,0.00099,-2.03872,-2.04236,2.61312,1.16825,13.15887,1.06155,0.33171,0.15980,0.93784,0.00654,5.36807,2.23506,15.18046,1.28955
310,621.9439451694489,2547712,133.64512,2600.81785,119.79804,341.55811,30.57047,249.71037,452.17188,0.08096,0.24028,0.84181,-0.57495,3.86883,0.65918,6.50612,2.26947,21.97686,9.67581,59.01562,7.07057,-36.64038,11.72875,-9.85086,-62.01953,10.41828,4.43513,29.00596,3.50260,241.40458,171.82802,1047.37097,44.47841,0.00713,0.01073,0.04773,-0.01533,1.14890,0.04746,1.27355,0.99464,1.03000,0.06180,1.21207,0.86333,2.17805,0.00292,2.18492,2.16789,-4.80155,1.26048,-1.69082,-9.83729,-2.00891,0.00113,-2.00603,-2.01143,0.03710,0.00066,0.03863,0.03607,-1.98268,0.00084,-1.98041,-1.98417,-2.03515,0.00151,-2.03165,-2.03870,2.81902,1.64190,22.62975,1.04758,0.31068,0.16416,0.95470,0.00313,5.24022,2.27011,17.71956,1.29709
320,600.0715599060059,2629632,134.76616,2691.45291,139.56679,342.40350,30.03397,227.53999,373.64062,0.05646,0.24696,0.84916,-1.06010,3.61449,0.78682,7.02650,1.99291,20.62103,10.40292,51.88569,5.52721,-32.46139,14.03344,-9.06425,-62.09075,10.27206,5.01807,38.68696,2.32068,257.87310,177.30694,1730.69385,30.76274,0.00721,0.01098,0.06004,-0.01590,1.14073,0.04338,1.27054,0.98497,1.02123,0.05836,1.23063,0.85973,2.16493,0.00373,2.17337,2.15023,-4.87215,1.30271,-2.49507,-10.16764,-2.00246,0.00149,-2.00043,-2.00599,0.03352,0.00139,0.03622,0.03093,-1.97875,0.00065,-1.97771,-1.98038,-2.02616,0.00244,-2.02262,-2.03160,2.73801,1.19016,12.32352,1.04019,0.30198,0.15950,0.94516,0.01402,5.38371,2.22723,14.16590,1.67638
330,623.0656986236572,2711552,139.89620,2530.91083,116.48658,343.16994,30.57578,249.20808,391.56250,0.04333,0.25232,0.79676,-0.55692,3.54035,0.65497,5.56684,1.96006,20.69056,10.18355,47.71985,5.39331,-33.09890,12.96461,-9.60756,-59.71834,9.25402,3.51377,25.87294,3.49053,237.54273,161.00844,1189.67029,31.97304,0.00699,0.00972,0.06279,-0.01234,1.14119,0.04894,1.27330,0.97990,1.02099,0.06567,1.26807,0.86171,2.16155,0.00208,2.16480,2.15008,-4.91830,1.37856,-2.40143,-11.36793,-2.00070,0.00034,-2.00002,-2.00142,0.03095,0.00149,0.03278,0.02857,-1.97882,0.00115,-1.97730,-1.98043,-2.02259,0.00106,-2.02083,-2.02390,2.74708,1.52364,19.73810,1.06768,0.31787,0.16272,0.93449,0.00197,5.20892,2.11297,15.80506,1.71120
340,619.5670700073242,2793472,131.96688,2202.67691,97.79868,340.70434,29.72022,249.04563,437.64062,0.11025,0.22435,0.69070,-0.52640,3.23541,0.78993,5.22426,1.55757,17.10327,7.90060,44.28887,4.70226,-33.09743,13.19439,-9.45621,-59.78031,8.11179,4.37889,24.85370,1.81288,213.34599,171.30288,1612.67761,31.95152,0.00459,0.00956,0.03624,-0.01838,1.13889,0.04531,1.25762,0.99795,1.01697,0.06594,1.30099,0.85872,2.15595,0.00298,2.16315,2.14495,-4.76998,1.28236,-2.49419,-9.24411,-1.99793,0.00117,-1.99600,-2.00062,0.02879,0.00068,0.02995,0.02747,-1.97757,0.00106,-1.97608,-1.98015,-2.01828,0.00144,-2.01592,-2.02114,2.60367,1.28901,14.63614,1.03752,0.31770,0.17429,0.97255,0.00311,4.64610,1.86842,12.92014,1.45713
350,625.8044588565826,2875392,129.41470,2561.95071,116.42586,342.01122,33.98687,249.71029,386.23438,0.09252,0.23632,0.73028,-0.66015,3.30624,0.58860,5.83357,2.02138,17.92086,9.58163,55.64213,4.80408,-30.44125,12.33688,-7.82609,-60.19589,8.52014,3.84763,27.33097,2.55696,261.42017,235.66048,1875.34155,36.54533,0.00470,0.00941,0.03867,-0.01850,1.13098,0.04698,1.29535,0.97834,1.01645,0.06604,1.19615,0.82369,2.14808,0.00337,2.15399,2.13141,-4.76075,1.33569,-1.98899,-11.00993,-1.99398,0.00129,-1.99212,-1.99598,0.02756,0.00131,0.03006,0.02546,-1.97449,0.00072,-1.97308,-1.97606,-2.01347,0.00212,-2.01061,-2.01681,2.63610,1.65124,20.20848,1.02717,0.32769,0.17465,0.94707,0.00342,4.87261,1.98478,12.95757,1.66784
360,628.5978083610535,2957312,164.39836,2571.81259,131.90315,343.33360,36.23331,248.84056,430.20312,0.05863,0.27676,1.12294,-0.76195,3.80354,0.76797,6.10537,2.19053,20.56847,12.18044,59.95613,6.75284,-36.34448,13.86190,-8.33648,-63.17744,10.64786,4.74418,32.39950,3.15081,253.94279,182.10541,1594.54724,43.19093,0.00631,0.01175,0.09229,-0.01791,1.12455,0.04717,1.24695,0.97483,1.01907,0.06642,1.18548,0.86519,2.14318,0.00252,2.14756,2.12728,-4.81907,1.37136,-2.21212,-10.32235,-1.99158,0.00073,-1.99041,-1.99292,0.02526,0.00027,0.02586,0.02475,-1.97372,0.00066,-1.97273,-1.97471,-2.00944,0.00085,-2.00795,-2.01119,2.87171,2.32289,44.34468,1.04060,0.31219,0.16659,0.95884,0.00359,5.04944,2.45280,23.81999,1.33516
370,622.9018468856812,3039232,114.82928,2315.75222,154.54675,343.29256,29.95338,249.56940,373.70312,0.00403,0.23803,0.62620,-0.65209,3.41895,0.67733,5.49827,1.95788,18.72236,8.65135,55.69162,6.25248,-33.37096,15.07035,-8.56935,-65.69655,8.84431,4.18374,29.11465,2.26520,266.43571,248.63678,1698.56152,38.92627,0.00632,0.01057,0.06312,-0.01793,1.12900,0.04607,1.28166,0.95357,1.01488,0.06135,1.25550,0.82969,2.14036,0.00224,2.14351,2.12647,-4.69633,1.17335,-2.18225,-8.23265,-1.99013,0.00030,-1.98939,-1.99072,0.02355,0.00075,0.02523,0.02233,-1.97348,0.00059,-1.97250,-1.97470,-2.00678,0.00063,-2.00594,-2.00855,2.50967,0.93711,9.49435,1.04702,0.33887,0.16020,0.95275,0.01722,5.62625,2.46425,19.24391,1.26947
380,610.9787395000458,3121152,114.12466,2668.09454,136.02301,342.17549,31.03680,237.67470,411.46875,-0.02189,0.27817,0.58564,-1.15596,3.77100,0.71306,6.14778,2.08947,21.41580,12.28868,60.04632,6.29529,-37.84200,12.11453,-8.18135,-59.67485,10.09525,4.41077,29.59254,3.27393,253.20457,184.01202,1329.94531,43.29313,0.00671,0.01048,0.05126,-0.01898,1.10541,0.04902,1.24100,0.92701,1.02577,0.06648,1.25826,0.87762,2.13030,0.00490,2.14128,2.11512,-4.85391,1.26249,-2.50481,-10.74637,-1.98499,0.00226,-1.98216,-1.98967,0.02220,0.00084,0.02348,0.02064,-1.96929,0.00172,-1.96721,-1.97326,-2.00068,0.00282,-1.99680,-2.00608,2.68482,1.21376,15.47789,1.02039,0.30628,0.16987,0.96037,0.00175,5.33670,2.08375,12.72302,1.58850
390,623.0431339740753,3203072,147.81667,2970.75231,149.39794,342.32264,31.57523,249.03137,381.06250,-0.03377,0.28971,0.77347,-1.01084,4.13713,0.75498,6.28111,2.16523,22.07018,9.35924,44.70988,5.87522,-41.30962,12.76293,-9.89330,-65.69180,12.90690,5.83214,37.35084,3.93022,290.69852,190.99194,1437.53320,51.41306,0.00427,0.01005,0.06730,-0.02030,1.09717,0.04183,1.22810,0.95983,1.02211,0.06251,1.26552,0.87513,2.12066,0.00301,2.12656,2.11055,-4.95204,1.33223,-2.23950,-12.15269,-1.98029,0.00112,-1.97803,-1.98223,0.02017,0.00057,0.02101,0.01907,-1.96603,0.00103,-1.96385,-1.96749,-1.99456,0.00134,-1.99222,-1.99698,2.73881,1.51727,20.04014,1.03076,0.29802,0.17502,0.94990,0.00012,5.15663,2.07652,17.18304,1.41041
400,516.006087064743,3284992,127.39979,2821.90961,133.78857,342.34615,31.25079,142.30313,302.65625,0.02961,0.29194,0.84015,-0.91740,3.59554,0.71355,5.79576,1.94503,22.63389,12.03848,65.38823,6.11662,-33.66898,13.72879,-8.46933,-64.03745,9.29093,4.38210,26.79638,3.07699,220.75246,167.03380,1665.45337,30.18703,0.00506,0.01030,0.04915,-0.01964,1.09258,0.04649,1.21107,0.94255,1.01906,0.06714,1.24424,0.85703,2.11160,0.00287,2.11809,2.10015,-4.93243,1.27605,-2.50968,-10.04760,-1.97574,0.00097,-1.97469,-1.97804,0.02069,0.00068,0.02174,0.01951,-1.96111,0.00139,-1.95937,-1.96384,-1.99037,0.00062,-1.98971,-1.99227,2.99930,4.22527,77.27888,1.03636,0.30678,0.17986,0.97404,0.00078,5.26449,2.33234,18.50989,1.69554
410,535.5463523864746,3366912,155.51814,3812.88415,116.03631,340.03502,30.70414,164.52034,328.48438,0.02064,0.38300,1.00453,-1.03478,4.01484,0.73350,6.49973,2.11936,23.50936,9.29404,58.68527,8.33152,-33.22079,14.19463,-7.91889,-59.44407,11.53254,5.48560,40.89268,3.02923,271.14279,192.78214,1698.46667,48.73630,0.00588,0.01022,0.04215,-0.01920,1.08847,0.04797,1.21537,0.93378,1.02209,0.06726,1.22180,0.84800,2.10862,0.00261,2.11246,2.09648,-4.77595,1.24934,-2.03842,-9.71597,-1.97436,0.00064,-1.97289,-1.97522,0.02142,0.00065,0.02243,0.02017,-1.95921,0.00048,-1.95842,-1.96038,-1.98951,0.00101,-1.98722,-1.99075,2.65990,1.22369,12.27764,1.04868,0.30228,0.16262,0.96123,0.01042,5.61951,2.50887,15.81842,1.55005
420,503.04840636253357,3448832,143.80625,3876.87134,131.18800,341.43951,30.20891,131.30131,313.95312,0.13991,0.32376,1.04266,-0.92060,3.96152,0.74270,6.57562,2.37360,22.58400,11.73954,65.61061,7.03645,-38.42027,13.11378,-8.64559,-65.28835,11.64444,5.01283,34.30240,3.60495,296.81562,219.20086,1714.63806,42.40020,0.00516,0.01070,0.05904,-0.01703,1.07964,0.04709,1.20252,0.92738,1.03166,0.06935,1.27565,0.86204,2.10360,0.00306,2.10841,2.09004,-4.94865,1.33512,-2.38572,-10.54838,-1.97185,0.00120,-1.96961,-1.97318,0.02044,0.00068,0.02168,0.01915,-1.95739,0.00086,-1.95571,-1.95859,-1.98630,0.00161,-1.98337,-1.98838,3.14256,5.01174,83.43958,1.05324,0.29689,0.17203,0.94586,0.00037,5.80254,2.41078,15.27412,1.48907
430,505.331262588501,3530752,150.28156,3678.07524,132.29116,340.70470,29.91116,134.61169,341.70312,-0.02790,0.28930,1.03946,-0.89605,4.15081,0.77491,6.70653,2.50624,23.46347,10.54186,54.37510,6.86468,-38.71904,11.82838,-9.89107,-63.85075,12.73411,5.83106,35.02403,4.15734,279.60782,195.67731,2288.42578,58.33617,0.00500,0.01111,0.06252,-0.02176,1.07126,0.04696,1.21459,0.92445,1.03096,0.06919,1.28203,0.84927,2.09953,0.00202,2.10257,2.09056,-5.03146,1.55915,-2.38515,-12.99861,-1.96963,0.00053,-1.96818,-1.97028,0.01848,0.00142,0.02073,0.01633,-1.95656,0.00071,-1.95517,-1.95772,-1.98270,0.00143,-1.97973,-1.98493,2.89810,1.62411,20.51571,1.05349,0.27316,0.17398,0.96909,0.00142,5.82659,2.63656,19.83406,1.84282
440,598.4756510257721,3612672,145.08005,3350.02226,155.59450,339.57019,29.82564,228.26712,344.39062,0.14810,0.31704,1.16156,-0.79460,4.11598,0.70142,6.06766,2.39429,23.88705,10.62812,55.37755,7.51299,-37.54756,12.20840,-10.13926,-63.40033,12.10589,5.29649,30.82143,3.65146,286.17115,201.05291,1430.91284,55.19669,0.00400,0.01105,0.06835,-0.01740,1.07213,0.04648,1.23643,0.95330,1.02983,0.06502,1.26311,0.82434,2.09333,0.00248,2.09813,2.08123,-5.02829,1.27414,-2.40910,-9.00956,-1.96659,0.00079,-1.96526,-1.96816,0.01536,0.00065,0.01635,0.01429,-1.95572,0.00037,-1.95499,-1.95662,-1.97745,0.00125,-1.97547,-1.97969,2.75657,1.04678,8.90385,1.03126,0.27006,0.17467,0.95632,0.00035,5.43099,2.34612,26.72498,1.43289
450,539.6067326068878,3694592,154.53996,3494.07123,150.45184,339.47953,31.21025,168.07682,307.48438,0.02408,0.39103,1.05478,-1.03367,4.33069,0.78370,6.55809,2.70035,29.00088,11.03766,56.85992,9.41463,-38.60437,12.89513,-9.82273,-62.06165,13.54665,6.02955,37.75559,3.83047,327.05230,228.89956,1715.31750,67.17104,0.00575,0.01186,0.04694,-0.02200,1.06225,0.04675,1.21488,0.90919,1.03067,0.06675,1.27697,0.85657,2.09018,0.00228,2.09319,2.07959,-5.01217,1.37021,-2.22910,-12.22529,-1.96507,0.00040,-1.96398,-1.96558,0.01544,0.00108,0.01749,0.01406,-1.95415,0.00108,-1.95166,-1.95563,-1.97598,0.00057,-1.97517,-1.97706,2.92779,1.28501,11.87636,1.04620,0.24153,0.18137,0.95471,0.00004,5.77618,2.40044,14.84134,1.70855
460,541.8661150932312,3776512,142.09936,3908.31636,139.06425,338.89553,29.94972,172.54144,333.35938,0.07451,0.23194,0.69658,-0.56192,4.01411,0.84326,6.88583,2.05998,24.35450,12.09448,59.68630,6.61798,-37.80388,13.10325,-8.87931,-61.44724,12.27098,6.08943,44.60663,2.80189,290.22645,201.31218,1563.40515,57.15319,0.00439,0.01097,0.08386,-0.02622,1.05589,0.04847,1.18287,0.90583,1.02863,0.06785,1.27896,0.85517,2.08523,0.00229,2.08982,2.07365,-5.07165,1.42348,-2.47991,-11.13092,-1.96258,0.00048,-1.96203,-1.96402,0.01982,0.00101,0.02123,0.01750,-1.94856,0.00098,-1.94732,-1.95164,-1.97660,0.00072,-1.97544,-1.97810,2.94419,1.51353,13.27144,1.03072,0.26160,0.17991,0.96565,0.00003,5.59378,2.60479,35.97664,1.25128
470,595.4109404087067,3858432,156.37832,3970.27460,159.36155,340.19101,29.71368,225.29338,342.78125,0.15303,0.28090,0.74367,-0.82206,4.02288,0.62591,6.00506,2.31352,25.07998,9.32797,56.82739,7.14962,-36.40482,13.00796,-7.72147,-64.99860,11.53633,4.78419,34.65444,3.81952,295.44709,207.63199,1512.68872,51.42356,0.00430,0.01083,0.04382,-0.02260,1.06423,0.04741,1.20814,0.92157,1.01924,0.06669,1.21051,0.81713,2.08325,0.00289,2.08846,2.07353,-4.96501,1.37081,-2.35157,-10.19276,-1.96154,0.00112,-1.95988,-1.96320,0.02025,0.00039,0.02081,0.01947,-1.94723,0.00133,-1.94523,-1.94881,-1.97586,0.00095,-1.97446,-1.97762,2.92614,1.41607,14.98482,1.04626,0.26147,0.17918,0.96634,0.00095,5.51552,2.27358,23.22908,1.96176
480,597.8661179542542,3940352,161.18715,3947.60979,199.91220,339.90735,31.70230,225.60055,357.82812,0.24976,0.30970,1.17656,-0.55399,4.56981,0.82628,6.95875,2.69190,29.28197,12.65624,60.92204,7.54027,-41.68727,12.48029,-8.54310,-63.92921,14.66713,6.73528,44.62427,3.66910,322.02608,249.04066,1863.56665,64.77127,0.00515,0.01081,0.04424,-0.01630,1.03815,0.04903,1.17973,0.89094,1.04147,0.07078,1.28686,0.83433,2.07729,0.00297,2.08172,2.06354,-5.07905,1.45698,-2.56701,-12.94497,-1.95858,0.00108,-1.95669,-1.96001,0.02067,0.00103,0.02189,0.01869,-1.94397,0.00049,-1.94296,-1.94532,-1.97320,0.00178,-1.96994,-1.97500,3.23190,2.47801,28.60592,1.03341,0.25810,0.19114,0.96001,0.00002,5.74747,2.22816,13.76364,1.63197
490,600.8370921611786,4022272,157.70178,3643.37157,158.67046,340.17234,34.22285,225.96386,377.68750,0.05340,0.37008,1.27236,-0.95030,4.34403,0.83273,6.60656,2.59914,27.37102,11.22844,60.30828,8.28973,-40.90626,15.92863,-7.77732,-68.59131,13.87851,6.70432,34.03471,4.08341,300.67855,220.94557,2103.31055,47.74211,0.00399,0.01076,0.04230,-0.02139,1.04714,0.04507,1.18423,0.90340,1.03026,0.06538,1.34298,0.87324,2.07111,0.00284,2.07659,2.06084,-4.96146,1.23026,-2.65572,-9.56892,-1.95552,0.00095,-1.95295,-1.95728,0.01831,0.00042,0.01901,0.01768,-1.94257,0.00085,-1.94035,-1.94394,-1.96847,0.00113,-1.96555,-1.97066,2.95194,1.98333,29.87865,1.04885,0.27411,0.17810,0.96253,0.00003,5.64687,2.36522,20.36568,1.12992
500,622.1806492805481,4104192,167.75780,3754.86347,178.97187,339.85045,35.29077,246.71402,397.76562,-0.12227,0.33554,0.67599,-1.25469,4.48382,0.83260,7.79545,2.31607,26.93208,12.20224,59.02326,8.83070,-42.33427,13.34228,-9.44340,-68.67566,14.86732,6.49500,44.21553,4.44099,366.28395,271.25501,1905.90332,58.60686,0.00393,0.01174,0.05047,-0.01991,1.03788,0.04696,1.17055,0.85752,1.02571,0.06545,1.23258,0.84654,2.06233,0.00302,2.06777,2.05218,-4.97708,1.40770,-2.23330,-10.86287,-1.95118,0.00108,-1.94951,-1.95293,0.01959,0.00068,0.02053,0.01785,-1.93733,0.00148,-1.93505,-1.94031,-1.96504,0.00079,-1.96371,-1.96598,3.04340,2.46875,30.56797,1.06212,0.25814,0.17730,0.96999,0.00023,5.84039,2.48935,21.93318,1.60545
510,570.8631324768066,4186112,186.10587,3823.76867,166.11523,340.23613,30.20809,200.26129,337.12500,0.00444,0.27210,0.71957,-0.94423,4.62636,0.95209,8.17601,2.34514,26.09794,10.50644,59.84505,8.08939,-43.75598,14.28441,-9.54332,-68.80724,15.12099,7.70128,66.92178,4.54165,398.24175,325.07709,3161.93555,54.89199,0.00552,0.01153,0.05054,-0.01874,1.03141,0.04874,1.19016,0.84920,1.03045,0.06815,1.28613,0.83744,2.05678,0.00295,2.06041,2.04451,-4.95322,1.37650,-2.56679,-11.62352,-1.94831,0.00100,-1.94637,-1.94950,0.01971,0.00066,0.02070,0.01831,-1.93437,0.00067,-1.93303,-1.93521,-1.96224,0.00141,-1.95949,-1.96393,3.09959,1.80303,23.61361,1.02701,0.26010,0.17912,0.94214,0.00001,5.75735,2.34103,16.31824,1.65491
520,576.1358082294464,4268032,170.83228,3733.17016,164.20965,342.11409,30.80466,203.02188,349.03125,-0.07778,0.33112,1.18963,-1.30792,4.50946,0.72906,6.87433,2.56589,28.83657,12.48745,61.59177,9.39540,-42.40086,11.77798,-14.12209,-68.61902,14.85768,5.90143,41.79900,4.38547,384.30693,298.33454,1884.47595,82.69408,0.00465,0.01161,0.05340,-0.02139,1.01542,0.04852,1.16720,0.89312,1.03726,0.06744,1.27638,0.84086,2.04838,0.00383,2.05597,2.03553,-5.15010,1.60463,-2.71871,-13.35869,-1.94412,0.00160,-1.94111,-1.94706,0.01885,0.00022,0.01933,0.01843,-1.93080,0.00157,-1.92803,-1.93390,-1.95745,0.00164,-1.95415,-1.96022,2.93234,1.67000,16.46530,1.04411,0.26979,0.17705,0.93747,0.00000,5.58620,2.41002,19.21808,1.78279
530,595.6588051319122,4349952,149.70085,3779.38804,126.09681,341.25046,30.62434,223.67816,344.73438,0.06880,0.32507,0.98373,-0.80734,4.35945,0.80243,6.97623,2.42491,27.57754,10.49506,58.19190,9.82903,-39.03320,14.32025,-9.34945,-68.78197,14.30317,6.43071,40.29499,4.17859,306.85117,188.81071,1167.61499,49.33434,0.00432,0.01160,0.10671,-0.02412,1.01318,0.05032,1.17195,0.86200,1.02827,0.07239,1.29971,0.83835,2.03593,0.00394,2.04422,2.02355,-5.00808,1.49339,-1.90195,-12.37880,-1.93779,0.00166,-1.93546,-1.94110,0.01866,0.00022,0.01902,0.01808,-1.92460,0.00175,-1.92259,-1.92811,-1.95099,0.00158,-1.94826,-1.95412,2.90670,1.47763,18.42939,1.04248,0.26819,0.19955,0.96003,0.00001,5.84187,2.58269,36.18333,1.68052
540,548.650999546051,4431872,156.24406,3948.43538,158.03076,342.25505,30.12277,176.17816,308.28125,0.19999,0.23183,0.93074,-0.57230,4.31716,0.87608,6.95969,2.37505,25.93740,9.96325,57.13139,7.86005,-42.76827,15.18095,-8.10361,-70.05689,14.25025,7.02017,45.42772,4.40003,326.02329,228.05853,1575.16467,64.22731,0.00448,0.01148,0.07807,-0.01923,0.99988,0.04499,1.14322,0.86261,1.02016,0.06009,1.19912,0.84005,2.02586,0.00359,2.03292,2.00740,-4.82683,1.06642,-2.26044,-8.58643,-1.93284,0.00139,-1.93016,-1.93544,0.01636,0.00066,0.01809,0.01558,-1.92127,0.00145,-1.91804,-1.92279,-1.94441,0.00148,-1.94226,-1.94823,2.93605,1.66790,26.17320,1.04378,0.26204,0.17657,0.95847,0.00142,5.59157,2.30251,27.97939,2.02004
550,579.9817056655884,4513792,202.64013,3908.52883,181.51488,342.60207,29.50671,207.65561,365.92188,-0.07023,0.33120,0.88020,-0.89672,4.62870,0.79404,6.86573,2.47288,30.14642,15.13475,68.71758,7.26585,-43.84016,13.19337,-9.15993,-70.81635,15.25972,6.87897,38.96777,3.89935,351.67511,237.52139,1885.39478,61.89962,0.00324,0.01094,0.04937,-0.02229,0.98923,0.04553,1.12739,0.84163,1.02800,0.06176,1.21223,0.85056,2.01767,0.00227,2.02231,2.00852,-4.97050,1.24959,-2.42289,-11.48306,-1.92871,0.00072,-1.92753,-1.93015,0.01598,0.00056,0.01711,0.01455,-1.91741,0.00067,-1.91635,-1.91835,-1.94001,0.00094,-1.93865,-1.94224,3.10348,1.60584,14.24279,1.04984,0.25762,0.18900,0.96878,0.00009,5.41509,2.02203,12.92934,1.60229
560,585.5407440662384,4595712,146.68146,3202.86304,183.64025,342.83969,29.55444,212.99953,330.10938,0.01405,0.32464,0.77778,-1.01814,4.54960,0.78387,7.34209,2.79723,26.76111,10.35068,64.80548,9.06836,-44.16241,14.43035,-10.61226,-72.61442,15.55463,6.55966,46.25727,4.29099,395.53579,373.15924,4143.69873,77.04936,0.00360,0.01125,0.06218,-0.02255,0.98795,0.04687,1.12556,0.87013,1.03089,0.06593,1.23448,0.84765,2.01626,0.00223,2.01956,2.00493,-5.02511,1.25395,-2.52334,-9.55123,-1.92809,0.00064,-1.92635,-1.92880,0.01447,0.00050,0.01554,0.01360,-1.91786,0.00072,-1.91624,-1.91897,-1.93832,0.00074,-1.93646,-1.93970,3.02636,1.89669,23.12038,1.05316,0.25404,0.18945,0.95254,0.00141,5.49718,2.11677,16.50476,1.49625
570,570.2388823032379,4677632,146.64957,3956.76807,153.70342,342.41975,29.46722,198.25440,356.87500,0.00140,0.28624,0.87607,-1.06671,4.60751,1.04617,7.57943,2.48983,30.79585,13.41366,65.94696,8.33345,-42.86819,13.85469,-9.24803,-68.89021,14.92849,8.41697,53.57869,2.94014,388.04393,336.09005,2109.53027,50.81274,0.00463,0.01225,0.10980,-0.02440,0.97861,0.04703,1.11876,0.82854,1.03203,0.06617,1.24012,0.87954,2.00910,0.00269,2.01463,1.99646,-4.97954,1.39291,-2.55437,-11.08602,-1.92450,0.00074,-1.92342,-1.92634,0.01588,0.00098,0.01758,0.01429,-1.91327,0.00140,-1.91137,-1.91623,-1.93573,0.00030,-1.93521,-1.93647,3.38924,3.28943,41.34393,1.03892,0.25551,0.17139,0.95302,0.00234,5.64050,2.26390,27.55276,1.84134
580,616.9834897518158,4759552,187.29933,3629.43879,150.29240,341.48513,29.09810,246.30204,382.59375,-0.04390,0.31970,0.95092,-0.88781,4.42905,0.88688,7.33664,2.46973,28.75486,12.22420,63.56652,8.34630,-40.14386,15.41969,-9.53832,-71.38679,14.17105,6.63553,41.20819,4.92510,377.06271,306.61905,2307.29980,68.71571,0.00341,0.01162,0.05537,-0.02414,0.97519,0.04566,1.09383,0.85641,1.03929,0.07094,1.58627,0.86182,2.00521,0.00245,2.00877,1.99059,-5.25261,1.77657,-2.54580,-24.87889,-1.92247,0.00068,-1.92124,-1.92340,0.01788,0.00030,0.01874,0.01692,-1.90982,0.00081,-1.90826,-1.91143,-1.93512,0.00059,-1.93389,-1.93593,3.11322,2.33922,32.12370,1.03445,0.25200,0.18530,0.95176,0.00000,5.70549,2.09829,17.74767,2.12157
590,618.494993686676,4841472,159.99659,3993.82760,158.19755,341.82387,28.96698,247.60601,369.40625,-0.04837,0.31460,0.79619,-0.92981,4.60078,1.09795,7.74161,2.25115,28.80813,13.29183,59.78716,6.71632,-41.80692,15.62917,-6.16205,-77.01163,15.96959,8.36050,44.16787,3.32843,442.81122,342.31156,2217.70581,45.55835,0.00447,0.01290,0.07248,-0.02337,0.96530,0.04781,1.10326,0.80695,1.03656,0.06263,1.22095,0.84373,2.00039,0.00277,2.00529,1.98084,-4.99158,1.20799,-2.58049,-10.28991,-1.92021,0.00073,-1.91942,-1.92164,0.02048,0.00073,0.02158,0.01876,-1.90573,0.00120,-1.90447,-1.90825,-1.93469,0.00038,-1.93412,-1.93553,3.36908,2.14893,27.24228,1.07496,0.21319,0.17928,0.94093,0.00012,5.70971,2.20368,19.63722,2.11966
600,597.7323937416077,4923392,162.68077,4082.99930,216.66670,342.77969,29.31434,225.54640,336.42188,0.01775,0.34577,0.91449,-0.97274,4.79917,0.75385,7.35681,2.84338,30.47432,11.17419,56.58533,9.99941,-43.25784,12.59597,-11.40181,-73.06427,16.21241,7.02890,47.70677,4.79948,379.41716,267.69330,2147.60547,72.97982,0.00470,0.01242,0.10078,-0.02436,0.95849,0.05032,1.08524,0.79197,1.04032,0.07012,1.29609,0.84432,1.99722,0.00209,2.00153,1.98737,-5.18065,1.39806,-2.22154,-12.30393,-1.91853,0.00048,-1.91779,-1.91978,0.02009,0.00038,0.02074,0.01906,-1.90433,0.00054,-1.90350,-1.90534,-1.93273,0.00056,-1.93166,-1.93427,3.53155,3.10763,40.34095,1.06189,0.22286,0.18806,0.94170,0.00011,6.03388,2.32330,24.49945,2.34578
610,571.0733208656311,5005312,203.05198,4101.55988,170.85992,344.05931,29.31582,196.50840,370.82812,0.03528,0.34589,0.95901,-0.71836,4.38867,0.96030,6.94525,2.30386,24.80031,10.18549,52.50767,6.41194,-43.31004,16.18514,-9.15534,-76.05297,14.63047,7.59073,42.37383,3.82518,346.07036,278.62024,1920.54175,44.04040,0.00390,0.01159,0.04613,-0.02240,0.96685,0.04948,1.13189,0.77406,1.03050,0.06472,1.22065,0.85428,1.99259,0.00248,1.99818,1.98114,-5.15491,1.30814,-2.32493,-9.61443,-1.91627,0.00074,-1.91534,-1.91818,0.01814,0.00058,0.01903,0.01672,-1.90344,0.00055,-1.90249,-1.90475,-1.92910,0.00106,-1.92716,-1.93164,3.25691,2.23631,27.55956,1.06357,0.22612,0.17816,0.95055,0.00317,5.74269,2.16976,16.26406,1.74900
620,599.4426653385162,5087232,169.26114,3827.21554,174.99289,341.48824,29.41505,228.43900,357.32812,-0.02540,0.24984,0.64901,-0.76601,4.52420,0.75389,7.04333,2.71266,32.60199,11.01387,66.63390,8.97356,-40.51434,14.88735,-9.91776,-75.78297,14.25956,6.35128,43.07429,4.40172,398.49025,302.33769,2235.04883,66.26154,0.00457,0.01109,0.04303,-0.01794,0.95096,0.04666,1.10607,0.80307,1.04002,0.06918,1.34527,0.83601,1.98754,0.00263,1.99265,1.97397,-5.28538,1.64439,-2.65134,-15.45803,-1.91370,0.00080,-1.91234,-1.91541,0.01670,0.00034,0.01722,0.01603,-1.90189,0.00091,-1.90016,-1.90354,-1.92551,0.00074,-1.92449,-1.92731,3.08933,1.53111,16.70024,1.05139,0.23814,0.19007,0.95742,0.00000,5.87100,2.17714,18.26104,2.21276
630,665.332170009613,5169152,187.92669,3702.04969,133.19561,341.09667,77.00588,247.03541,406.18750,-0.04206,0.34327,1.00459,-1.25451,4.38501,0.80127,6.92272,2.72408,26.55840,11.10916,56.53736,8.68177,-39.31412,15.96972,-9.59944,-74.22491,14.11030,7.14206,44.09703,3.83761,341.05542,267.48856,2088.78882,48.86765,0.00270,0.01145,0.05477,-0.02060,0.95700,0.04872,1.09010,0.81703,1.03402,0.06608,1.23946,0.86200,1.98329,0.00230,1.98785,1.97311,-5.17000,1.39056,-2.27679,-14.26521,-1.91150,0.00074,-1.91016,-1.91288,0.01809,0.00059,0.01905,0.01691,-1.89871,0.00107,-1.89757,-1.90092,-1.92429,0.00056,-1.92273,-1.92504,2.84169,1.17551,11.76180,1.04037,0.26059,0.18136,0.95059,0.00006,5.61669,2.15566,16.95668,1.76043
640,594.6175057888031,5251072,172.52305,3509.49289,146.76953,343.10847,29.86856,221.54732,358.54688,-0.04397,0.35492,0.82355,-1.02882,4.39346,0.82047,6.73744,2.62729,25.42333,12.85258,69.28230,7.01765,-40.73214,13.88486,-8.02424,-66.61993,13.35370,5.86780,35.12078,3.34731,372.24514,377.90413,3255.28711,54.29998,0.00286,0.01007,0.04345,-0.02115,0.94869,0.04795,1.06965,0.78964,1.03004,0.06623,1.35803,0.85715,1.97810,0.00367,1.98432,1.96573,-5.06339,1.34186,-2.51007,-11.19474,-1.90898,0.00147,-1.90645,-1.91120,0.01929,0.00058,0.02015,0.01761,-1.89534,0.00139,-1.89369,-1.89807,-1.92263,0.00164,-1.91891,-1.92453,2.93501,1.53817,17.92052,1.04716,0.25032,0.18762,0.91887,0.00025,5.41153,2.20595,18.38274,1.98863
650,618.9574263095856,5332992,177.38632,3739.89391,142.55020,341.78749,29.99712,247.07737,402.01562,0.12118,0.26206,0.86610,-0.71460,4.36549,0.87263,7.51840,2.64936,27.65777,10.70659,58.79956,9.27476,-42.85637,14.88999,-7.51429,-70.64720,13.80761,6.51703,42.77544,4.46802,327.61335,251.21376,2420.40381,59.98846,0.00441,0.01198,0.08334,-0.02236,0.94440,0.04616,1.06123,0.80431,1.02283,0.06730,1.39523,0.87322,1.96994,0.00259,1.97496,1.95702,-5.00121,1.65652,-2.44497,-20.95290,-1.90489,0.00071,-1.90414,-1.90650,0.01677,0.00063,0.01766,0.01582,-1.89303,0.00049,-1.89226,-1.89413,-1.91675,0.00108,-1.91541,-1.91889,3.16648,3.13818,57.21556,1.06132,0.24453,0.18295,0.95946,0.00000,5.70184,2.41804,22.69087,1.41459
660,594.8507652282715,5414912,182.18353,4031.15925,170.15248,342.42806,30.19533,222.13068,347.53125,0.05726,0.33034,1.00647,-0.71994,4.63860,0.88738,7.73434,2.71553,28.95342,11.42369,57.25134,7.45608,-42.37978,14.17059,-8.12947,-70.42674,15.69478,6.89284,45.24660,4.32546,320.90652,233.45420,2175.71191,57.37208,0.00376,0.01138,0.04513,-0.02094,0.93547,0.04697,1.06239,0.79931,1.03686,0.07027,1.27964,0.85023,1.96570,0.00275,1.97137,1.95800,-5.25484,1.53702,-2.75088,-14.57341,-1.90280,0.00106,-1.90145,-1.90471,0.01451,0.00114,0.01606,0.01213,-1.89254,0.00073,-1.89108,-1.89348,-1.91306,0.00173,-1.91053,-1.91598,3.19673,1.90065,25.52779,1.04788,0.21482,0.19024,0.95225,0.00008,5.64380,2.05475,13.99359,1.82503
670,621.7328519821167,5496832,223.27323,3330.88630,158.34655,342.90753,30.36685,248.19509,415.10938,-0.01917,0.27487,0.67391,-0.79328,4.66658,0.83126,7.36511,2.61334,27.72678,11.48993,67.79388,7.77494,-44.02518,14.72849,-10.75269,-79.07369,15.28543,7.17292,48.86870,4.08549,313.19315,219.80234,1924.33862,83.81552,0.00315,0.01101,0.05538,-0.02373,0.93005,0.05038,1.09404,0.70692,1.03631,0.06697,1.23606,0.86287,1.95772,0.00389,1.96487,1.94422,-5.20231,1.36880,-2.46084,-10.89355,-1.89877,0.00169,-1.89629,-1.90152,0.01286,0.00025,0.01332,0.01243,-1.88967,0.00167,-1.88735,-1.89247,-1.90786,0.00172,-1.90523,-1.91057,3.22187,1.98719,19.61563,1.02981,0.23437,0.18519,0.94392,0.00103,5.76685,2.28403,15.47788,1.86068
680,620.6202709674835,5578752,164.82270,4258.78380,200.90951,344.45787,31.53063,244.52374,341.31250,0.14248,0.27611,0.83510,-0.74642,4.21295,0.69116,6.72905,2.86433,26.42521,9.46054,57.83756,7.97909,-39.51142,14.54610,-9.89010,-72.48817,12.79163,5.54243,43.75595,4.60825,310.70930,216.65693,1583.79785,76.30038,0.00263,0.01122,0.03779,-0.02132,0.92247,0.05108,1.07374,0.72827,1.02807,0.06827,1.22915,0.83958,1.94800,0.00273,1.95430,1.93440,-5.05989,1.27919,-2.66445,-12.40656,-1.89388,0.00098,-1.89208,-1.89627,0.01326,0.00051,0.01418,0.01242,-1.88450,0.00097,-1.88275,-1.88733,-1.90326,0.00112,-1.90138,-1.90520,3.17745,2.03383,20.39162,1.06611,0.25151,0.17744,0.94177,0.00060,5.65985,2.25284,27.07480,1.79036
690,623.1883232593536,5660672,197.15661,4236.51501,165.95711,345.31116,29.23027,248.54657,402.10938,-0.02088,0.29311,0.70876,-0.95369,4.84174,0.90952,7.83999,2.32069,30.41604,11.92758,60.46527,8.88936,-46.17212,13.97672,-11.37938,-75.39328,17.45444,7.93082,52.41690,4.84564,451.33063,338.36415,2126.18384,65.93126,0.00334,0.01165,0.05194,-0.02073,0.91519,0.04459,1.05129,0.76646,1.03601,0.06819,1.31188,0.83481,1.94427,0.00239,1.94749,1.93029,-5.23552,1.48468,-2.73364,-12.11044,-1.89211,0.00065,-1.89069,-1.89274,0.01327,0.00043,0.01408,0.01259,-1.88273,0.00051,-1.88142,-1.88351,-1.90149,0.00089,-1.89968,-1.90251,3.19890,1.93226,30.13638,1.05729,0.22511,0.18833,0.95272,0.00002,5.67493,2.25703,15.20411,2.27932
700,591.5940244197845,5742592,204.63705,4423.77865,168.50103,343.04244,29.10332,219.33324,372.40625,0.04735,0.33071,0.79425,-0.97682,4.66069,0.80677,7.49589,2.66037,30.67262,13.39859,74.89099,7.72382,-44.68176,14.89466,-9.80676,-72.21330,16.38871,6.72694,44.69416,5.09715,425.68921,347.72903,3881.49951,51.56882,0.00294,0.01155,0.04840,-0.02244,0.92131,0.04377,1.04421,0.75274,1.02058,0.06464,1.27884,0.83288,1.94047,0.00201,1.94360,1.92780,-5.16692,1.41169,-2.45296,-15.14565,-1.89010,0.00040,-1.88938,-1.89080,0.01421,0.00043,0.01483,0.01328,-1.88005,0.00067,-1.87923,-1.88140,-1.90015,0.00022,-1.89951,-1.90058,3.09022,2.18298,24.34296,1.05184,0.25436,0.18544,0.95591,0.00001,5.99801,2.40014,15.87058,1.55398
710,592.5170617103577,5824512,141.64048,4357.53765,161.29141,344.36431,29.22090,218.83008,355.90625,0.01718,0.30901,1.00798,-1.11837,4.65923,0.87938,6.86581,2.54638,28.95410,12.88364,68.87061,7.11850,-42.77452,16.11055,-12.09621,-73.87380,16.12584,7.12426,41.84398,4.14497,406.83258,274.61486,2062.03857,73.13929,0.00255,0.01190,0.05767,-0.02134,0.90509,0.04698,1.04358,0.76522,1.04414,0.06847,1.27574,0.86744,1.93661,0.00304,1.94204,1.92326,-5.43852,1.69708,-2.76978,-13.51548,-1.88825,0.00111,-1.88706,-1.89002,0.01485,0.00047,0.01561,0.01381,-1.87775,0.00109,-1.87632,-1.87966,-1.89875,0.00123,-1.89697,-1.90058,3.19162,2.53353,34.89919,1.06373,0.23397,0.20302,0.94328,0.00001,6.13216,2.38887,20.58085,1.94210
720,621.2984523773193,5906432,190.33146,3985.17787,157.76569,342.95133,29.54603,248.69874,417.78125,0.12787,0.46897,0.97966,-1.18097,4.51305,1.00123,7.27656,2.34462,27.64159,10.97604,71.62273,8.35730,-40.65114,15.92079,-9.46969,-74.98803,14.37925,7.49650,49.44361,4.03729,323.12920,207.30776,1791.22668,60.95107,0.00461,0.01364,0.12553,-0.02491,0.90765,0.05199,1.05476,0.73309,1.03457,0.07510,1.26975,0.85277,1.93114,0.00272,1.93632,1.91592,-5.26182,1.52130,-2.63920,-10.76672,-1.88549,0.00090,-1.88432,-1.88720,0.01390,0.00015,0.01426,0.01364,-1.87566,0.00090,-1.87462,-1.87747,-1.89532,0.00090,-1.89403,-1.89696,3.30236,1.81678,17.54469,1.05070,0.22087,0.18899,0.94047,0.00008,6.48366,2.70491,32.09292,2.00029
730,571.6871562004089,5988352,218.10991,3787.35464,183.08709,343.61634,29.14802,198.82154,369.93750,0.24270,0.35447,1.27954,-0.63860,4.63946,0.98130,7.98241,2.41752,33.73019,15.04629,74.51151,7.73898,-41.04315,14.91583,-9.72903,-71.34215,15.21849,8.08045,48.23157,4.09617,355.03754,264.88788,1456.28540,47.09428,0.00489,0.01288,0.11637,-0.02362,0.90026,0.04749,1.02869,0.76399,1.04189,0.07087,1.31202,0.84825,1.92821,0.00299,1.93244,1.91827,-5.31326,1.45386,-2.42137,-11.31549,-1.88396,0.00116,-1.88178,-1.88520,0.01344,0.00067,0.01432,0.01236,-1.87446,0.00077,-1.87273,-1.87523,-1.89346,0.00160,-1.89077,-1.89532,3.56195,2.62073,31.71567,1.03924,0.19069,0.19008,0.93143,0.00003,6.63143,4.50746,84.22617,2.00710
740,592.188759803772,6070272,215.57860,4189.24137,203.52431,343.97400,28.86774,219.25235,345.43750,-0.07233,0.41967,0.90586,-1.21824,4.86591,1.00763,7.61469,2.76122,28.68174,11.90656,69.87675,9.39963,-45.45519,14.91275,-10.36836,-73.17225,17.91411,8.92178,49.76054,5.49031,423.49894,307.79712,2330.02148,88.38951,0.00290,0.01121,0.04321,-0.02670,0.89424,0.04862,1.04139,0.69290,1.03204,0.06629,1.39003,0.85377,1.92085,0.00342,1.92574,1.90725,-5.12960,1.35018,-2.85825,-13.23128,-1.88047,0.00128,-1.87783,-1.88187,0.01241,0.00064,0.01341,0.01115,-1.87170,0.00106,-1.86995,-1.87341,-1.88924,0.00159,-1.88571,-1.89079,3.24017,2.06735,24.17141,1.05026,0.21120,0.18072,0.94095,0.00001,6.44430,2.59088,26.13094,2.36122
750,628.6471371650696,6152192,187.79164,4160.06999,184.01167,345.93473,31.14963,251.43390,389.76562,0.09729,0.31264,0.75708,-0.65009,5.01919,0.85453,7.65476,2.73316,33.53389,12.60169,68.77144,10.82017,-45.99583,14.10351,-12.58920,-72.92341,18.05643,7.66715,45.30094,4.37384,387.64302,306.22268,3735.51953,73.33184,0.00397,0.01170,0.06096,-0.02310,0.89084,0.04365,1.02738,0.75869,1.02444,0.06668,1.34515,0.83709,1.91304,0.00242,1.91749,1.90160,-5.18616,1.56594,-2.43984,-19.45288,-1.87643,0.00070,-1.87533,-1.87782,0.01052,0.00050,0.01114,0.00915,-1.86899,0.00050,-1.86836,-1.86994,-1.88387,0.00099,-1.88182,-1.88569,3.64578,3.00753,31.15142,1.05645,0.20872,0.18778,0.96323,0.00000,6.27870,2.33052,19.35121,2.14226
760,605.511011838913,6234112,176.53321,4162.84836,174.80844,346.88715,46.28276,212.24578,349.98438,-0.05065,0.29278,0.75641,-0.88684,4.72038,0.93784,7.43854,2.59978,27.96161,12.65140,68.56047,7.95128,-46.71302,14.74604,-8.11268,-80.42541,16.02145,8.18370,50.50748,4.15722,385.49466,308.79310,2411.48364,50.86393,0.00340,0.01150,0.06134,-0.02241,0.87435,0.05052,0.99989,0.70489,1.04124,0.07188,1.32364,0.87285,1.90535,0.00339,1.91266,1.89177,-5.21180,1.45123,-2.60258,-11.84142,-1.87265,0.00132,-1.87024,-1.87535,0.00848,0.00056,0.00934,0.00739,-1.86666,0.00113,-1.86499,-1.86889,-1.87865,0.00159,-1.87549,-1.88181,3.04277,1.55097,16.08274,1.06572,0.22857,0.19030,0.95854,0.00002,6.09618,2.31023,21.84776,2.02454
770,593.1338880062103,6316032,174.99220,4255.11363,187.07239,343.85782,28.97203,220.17824,387.89062,0.08623,0.36735,1.00433,-1.15256,4.78453,0.88832,7.47464,2.41322,33.45590,13.94032,73.91700,9.68487,-44.96760,14.63592,-9.02026,-71.39082,15.68219,7.67121,46.42803,4.52639,407.07745,315.54879,2429.55298,80.58093,0.00367,0.01648,0.22301,-0.02225,0.87228,0.04437,1.01016,0.75719,1.03533,0.06924,1.39542,0.83426,1.90060,0.00221,1.90417,1.89005,-5.37881,1.67845,-2.59566,-18.22855,-1.87023,0.00055,-1.86907,-1.87103,0.00820,0.00091,0.00995,0.00661,-1.86443,0.00047,-1.86317,-1.86517,-1.87602,0.00110,-1.87393,-1.87728,3.07541,1.62127,16.49418,1.03467,0.23947,0.19027,0.95859,0.00000,6.29817,5.04897,79.65350,2.09130
780,593.5306169986725,6397952,202.98883,3857.23984,145.27504,343.72189,29.07779,220.51786,430.42188,0.01939,0.25988,0.90022,-0.68574,4.69638,0.88837,7.87314,2.64173,31.02975,12.93772,71.83571,8.34090,-45.34154,14.26454,-9.95795,-75.67498,15.84456,7.30883,46.05204,4.90811,431.38639,341.43817,3101.67017,62.41423,0.00375,0.01295,0.13920,-0.02363,0.87065,0.04520,1.01273,0.72481,1.02521,0.06336,1.21671,0.81386,1.89796,0.00202,1.90093,1.88538,-5.09267,1.42539,-2.69829,-13.02560,-1.86888,0.00040,-1.86819,-1.86945,0.00594,0.00036,0.00693,0.00549,-1.86468,0.00032,-1.86395,-1.86535,-1.87308,0.00058,-1.87224,-1.87398,3.22334,2.25350,30.25356,1.07453,0.23810,0.18244,0.95171,0.00001,6.72615,3.33298,55.69024,2.23383
790,590.816822052002,6479872,160.32715,4112.87444,175.89768,343.39879,29.05351,218.26221,381.65625,0.07425,0.41822,1.37934,-0.85923,4.66437,0.97444,7.83123,2.35511,31.46947,13.69175,61.57182,8.17519,-43.18574,15.56059,-12.29020,-76.62832,15.75080,7.86127,61.72191,4.06419,410.32086,293.02537,1950.11890,84.03640,0.00254,0.01131,0.05407,-0.02338,0.86448,0.04551,0.99510,0.71122,1.04012,0.06468,1.25612,0.85512,1.89440,0.00237,1.89861,1.88142,-5.36084,1.45403,-3.08560,-13.44771,-1.86718,0.00066,-1.86556,-1.86826,0.00605,0.00066,0.00732,0.00487,-1.86290,0.00090,-1.86038,-1.86397,-1.87146,0.00072,-1.87043,-1.87265,3.04309,1.69277,18.18689,1.04005,0.22924,0.18438,0.96271,0.00004,6.08661,2.53117,18.60309,2.23957
800,621.505738735199,6561792,191.94813,3853.22973,215.93713,343.79251,28.83664,248.75023,405.14062,0.03113,0.40882,1.24172,-1.01187,4.50397,0.96332,8.41396,2.44663,29.97390,14.27903,64.90154,8.50958,-40.24822,17.32057,-9.00066,-75.16572,14.84357,7.83204,71.80792,4.19029,359.56763,313.93814,2731.75977,61.89941,0.00309,0.01085,0.05856,-0.02699,0.86438,0.04588,0.97222,0.71889,1.03048,0.06501,1.31156,0.87384,1.88913,0.00229,1.89278,1.87770,-5.34778,1.47974,-2.61039,-16.98620,-1.86446,0.00065,-1.86315,-1.86555,0.00822,0.00054,0.00892,0.00719,-1.85865,0.00065,-1.85763,-1.86037,-1.87028,0.00085,-1.86853,-1.87109,3.00605,1.41715,12.47534,1.06619,0.23709,0.19399,0.92808,0.00000,6.21306,2.32084,18.86690,2.31425
810,576.9095845222473,6643712,179.04412,4194.19981,176.19324,344.17744,29.29400,203.32648,370.00000,-0.07246,0.35562,0.68793,-1.37441,5.00553,1.08585,8.08304,2.50571,32.83830,12.14536,62.93981,8.68804,-45.17310,15.58617,-10.94922,-74.39055,18.71453,8.85120,57.94706,4.40727,426.98860,267.57108,1630.42688,90.63699,0.00390,0.01049,0.04705,-0.02199,0.85974,0.04826,0.98166,0.67694,1.02940,0.07088,1.33772,0.82425,1.88329,0.00253,1.88835,1.87364,-5.39660,1.55823,-2.45701,-13.96503,-1.86159,0.00083,-1.86017,-1.86313,0.00820,0.00020,0.00850,0.00773,-1.85579,0.00084,-1.85429,-1.85761,-1.86739,0.00085,-1.86601,-1.86866,3.13768,2.05670,22.88823,1.05089,0.23627,0.20053,0.95516,0.00000,6.32758,2.28625,16.59288,2.39315
820,578.5728144645691,6725632,223.14783,4160.06649,165.33788,342.64226,29.13811,206.61969,400.70312,0.17436,0.29523,1.09799,-0.60557,4.75360,0.94072,7.49134,2.80279,32.58826,12.52230,70.36177,9.90296,-42.29361,15.62090,-9.83296,-72.35750,16.97526,7.58751,46.28938,3.79321,355.12031,218.07082,1869.60291,79.39872,0.00251,0.01102,0.03834,-0.02306,0.85124,0.04900,0.97099,0.67590,1.03140,0.06957,1.23955,0.85612,1.87784,0.00298,1.88277,1.86798,-5.23251,1.45290,-2.27594,-11.90187,-1.85882,0.00117,-1.85658,-1.86033,0.00846,0.00052,0.00922,0.00749,-1.85284,0.00142,-1.85066,-1.85462,-1.86479,0.00100,-1.86221,-1.86615,3.13610,2.43337,24.23166,1.06951,0.21855,0.19487,0.94319,0.00001,6.05023,2.44613,32.43974,2.13941
830,610.9121263027191,6807552,187.82913,3958.18915,141.57367,342.67229,29.11228,238.95944,376.70312,-0.05661,0.36715,0.78202,-1.04197,4.70941,0.81741,7.63435,2.89856,26.70755,10.17023,54.28403,9.34181,-45.46929,14.74007,-10.57677,-74.37016,16.77974,7.24075,53.50355,4.78782,391.95616,314.08173,2532.67041,75.78371,0.00160,0.01084,0.04691,-0.02094,0.84553,0.04538,0.99372,0.72975,1.03532,0.07010,1.26291,0.83994,1.87127,0.00223,1.87521,1.85883,-5.39241,1.52857,-2.67544,-13.48950,-1.85557,0.00053,-1.85479,-1.85661,0.00778,0.00022,0.00825,0.00734,-1.85006,0.00053,-1.84932,-1.85107,-1.86107,0.00059,-1.86018,-1.86220,3.03748,2.24354,36.16881,1.03807,0.24183,0.20129,0.95595,0.00002,6.10095,2.46828,19.20780,1.95508
840,621.4101123809814,6889472,215.07734,4536.77223,161.55309,343.28852,29.10540,248.51185,437.14062,0.04909,0.31352,0.84350,-0.99202,4.57913,1.05422,7.68492,2.15296,31.05887,14.28403,69.66622,7.63929,-42.08458,16.98773,-8.03631,-76.08984,15.91950,8.25302,57.58022,2.94657,400.72426,273.15615,1599.90869,41.29071,0.00115,0.01052,0.03817,-0.02119,0.84561,0.04590,0.98627,0.72585,1.02478,0.07183,1.37371,0.80350,1.86764,0.00221,1.87159,1.85740,-5.25009,1.54680,-2.48972,-19.15535,-1.85370,0.00062,-1.85244,-1.85480,0.00680,0.00034,0.00762,0.00584,-1.84889,0.00041,-1.84805,-1.84949,-1.85850,0.00085,-1.85656,-1.86017,3.06363,2.87210,38.02023,1.03535,0.25040,0.20119,0.94891,0.00000,5.59753,1.99071,16.14671,1.97162
850,614.6828117370605,6971392,187.96952,3842.62969,169.50082,343.06263,29.05089,242.43536,382.28125,0.06385,0.26817,0.85442,-0.74812,4.55674,1.01944,7.46228,2.44217,30.31007,12.62791,66.90692,7.95297,-42.56771,15.39385,-11.67367,-75.52834,15.59950,7.94780,47.71790,3.40975,328.46485,250.50897,1898.32434,48.68682,0.00176,0.01145,0.12002,-0.02128,0.83946,0.04803,0.96730,0.70387,1.02161,0.06923,1.25321,0.82590,1.86106,0.00256,1.86658,1.84865,-5.23119,1.50981,-2.21101,-12.27543,-1.85053,0.00081,-1.84909,-1.85241,0.00439,0.00080,0.00582,0.00327,-1.84742,0.00045,-1.84665,-1.84830,-1.85363,0.00133,-1.85153,-1.85653,3.61231,6.55573,110.44644,1.04504,0.24388,0.19880,0.96351,0.00001,6.10419,3.88672,73.89185,1.76584
860,592.3182752132416,7053312,181.36800,4115.75344,170.75794,343.77657,29.06736,219.31129,349.18750,-0.05574,0.29334,0.69388,-0.93028,4.69804,0.92275,8.00115,2.57703,32.33480,13.16298,66.53489,8.13799,-43.40542,15.45765,-8.30319,-73.33334,16.51922,7.64267,46.29148,4.36893,393.72338,266.30445,1491.44373,71.33933,0.00161,0.01075,0.04439,-0.02536,0.83354,0.04440,0.97854,0.70228,1.03424,0.06409,1.25653,0.88881,1.85785,0.00183,1.86051,1.84853,-5.25824,1.43864,-2.52624,-10.87072,-1.84882,0.00021,-1.84854,-1.84924,0.00426,0.00096,0.00558,0.00305,-1.84581,0.00065,-1.84479,-1.84669,-1.85184,0.00076,-1.85074,-1.85284,2.87226,1.38360,14.82212,1.06625,0.24612,0.19756,0.95145,0.00022,6.02667,2.23276,16.76877,1.98684
870,619.7573385238647,7135232,191.05794,4332.89703,182.38213,341.45942,29.02673,249.14961,360.06250,0.07878,0.35061,1.06580,-0.98142,4.82215,0.94094,7.28949,2.57694,34.17172,13.62447,70.57191,8.05705,-44.36611,15.96993,-10.08348,-73.40748,17.64611,7.89036,48.37756,5.02530,393.54226,310.75843,2825.17700,61.21078,0.00224,0.01124,0.04157,-0.02599,0.83443,0.04705,0.99303,0.69663,1.02732,0.06422,1.18592,0.84833,1.85650,0.00284,1.86024,1.84513,-5.16081,1.33079,-2.51290,-9.98418,-1.84828,0.00091,-1.84633,-1.84907,0.00566,0.00037,0.00632,0.00496,-1.84428,0.00106,-1.84241,-1.84555,-1.85229,0.00081,-1.85022,-1.85310,3.04437,2.25408,35.88791,1.03635,0.26112,0.19128,0.96635,0.00008,6.07364,2.40141,16.46548,2.29880
880,619.8593530654907,7217152,185.50968,4218.53320,136.04669,342.88903,29.11672,247.72335,395.42188,0.08393,0.31793,0.86755,-0.80109,4.57866,0.84609,7.40860,2.40129,29.83164,10.60801,62.67220,8.45553,-41.66302,14.88790,-9.78793,-76.94609,16.00540,6.74992,42.20048,4.49514,379.22489,282.70070,2531.18408,81.63497,0.00173,0.01036,0.04844,-0.02382,0.83433,0.04638,0.98385,0.69893,1.02062,0.06797,1.28618,0.86104,1.85129,0.00201,1.85462,1.83406,-5.12745,1.32049,-2.59746,-12.06184,-1.84552,0.00029,-1.84486,-1.84633,0.00603,0.00048,0.00686,0.00539,-1.84125,0.00058,-1.84015,-1.84244,-1.84979,0.00026,-1.84933,-1.85023,2.84456,1.58837,23.07319,1.05608,0.24330,0.19676,0.92878,0.00004,6.37724,2.10859,14.44847,2.78838
890,620.5967857837677,7299072,201.31697,4385.93517,172.69729,343.42116,28.91089,248.13612,403.93750,-0.03805,0.31371,0.89092,-1.06168,5.03266,0.90235,7.72661,2.36467,31.62789,12.95532,67.25854,9.27616,-48.58251,13.71787,-12.34736,-74.26250,19.61461,8.64939,54.63989,5.82856,414.61877,259.13335,1815.68640,100.33363,0.00180,0.00994,0.03203,-0.02385,0.82095,0.04715,0.95345,0.65639,1.03208,0.06739,1.25894,0.84090,1.84818,0.00221,1.85174,1.83758,-5.36950,1.60182,-2.90604,-12.78771,-1.84402,0.00046,-1.84276,-1.84486,0.00628,0.00059,0.00714,0.00495,-1.83957,0.00031,-1.83911,-1.84034,-1.84846,0.00082,-1.84626,-1.84943,3.18092,2.27238,28.36606,1.05459,0.23797,0.19786,0.93340,0.00000,6.32575,2.17923,16.95602,2.71110
900,587.1315131187439,7380992,151.91359,4263.01592,196.88136,342.10460,29.51426,215.40877,334.50000,0.08854,0.26364,0.95515,-0.62729,4.69701,0.74333,7.40968,2.90431,30.90332,10.91501,78.09304,8.02927,-42.97047,16.03813,-10.90368,-76.31767,16.05539,6.74317,52.56556,4.68455,404.20298,331.76297,2882.50610,80.94862,0.00334,0.01179,0.08222,-0.02440,0.81932,0.04756,0.96583,0.68163,1.02737,0.06667,1.33075,0.82861,1.84419,0.00208,1.84756,1.83537,-5.23785,1.62537,-2.49173,-19.64219,-1.84205,0.00037,-1.84137,-1.84275,0.00567,0.00038,0.00630,0.00490,-1.83804,0.00060,-1.83729,-1.83926,-1.84606,0.00025,-1.84521,-1.84641,3.34765,3.14952,45.73060,1.03993,0.22943,0.19902,0.96115,0.00000,6.64107,4.37609,85.55724,2.37814
910,620.3848788738251,7462912,162.17187,4002.30179,159.83914,343.06293,29.07730,248.12782,389.79688,-0.08106,0.33740,0.72259,-1.31636,4.73695,0.79516,7.36676,2.55667,31.33871,11.59537,59.84454,9.75742,-43.92552,15.48431,-8.41689,-73.79591,16.46404,6.63332,43.22924,4.85978,424.83549,336.20715,2018.09436,69.97976,0.00216,0.01183,0.07872,-0.02462,0.81082,0.04584,0.94916,0.66267,1.03613,0.06689,1.42574,0.88441,1.84031,0.00209,1.84464,1.82968,-5.29285,1.63335,-2.83452,-21.67607,-1.84010,0.00044,-1.83954,-1.84136,0.00566,0.00030,0.00625,0.00525,-1.83609,0.00057,-1.83535,-1.83754,-1.84410,0.00038,-1.84343,-1.84519,2.98171,1.37801,9.62597,1.05371,0.23543,0.20213,0.95414,0.00000,6.44891,4.09983,70.36302,2.35876
920,572.3351449966431,7544832,137.86890,4036.55616,173.26839,342.21894,29.07014,200.89957,318.84375,0.02541,0.31099,0.96561,-0.92069,4.97731,0.85028,7.91267,2.75012,31.52257,13.81360,65.92085,7.29636,-46.21248,14.52918,-9.68413,-78.42213,18.48645,8.12065,61.23177,5.91683,368.06927,253.32084,1817.31897,80.03735,0.00230,0.01127,0.11579,-0.02016,0.81478,0.04899,0.96511,0.65064,1.03116,0.07412,1.42694,0.84497,1.83831,0.00217,1.84160,1.82925,-5.42356,1.81214,-2.57432,-19.26258,-1.83906,0.00061,-1.83800,-1.83978,0.00480,0.00029,0.00551,0.00438,-1.83567,0.00068,-1.83443,-1.83656,-1.84246,0.00060,-1.84153,-1.84347,3.08561,1.94520,13.83136,1.05415,0.24644,0.20528,0.96254,0.00000,6.10131,2.85214,45.94190,2.22714
930,619.855605840683,7626752,217.49092,4055.28771,178.55161,342.38994,29.03050,248.12467,418.06250,0.08474,0.30502,0.79292,-0.76408,4.78263,0.98016,8.39161,2.52211,31.93245,14.48395,69.47501,9.55950,-44.56976,15.51020,-11.00615,-76.22153,17.44548,8.58200,60.55552,4.65794,374.49721,266.49866,2136.39624,83.68953,0.00063,0.01003,0.03820,-0.02031,0.81642,0.04572,0.97167,0.69587,1.01745,0.06260,1.23125,0.85978,1.83477,0.00253,1.83864,1.81971,-5.10151,1.26286,-2.81002,-11.77357,-1.83738,0.00066,-1.83585,-1.83833,0.00636,0.00064,0.00724,0.00528,-1.83289,0.00107,-1.83073,-1.83455,-1.84187,0.00035,-1.84096,-1.84240,2.74175,1.38465,13.62021,1.05106,0.27789,0.19919,0.95252,0.00001,5.99095,2.12240,17.89546,1.70313
940,562.290625333786,7708672,172.36792,4101.65607,176.39210,342.62255,29.06303,190.49546,375.28125,0.08697,0.35450,1.01274,-1.01068,4.66105,0.88725,7.26375,2.97354,30.58979,12.52315,64.29173,8.57180,-42.40231,14.43945,-7.10679,-75.66702,16.15447,7.16474,49.33775,4.32944,378.35405,249.44554,2088.18970,89.79746,0.00276,0.01099,0.05602,-0.02272,0.80556,0.04595,0.95944,0.62853,1.02785,0.06735,1.25620,0.85206,1.82923,0.00222,1.83361,1.81949,-5.32109,1.46484,-2.61738,-15.97870,-1.83454,0.00056,-1.83392,-1.83583,0.00703,0.00030,0.00761,0.00652,-1.82957,0.00062,-1.82877,-1.83073,-1.83951,0.00056,-1.83890,-1.84094,2.98814,2.15779,25.42676,1.04382,0.25242,0.21246,0.96163,0.00000,6.09155,2.24505,20.95701,2.35530
950,594.6745865345001,7790592,215.26126,4099.12674,165.19613,342.51075,29.25499,222.80279,372.32812,-0.03694,0.27799,0.62528,-0.70437,4.41999,0.83278,7.12786,2.39624,30.06085,12.80116,66.21449,7.52455,-41.31611,16.24128,-9.89192,-75.14342,14.37450,7.07438,42.26591,4.31846,325.33610,228.42821,1854.37537,67.25392,0.00236,0.01026,0.04323,-0.02087,0.80529,0.04425,0.90707,0.60514,1.03143,0.07026,1.38142,0.82908,1.82735,0.00215,1.83014,1.81009,-5.51565,1.73790,-2.55964,-17.84026,-1.83359,0.00030,-1.83308,-1.83404,0.00758,0.00030,0.00803,0.00709,-1.82823,0.00033,-1.82761,-1.82888,-1.83895,0.00040,-1.83831,-1.83961,2.69941,1.38977,14.16530,1.05105,0.26682,0.20197,0.96705,0.00000,6.58232,2.46498,24.66387,2.61235
960,620.3662443161011,7872512,188.73028,4095.16788,189.05595,342.80391,29.01273,248.44626,379.04688,0.07064,0.32895,1.17090,-0.85600,4.42221,0.79778,6.62866,2.52704,28.36325,12.36748,62.39469,9.14009,-42.22754,15.13365,-10.30913,-76.90846,14.99642,6.55201,42.68663,5.03435,328.64709,204.73623,1516.22754,74.20464,0.00239,0.01109,0.04912,-0.02433,0.80354,0.04662,0.94999,0.64643,1.02334,0.08306,1.77739,0.85586,1.82469,0.00207,1.82822,1.81533,-5.42643,2.45729,-2.68679,-31.02387,-1.83226,0.00055,-1.83140,-1.83313,0.00713,0.00032,0.00772,0.00669,-1.82722,0.00067,-1.82597,-1.82806,-1.83731,0.00051,-1.83666,-1.83837,2.78553,1.26527,9.81870,1.04670,0.24537,0.19599,0.92280,0.00000,6.37117,2.48336,24.45854,1.99012
970,619.3931660652161,7954432,192.10147,3993.90422,201.17725,342.21066,29.26538,247.82548,392.31250,-0.06628,0.35425,0.85853,-0.97865,4.96414,0.94094,7.69041,2.70772,32.76088,12.84615,64.99034,9.00811,-44.14622,14.33526,-9.81968,-71.38110,18.33094,7.85387,55.94888,4.46166,436.43430,332.64386,2839.72461,70.83537,0.00242,0.01101,0.05291,-0.01999,0.80240,0.04783,0.91212,0.67003,1.02679,0.06715,1.27553,0.85958,1.82392,0.00194,1.82655,1.81056,-5.29948,1.41347,-2.84829,-11.40191,-1.83181,0.00020,-1.83145,-1.83225,0.00718,0.00067,0.00788,0.00589,-1.82674,0.00051,-1.82599,-1.82752,-1.83689,0.00051,-1.83585,-1.83739,3.04642,2.70515,35.20841,1.03454,0.23731,0.20517,0.96233,0.00008,6.55531,2.48582,28.52309,2.43564
980,609.3362014293671,8036352,155.34602,4062.66226,140.68162,342.15059,29.15549,237.90694,323.76562,0.05291,0.35726,1.06351,-1.02073,4.67818,1.03509,8.11996,2.37497,32.68803,13.85093,66.06286,8.16429,-40.29044,15.20929,-8.91086,-69.86722,16.74108,8.33970,51.07751,4.44517,449.82317,384.80543,3305.26343,85.91741,0.00212,0.01205,0.12430,-0.02231,0.80001,0.04593,0.93900,0.67616,1.03186,0.06759,1.28182,0.85847,1.82135,0.00240,1.82549,1.80828,-5.42529,1.52897,-2.46591,-13.00223,-1.83063,0.00053,-1.82989,-1.83169,0.00506,0.00032,0.00589,0.00452,-1.82705,0.00047,-1.82618,-1.82757,-1.83421,0.00065,-1.83348,-1.83585,3.72510,8.26123,108.82719,1.04257,0.21946,0.20281,0.94352,0.00000,6.48241,3.09636,51.12005,2.71119
990,601.0548663139343,8118272,158.70165,3792.19041,143.40300,343.49904,29.06782,228.39168,363.62500,-0.05839,0.38145,0.88190,-1.00508,4.98016,0.81747,7.71271,2.98315,31.91435,11.47592,65.99807,7.58189,-45.18710,15.07161,-10.94140,-76.84850,19.07888,7.72688,48.43851,6.04749,428.82079,260.13302,1825.31726,96.80442,0.00201,0.00999,0.03934,-0.02117,0.79006,0.04776,0.94917,0.67041,1.03232,0.10079,2.24532,0.84364,1.81660,0.00248,1.82201,1.80279,-5.40526,2.87700,-2.38092,-43.51525,-1.82817,0.00076,-1.82737,-1.83002,0.00490,0.00034,0.00549,0.00432,-1.82470,0.00067,-1.82380,-1.82617,-1.83164,0.00090,-1.83093,-1.83388,3.30888,4.25169,84.59518,1.04833,0.21750,0.20024,0.94536,0.00000,6.38187,2.48550,23.61036,2.16268
1000,604.018933057785,8200192,164.71483,3762.66077,164.62063,341.66817,29.04962,233.18749,410.96875,0.18678,0.31744,1.03782,-0.60318,4.46339,0.88438,7.22545,2.64734,32.62151,11.52070,62.87484,12.55817,-41.27050,15.60911,-8.84094,-73.39643,15.41204,7.48056,51.38974,5.03446,383.35640,264.54898,1599.26868,68.44254,0.00202,0.01120,0.09509,-0.01959,0.79112,0.04647,0.93245,0.65708,1.03175,0.06455,1.23644,0.87731,1.81417,0.00218,1.81724,1.79871,-5.31016,1.28833,-2.64965,-11.95112,-1.82704,0.00028,-1.82665,-1.82756,0.00544,0.00037,0.00609,0.00499,-1.82320,0.00038,-1.82241,-1.82380,-1.83089,0.00038,-1.83019,-1.83160,3.55899,3.69302,51.86660,1.05339,0.21492,0.20969,0.96694,0.00002,6.57638,2.55050,23.49619,2.64462
1010,588.6844608783722,8282112,179.60880,3525.91128,154.95902,342.24249,28.92333,217.41948,386.01562,0.02311,0.42956,0.80937,-1.53861,4.55466,0.99021,7.78669,2.79983,30.41399,13.54793,69.26674,7.89243,-40.95176,14.94156,-8.93724,-70.39376,16.58001,8.52960,51.19492,4.84154,409.91511,277.37363,1891.62219,55.19666,0.00100,0.00970,0.03595,-0.02332,0.78474,0.04805,0.93252,0.63086,1.04043,0.08832,1.65153,0.83543,1.81184,0.00201,1.81567,1.80319,-5.66514,2.49916,-2.38189,-26.43374,-1.82579,0.00051,-1.82466,-1.82685,0.00530,0.00032,0.00587,0.00470,-1.82204,0.00053,-1.82084,-1.82271,-1.82953,0.00058,-1.82848,-1.83100,2.95601,1.69417,17.50066,1.03486,0.24186,0.20752,0.96559,0.00000,6.34762,2.08031,19.78634,2.55681
1020,579.1104245185852,8364032,137.21828,3598.52171,195.07412,342.97927,29.04787,206.93530,317.10938,0.05672,0.36941,0.98525,-1.06955,4.63369,0.80766,7.03813,2.60150,28.61242,10.63668,55.96684,7.05812,-43.37978,13.86909,-7.58803,-69.93955,16.43701,6.74551,49.35150,3.99272,389.41314,293.04618,2064.58350,61.66886,0.00112,0.00980,0.04259,-0.02705,0.78615,0.04348,0.89297,0.66075,1.03199,0.07057,1.38136,0.85270,1.80896,0.00222,1.81141,1.79696,-5.50151,1.66776,-2.78609,-17.28155,-1.82447,0.00017,-1.82410,-1.82475,0.00549,0.00049,0.00644,0.00466,-1.82059,0.00048,-1.81980,-1.82124,-1.82836,0.00027,-1.82782,-1.82892,3.41969,3.36846,46.32524,1.04568,0.21146,0.19600,0.94860,0.00000,6.55706,2.18060,21.25355,2.15682
1030,575.5269429683685,8445952,150.16115,4046.46614,200.43222,343.02231,28.84514,203.54605,355.87500,0.11184,0.38783,1.11475,-0.73916,4.89345,0.96978,8.07041,2.68968,32.26932,14.50457,72.18501,7.69023,-43.66020,17.15555,-8.78990,-73.75762,17.45736,8.33062,65.07565,4.75333,457.83078,371.32935,3074.14355,83.81442,0.00174,0.01029,0.04059,-0.02149,0.78395,0.04629,0.91051,0.66215,1.03005,0.06601,1.41919,0.84826,1.80741,0.00221,1.81072,1.79497,-5.48556,1.66927,-2.64451,-17.61360,-1.82359,0.00043,-1.82283,-1.82439,0.00604,0.00029,0.00665,0.00523,-1.81932,0.00028,-1.81882,-1.81989,-1.82786,0.00061,-1.82652,-1.82888,3.12496,2.15801,20.45043,1.03459,0.22637,0.20469,0.96732,0.00000,6.50881,2.28023,17.61318,2.28776
1040,584.5247497558594,8527872,179.22695,3854.85659,166.94827,341.32483,29.20101,213.88896,359.31250,0.19443,0.28571,0.96902,-0.56266,4.28320,1.01677,7.52414,2.27346,31.40545,13.49799,66.35809,10.78820,-38.01175,16.99839,-6.57809,-75.90095,13.87378,7.63378,56.56079,3.07367,377.91126,383.65544,3912.58691,45.58047,0.00065,0.00968,0.02819,-0.02737,0.78105,0.04724,0.92681,0.61989,1.02625,0.07303,1.45509,0.85884,1.80676,0.00208,1.80953,1.79179,-5.45135,1.95424,-2.59547,-23.18273,-1.82330,0.00038,-1.82258,-1.82376,0.00598,0.00067,0.00728,0.00499,-1.81908,0.00031,-1.81813,-1.81958,-1.82753,0.00080,-1.82621,-1.82872,3.22914,4.32293,62.53563,1.04736,0.23323,0.20456,0.95707,0.00000,6.34191,2.09934,18.79223,2.65368
1050,576.2394015789032,8609792,188.36650,4024.25686,161.51169,341.55293,29.50322,205.05515,400.51562,0.00089,0.41721,0.80906,-1.31545,4.49438,1.11874,7.89648,2.50815,28.30868,11.08539,59.87837,9.93175,-38.67264,16.52095,-6.41681,-76.66753,16.17688,9.63614,59.81892,4.28286,447.52770,420.03779,3469.17505,57.52985,0.00160,0.00994,0.03358,-0.02607,0.77937,0.04365,0.90563,0.59091,1.02924,0.06542,1.35497,0.85468,1.80624,0.00192,1.80878,1.79677,-5.28843,1.62379,-2.57930,-18.65747,-1.82306,0.00017,-1.82267,-1.82334,0.00765,0.00038,0.00819,0.00713,-1.81766,0.00017,-1.81737,-1.81811,-1.82847,0.00041,-1.82782,-1.82910,2.91965,1.65258,13.24234,1.05742,0.25730,0.20996,0.95029,0.00000,6.57839,2.11143,15.07287,2.62917
1060,588.7956550121307,8691712,175.78036,3877.10180,224.91004,342.80970,29.67769,216.15914,375.01562,0.13881,0.36865,1.16289,-0.74545,4.48151,0.98149,7.57245,2.22892,29.85719,11.67227,62.27274,8.39915,-40.09813,14.91820,-7.89974,-78.04875,15.22305,7.99767,46.51350,4.07183,330.47556,215.74566,1567.96997,60.12417,0.00043,0.00974,0.03914,-0.01945,0.78198,0.04682,0.91108,0.64344,1.03667,0.07063,1.33512,0.85328,1.80496,0.00196,1.80803,1.79499,-5.69339,1.95550,-3.09495,-19.49330,-1.82238,0.00041,-1.82186,-1.82298,0.00667,0.00044,0.00740,0.00600,-1.81766,0.00015,-1.81736,-1.81795,-1.82710,0.00071,-1.82611,-1.82814,2.96095,2.63275,41.67712,1.04248,0.25201,0.20705,0.95072,0.00000,5.99497,2.09359,22.08262,2.45981
1070,612.9920792579651,8773632,224.21670,3592.90334,142.55517,342.23789,29.40424,241.24623,420.18750,-0.15104,0.35269,0.75924,-0.93848,4.43155,0.83959,7.08409,2.51053,26.53163,11.37800,60.92617,6.79488,-42.34465,14.54449,-12.43226,-73.23699,14.61741,6.49219,47.33606,4.99110,358.55069,286.97593,2414.83862,67.31869,0.00196,0.01043,0.05460,-0.02220,0.78569,0.04438,0.89946,0.65735,1.01651,0.06084,1.21290,0.85590,1.80404,0.00178,1.80682,1.79656,-5.13956,1.31559,-2.70365,-12.96340,-1.82190,0.00030,-1.82141,-1.82236,0.00676,0.00031,0.00733,0.00621,-1.81712,0.00048,-1.81633,-1.81784,-1.82669,0.00020,-1.82636,-1.82702,2.80831,1.47929,14.61045,1.04897,0.24845,0.20721,0.95590,0.00001,6.40372,2.56198,28.48239,2.21394
1080,546.3240168094635,8855552,149.34375,3844.77544,173.44508,342.95247,29.22516,174.05433,357.89062,-0.02118,0.30308,0.85537,-0.93247,4.68192,0.87525,7.53965,2.44069,31.79344,11.19621,62.92341,8.53786,-42.23732,15.42464,-10.95141,-73.79498,16.88511,7.64329,47.78436,4.45001,403.58498,334.54061,2772.38867,80.53352,0.00142,0.00994,0.05951,-0.02193,0.78081,0.04655,0.92050,0.64643,1.03210,0.06416,1.23726,0.83769,1.80313,0.00203,1.80551,1.79170,-5.45778,1.50562,-2.88235,-14.25262,-1.82148,0.00016,-1.82121,-1.82176,0.00728,0.00015,0.00754,0.00693,-1.81634,0.00023,-1.81596,-1.81671,-1.82663,0.00015,-1.82632,-1.82692,3.26698,3.46286,46.96833,1.02799,0.24889,0.20762,0.95641,0.00000,6.38062,2.26204,23.22389,2.74698
1090,586.5872111320496,8937472,146.08724,3567.75149,183.58088,341.63151,29.24988,215.61003,338.43750,-0.06178,0.36963,1.14248,-1.37757,4.66395,0.92718,7.39941,2.99451,30.26833,10.65807,56.30029,8.03034,-42.70383,14.63252,-10.16235,-74.61456,17.13281,8.36145,49.01356,5.72213,399.09445,325.79029,2575.50879,87.45947,0.00075,0.01012,0.04063,-0.02189,0.77689,0.04861,0.91363,0.61026,1.03085,0.06745,1.33736,0.82452,1.80206,0.00203,1.80500,1.79166,-5.30404,1.43929,-3.02973,-18.85894,-1.82092,0.00041,-1.81966,-1.82148,0.00624,0.00043,0.00692,0.00565,-1.81650,0.00026,-1.81567,-1.81683,-1.82533,0.00068,-1.82366,-1.82632,3.10408,3.68113,48.40949,1.08792,0.23329,0.20321,0.95125,0.00000,6.44472,2.14821,23.24627,2.78084
1100,589.2957556247711,9019392,182.26857,3856.38708,153.97370,342.99644,29.20332,216.97676,345.23438,0.07718,0.38086,1.08234,-0.68762,4.31781,0.83616,7.03435,2.31817,30.63536,13.66701,67.66377,9.03044,-37.57284,15.26069,-9.79490,-73.46881,14.39110,6.48983,41.66506,4.68759,358.65809,260.52080,2049.74512,54.45234,0.00101,0.01036,0.04767,-0.02400,0.77981,0.04805,0.90375,0.63888,1.02413,0.07268,1.41262,0.83887,1.79829,0.00220,1.80136,1.78517,-5.33755,1.72984,-2.71939,-19.69099,-1.81911,0.00026,-1.81862,-1.81965,0.00605,0.00038,0.00659,0.00537,-1.81483,0.00049,-1.81429,-1.81575,-1.82339,0.00019,-1.82295,-1.82373,2.92139,1.60533,19.98249,1.04816,0.24281,0.20527,0.93703,0.00000,6.76075,2.64825,26.18589,2.64458
1110,593.1764116287231,9101312,176.80807,4104.93225,210.40182,342.42462,29.41538,221.23897,362.04688,0.08226,0.30622,0.92480,-1.02955,4.42747,0.96878,7.62838,2.26850,30.07544,11.60734,64.89803,10.29581,-38.98956,17.26443,-7.35689,-75.28667,15.53227,7.76640,46.53914,4.31203,445.23649,403.47906,3486.38550,51.26365,0.00082,0.01038,0.06265,-0.02038,0.77661,0.04522,0.91834,0.65290,1.02708,0.06871,1.33124,0.84956,1.79665,0.00195,1.79925,1.78567,-5.41469,1.82720,-2.37279,-18.37654,-1.81822,0.00025,-1.81765,-1.81862,0.00605,0.00016,0.00640,0.00566,-1.81394,0.00025,-1.81333,-1.81436,-1.82250,0.00029,-1.82196,-1.82295,3.07062,2.56821,28.65414,1.03361,0.25460,0.21614,0.96221,0.00000,6.85722,2.95680,44.39003,2.21017
1120,619.308023929596,9183232,222.80736,3588.68511,161.60253,341.91611,29.22459,247.91447,433.45312,0.14130,0.31975,1.01558,-0.66509,4.20756,0.77817,6.80725,2.39799,27.12623,11.27683,62.79614,8.80425,-35.65396,16.54803,-7.22837,-72.63609,13.40161,6.21589,37.67981,3.87038,313.55786,223.85576,1560.60864,50.57043,0.00042,0.00982,0.03955,-0.02284,0.77248,0.04658,0.90514,0.64368,1.02379,0.06608,1.28051,0.85119,1.79515,0.00204,1.79773,1.78423,-5.32355,1.41075,-2.63267,-15.04742,-1.81753,0.00025,-1.81695,-1.81786,0.00733,0.00038,0.00772,0.00611,-1.81235,0.00040,-1.81171,-1.81332,-1.82272,0.00032,-1.82196,-1.82328,2.90249,2.63174,35.01647,1.05381,0.25653,0.20706,0.95127,0.00042,6.43401,2.35273,25.25854,2.86710
1130,594.3149328231812,9265152,182.41924,3583.68100,193.51971,342.41339,29.52650,222.24710,378.03125,0.01398,0.44474,1.15211,-1.24695,4.66635,0.85695,7.55566,2.82998,28.54781,10.02667,54.12979,9.84768,-42.94710,14.07577,-9.00587,-75.26698,16.23406,7.56358,54.71608,5.42244,400.48477,339.08110,2398.76172,67.67946,0.00154,0.00909,0.03917,-0.01955,0.77365,0.04810,0.92091,0.63725,1.02643,0.07015,1.31419,0.80203,1.79200,0.00221,1.79586,1.78062,-5.39748,1.59737,-2.68115,-16.81167,-1.81598,0.00043,-1.81541,-1.81697,0.00752,0.00032,0.00826,0.00703,-1.81066,0.00058,-1.80987,-1.81172,-1.82129,0.00036,-1.82082,-1.82223,3.09028,2.84018,41.24920,1.03931,0.22633,0.21276,0.96060,0.00000,6.25379,2.17014,24.32872,2.41883
1140,620.6463119983673,9347072,236.32015,3963.24097,163.32753,343.09574,29.37207,248.07435,427.31250,-0.05423,0.36095,0.94725,-0.95238,4.57052,1.01631,7.63295,2.30465,27.63836,12.12962,72.29156,8.56452,-42.37592,15.27171,-10.00039,-77.39548,16.78036,8.68220,49.57658,4.50637,415.33325,337.57891,2286.13232,51.67529,0.00135,0.00973,0.06590,-0.02233,0.77173,0.04947,0.90337,0.63900,1.01869,0.06889,1.31445,0.85459,1.79112,0.00209,1.79410,1.77853,-5.21577,1.37842,-2.74343,-15.37362,-1.81547,0.00031,-1.81489,-1.81602,0.00855,0.00027,0.00909,0.00820,-1.80943,0.00048,-1.80847,-1.81020,-1.82151,0.00018,-1.82118,-1.82184,3.10967,2.02101,22.52541,1.05425,0.25017,0.21401,0.95211,0.00000,6.74635,4.85316,94.62335,2.55441
1150,620.3066992759705,9428992,166.31171,3566.75864,186.88743,342.87252,29.32434,247.95278,373.75000,0.06113,0.35078,1.13457,-0.80990,4.25302,0.89774,6.96152,2.32660,30.15681,12.00188,62.39695,7.64593,-36.70763,15.93106,-7.81553,-72.68816,13.47401,6.47210,44.25552,4.60981,409.92570,407.61977,3245.23267,71.83849,0.00053,0.00920,0.03111,-0.02132,0.77108,0.04702,0.89299,0.63550,1.02063,0.06603,1.26162,0.85067,1.78917,0.00212,1.79190,1.77666,-5.20153,1.26512,-2.81968,-9.61290,-1.81449,0.00042,-1.81348,-1.81495,0.00952,0.00019,0.00984,0.00908,-1.80776,0.00051,-1.80658,-1.80847,-1.82122,0.00035,-1.82037,-1.82159,2.84586,2.12916,22.96056,1.03542,0.27623,0.20769,0.96505,0.00003,6.25208,1.94815,15.30414,2.79953
1160,622.5693793296814,9510912,167.08537,4240.21026,160.06473,344.18553,29.17494,249.09397,360.42188,0.00893,0.38737,0.87472,-1.02999,4.76622,0.96682,8.03329,2.67552,28.68196,11.32867,67.59625,9.04574,-45.45130,16.77063,-10.24508,-74.36610,18.51386,8.44799,56.91874,5.72843,446.03170,370.73384,3562.27026,77.76121,0.00059,0.00962,0.05849,-0.02120,0.77098,0.04407,0.91376,0.63011,1.02080,0.06366,1.23824,0.82415,1.78656,0.00175,1.78920,1.77431,-5.28235,1.42094,-2.63666,-16.39773,-1.81314,0.00022,-1.81273,-1.81358,0.00952,0.00015,0.00978,0.00914,-1.80641,0.00021,-1.80596,-1.80672,-1.81987,0.00028,-1.81947,-1.82045,2.65940,1.28518,13.39303,1.04700,0.27117,0.20999,0.96365,0.00000,6.49712,3.74277,62.83234,2.20487
1170,620.41299700737,9592832,222.14871,3841.55737,166.22007,343.40273,29.02390,247.69066,469.14062,0.06293,0.30864,0.83793,-0.75039,4.60990,0.73102,6.74996,3.13252,32.74733,10.80696,58.03416,11.11750,-40.83130,14.23663,-10.38809,-74.24091,16.02897,6.55670,44.29392,5.82836,485.49467,380.25265,3104.21655,87.04711,0.00048,0.00875,0.03350,-0.02439,0.76702,0.04568,0.88983,0.62433,1.02098,0.06959,1.40292,0.85543,1.78572,0.00165,1.78803,1.77645,-5.36794,1.73355,-2.65133,-19.91931,-1.81263,0.00013,-1.81247,-1.81307,0.00969,0.00018,0.01001,0.00929,-1.80577,0.00020,-1.80549,-1.80650,-1.81948,0.00015,-1.81909,-1.81972,2.92510,2.68126,33.77729,1.04651,0.29796,0.21889,0.95888,0.00000,6.51658,2.07115,21.77904,2.81359
1180,625.6684908866882,9674752,151.11195,3998.90964,175.72456,346.33083,32.12838,247.11325,435.23438,0.06953,0.27643,0.80980,-0.64100,4.26416,0.87081,6.79903,2.49967,28.03301,11.95426,64.64333,7.67127,-39.30011,16.35659,-8.74570,-73.94489,13.82621,6.72333,42.81052,3.98122,384.62581,422.84992,4741.14307,54.92284,0.00069,0.00910,0.04255,-0.02420,0.77202,0.04517,0.89138,0.61201,1.01630,0.06330,1.25118,0.79754,1.78455,0.00201,1.78710,1.77381,-5.09010,1.33203,-2.53120,-10.52324,-1.81230,0.00012,-1.81205,-1.81252,0.00900,0.00016,0.00930,0.00879,-1.80593,0.00008,-1.80576,-1.80608,-1.81866,0.00022,-1.81832,-1.81908,2.60517,1.22343,10.88910,1.02720,0.27884,0.20874,0.96634,0.00002,6.49844,2.24288,19.45214,2.88526
1190,619.4361779689789,9756672,181.28216,3922.71594,173.60152,342.96113,29.17681,247.08414,508.18750,0.12769,0.29546,0.91493,-0.70918,4.44856,0.85109,7.01013,2.28184,30.12751,12.72520,63.75640,9.07244,-40.64799,15.32153,-9.33220,-76.92937,15.36395,6.72916,43.76173,4.57985,377.94041,307.43571,3101.64038,67.03355,-0.00003,0.00887,0.03420,-0.01900,0.76991,0.04813,0.89472,0.57783,1.01224,0.06558,1.36334,0.83874,1.78462,0.00207,1.78704,1.77383,-5.09984,1.34858,-2.22131,-16.28754,-1.81229,0.00013,-1.81208,-1.81248,0.00890,0.00024,0.00937,0.00851,-1.80600,0.00025,-1.80547,-1.80644,-1.81858,0.00017,-1.81816,-1.81877,2.74427,2.28078,25.99822,1.04391,0.30684,0.21059,0.94504,0.00000,6.47465,2.24636,26.71488,2.27231
1200,619.3122088909149,9838592,215.52447,4057.86304,158.56533,342.30989,28.98450,247.92707,474.98438,0.00490,0.32873,1.02971,-1.40175,4.74036,0.91491,7.71093,2.77855,31.30834,13.28747,61.87856,6.81002,-44.19520,14.91446,-9.78121,-75.50412,18.71790,8.08108,56.78765,5.42475,473.20754,361.50958,2962.42432,71.30704,-0.00051,0.00849,0.02617,-0.02012,0.77044,0.04972,0.94061,0.64665,1.01779,0.07012,1.24985,0.83352,1.78445,0.00200,1.78690,1.77327,-5.31743,1.46001,-2.66590,-12.11502,-1.81215,0.00018,-1.81181,-1.81245,0.00854,0.00020,0.00882,0.00820,-1.80611,0.00016,-1.80570,-1.80634,-1.81819,0.00027,-1.81771,-1.81861,2.45240,0.99452,7.29703,1.04085,0.30245,0.22097,0.95715,0.00002,6.41966,2.00036,19.36027,2.33674
1210,619.3103485107422,9920512,228.43818,4081.56179,212.97772,341.81097,29.32298,248.08617,473.28125,0.16500,0.35949,1.13800,-0.68318,4.38754,0.99246,8.29317,2.31581,28.18439,11.85784,68.78317,7.45062,-41.93102,17.22350,-7.44684,-78.45028,15.54901,8.10295,58.97298,3.81961,358.88681,299.44916,2767.95972,64.51378,-0.00017,0.00864,0.03914,-0.02066,0.76804,0.04471,0.90131,0.61736,1.02422,0.06517,1.26208,0.84225,1.78358,0.00191,1.78580,1.77158,-5.35491,1.42765,-2.60012,-12.64077,-1.81163,0.00021,-1.81116,-1.81194,0.00869,0.00015,0.00895,0.00826,-1.80549,0.00021,-1.80518,-1.80582,-1.81778,0.00027,-1.81699,-1.81819,2.96337,2.70396,41.93824,1.02813,0.27818,0.21771,0.96564,0.00000,6.59099,2.33150,24.09714,2.39919
1220,619.3606901168823,10002432,237.96318,4136.46424,197.68635,341.83810,29.37211,248.05400,420.92188,0.06185,0.23895,0.69992,-0.59846,4.84279,0.96746,7.77534,2.56858,34.63481,14.00233,72.45741,9.54039,-44.53463,14.86695,-10.51202,-76.73985,18.86386,8.34705,50.82756,4.58386,545.04992,432.10393,3797.46826,81.19645,-0.00010,0.00803,0.02570,-0.01940,0.76233,0.04752,0.88619,0.62315,1.02114,0.06647,1.27148,0.86932,1.78141,0.00208,1.78434,1.76966,-5.24958,1.34552,-2.42970,-12.45840,-1.81069,0.00021,-1.81043,-1.81115,0.00906,0.00039,0.00975,0.00824,-1.80428,0.00044,-1.80369,-1.80531,-1.81710,0.00023,-1.81673,-1.81749,2.84517,3.25149,44.16046,1.04447,0.30626,0.21581,0.95815,0.00000,6.39966,2.13390,23.77555,2.56493
1230,619.8275971412659,10084352,189.02234,4083.97776,159.66641,341.99348,29.02859,248.69575,431.73438,0.03755,0.43356,1.03700,-0.96075,4.84149,1.03709,8.30082,2.55219,32.44807,14.01725,74.04196,9.09596,-44.31944,17.38801,-8.67027,-80.48724,18.88404,9.64530,67.80607,3.65747,424.70137,382.03539,3238.78833,54.14014,0.00002,0.00853,0.04364,-0.02457,0.76131,0.04597,0.90911,0.62533,1.02010,0.06732,1.43834,0.85859,1.78040,0.00227,1.78310,1.76659,-5.23677,1.41167,-2.77021,-19.72955,-1.81018,0.00022,-1.80977,-1.81051,0.00905,0.00018,0.00941,0.00872,-1.80378,0.00029,-1.80313,-1.80419,-1.81658,0.00021,-1.81628,-1.81695,2.70510,1.56066,14.44585,1.02956,0.29891,0.21251,0.96295,0.00000,6.37933,2.19125,20.55965,2.64539
1240,620.2298185825348,10166272,244.59978,4043.94531,182.54623,342.51223,29.20475,248.41118,470.51562,0.10099,0.39290,1.11983,-0.94814,4.82768,1.01228,7.74958,2.58780,29.97354,12.24704,61.17734,8.55979,-45.12729,16.64633,-8.57440,-74.75537,19.25098,8.66107,59.97009,5.19569,431.82328,330.57243,2997.12280,69.75555,0.00028,0.00812,0.03738,-0.02132,0.76126,0.04889,0.91419,0.61838,1.02372,0.06768,1.35621,0.84607,1.77940,0.00190,1.78186,1.77043,-5.43385,1.59897,-2.56125,-17.03240,-1.80960,0.00020,-1.80930,-1.80995,0.00920,0.00020,0.00948,0.00889,-1.80309,0.00018,-1.80275,-1.80342,-1.81610,0.00030,-1.81560,-1.81653,2.55973,1.64078,15.97227,1.04760,0.29568,0.22697,0.96970,0.00000,6.73740,2.54749,33.06456,2.99614
1250,619.0348579883575,10248192,237.91814,4245.37739,199.64294,342.57178,29.11109,247.25829,443.25000,0.00476,0.36250,1.26024,-0.86355,4.86083,0.89813,7.83642,2.98629,34.50113,11.77262,72.89065,10.29059,-41.74763,14.73388,-12.00748,-76.89758,19.10225,8.47943,48.95666,5.20270,429.11586,310.73169,2089.36108,78.26992,0.00031,0.00830,0.03094,-0.02513,0.76582,0.04776,0.90552,0.62999,1.01830,0.08000,1.67807,0.81030,1.77817,0.00209,1.78082,1.76803,-5.45431,1.94072,-2.82062,-26.67837,-1.80910,0.00015,-1.80883,-1.80950,0.00927,0.00016,0.00963,0.00902,-1.80255,0.00012,-1.80235,-1.80280,-1.81566,0.00024,-1.81521,-1.81620,2.53052,1.37538,14.57851,1.04229,0.31146,0.22770,0.97217,0.00000,6.95160,3.16677,44.07582,2.84657
1260,618.5069766044617,10330112,209.82796,4411.80900,216.92788,342.04213,29.20624,247.15527,447.73438,0.04305,0.29453,0.93918,-1.25345,4.39468,1.04063,7.82333,2.42689,28.56347,11.20768,58.33109,6.79328,-41.10606,17.51919,-8.40413,-75.87463,16.18580,8.19499,43.61462,3.55881,398.88536,347.43179,3251.39282,52.68494,0.00052,0.00812,0.02891,-0.02281,0.76126,0.04626,0.93810,0.61091,1.01428,0.07081,1.41677,0.86797,1.77680,0.00208,1.77972,1.76741,-5.30881,1.65758,-2.87550,-21.46770,-1.80834,0.00031,-1.80784,-1.80883,0.00910,0.00009,0.00931,0.00898,-1.80190,0.00029,-1.80140,-1.80246,-1.81477,0.00034,-1.81423,-1.81521,2.66479,1.96209,20.81093,1.03109,0.33522,0.22459,0.97664,0.00000,6.95165,2.33611,18.46425,2.50743
1270,620.2275185585022,10412032,260.02887,4691.58664,235.10378,343.14430,29.14630,247.74756,515.03125,0.06824,0.47318,1.46191,-1.20315,4.72486,1.00454,7.55304,2.49834,31.07132,13.20791,73.79654,9.45452,-40.91570,18.54648,-8.64073,-77.57619,18.23705,8.60300,49.73332,5.41806,505.33009,394.60262,2585.26074,68.04344,0.00103,0.00813,0.03508,-0.01828,0.76604,0.04373,0.87062,0.62122,1.00233,0.06176,1.22445,0.82779,1.77512,0.00212,1.77777,1.76191,-5.15320,1.36561,-2.60293,-11.43869,-1.80758,0.00016,-1.80731,-1.80789,0.00889,0.00016,0.00936,0.00862,-1.80130,0.00023,-1.80071,-1.80159,-1.81386,0.00016,-1.81366,-1.81425,2.39269,1.27852,14.22148,1.01955,0.35039,0.22724,0.98112,0.00012,6.83213,2.91758,33.64000,2.77861
1280,618.8044517040253,10493952,237.98902,4154.65576,198.20460,342.03499,29.06009,247.61577,523.40625,0.08176,0.31270,0.78432,-0.70577,4.37406,0.78432,7.25199,2.39480,30.49315,12.67265,77.94294,9.70703,-36.53409,15.46269,-8.83512,-73.79749,15.79469,6.57531,46.97431,4.64749,393.96269,278.76570,1829.83215,57.58923,-0.00046,0.00751,0.02879,-0.02004,0.77126,0.04136,0.88277,0.60549,1.00063,0.06016,1.19104,0.84642,1.77512,0.00211,1.77744,1.76475,-5.09330,1.29554,-2.52506,-9.75796,-1.80751,0.00010,-1.80733,-1.80769,0.01022,0.00042,0.01089,0.00936,-1.80028,0.00020,-1.79997,-1.80071,-1.81474,0.00039,-1.81395,-1.81538,2.27058,1.36259,22.19144,1.03393,0.37085,0.22363,0.97759,0.00038,6.58534,2.36528,29.55206,2.39654
1290,619.1692566871643,10575872,222.56473,3759.62801,203.02163,342.08232,29.05625,247.92746,520.28125,0.07490,0.36742,0.94008,-0.93134,4.63178,0.94059,7.64180,2.32710,31.39349,11.94095,64.32844,8.87011,-43.15495,16.79554,-6.61193,-80.07981,17.77508,8.19101,50.63608,3.97308,369.50082,258.48441,1489.44836,86.10998,0.00110,0.00716,0.02130,-0.01677,0.76466,0.04638,0.88371,0.62726,1.01830,0.07216,1.60616,0.82496,1.77478,0.00235,1.77748,1.75926,-5.44972,1.89741,-2.80236,-27.48364,-1.80747,0.00020,-1.80707,-1.80771,0.01115,0.00016,0.01160,0.01089,-1.79958,0.00030,-1.79898,-1.79999,-1.81535,0.00013,-1.81505,-1.81557,2.63626,2.82304,41.59223,1.02560,0.32106,0.23982,0.96541,0.00000,6.40064,1.94943,17.27591,2.55826
1300,621.0328967571259,10657792,242.81155,4075.45494,209.83272,343.34679,29.16049,248.29247,491.51562,-0.11379,0.36691,0.65591,-1.24727,4.39305,1.06684,8.26137,2.17185,28.11131,12.65223,59.51351,8.69963,-41.25478,17.95678,-8.74039,-76.65333,16.14014,8.82728,50.09077,4.25902,403.36912,314.78551,2406.69434,54.87574,-0.00042,0.00711,0.02280,-0.01706,0.76008,0.04505,0.93801,0.61532,1.01925,0.06504,1.20022,0.82522,1.77396,0.00204,1.77644,1.76190,-5.28090,1.28652,-2.81620,-14.37219,-1.80690,0.00014,-1.80673,-1.80718,0.01212,0.00014,0.01228,0.01161,-1.79832,0.00022,-1.79804,-1.79898,-1.81547,0.00011,-1.81526,-1.81568,2.36701,1.29202,18.19753,1.02354,0.35870,0.22270,0.97497,0.00000,6.44142,2.01511,16.59145,3.13968
1310,619.8728830814362,10739712,352.13304,4014.08306,145.26974,343.60450,28.91729,247.11974,615.21875,0.11627,0.31348,0.92640,-0.80021,5.01876,1.10677,8.28501,2.53399,31.14437,12.78374,65.07256,8.62434,-47.03677,19.03931,-7.53488,-81.06121,21.66022,10.69800,65.34438,5.27512,450.79967,320.18364,2543.22412,50.54944,0.00019,0.00684,0.02801,-0.01687,0.75813,0.04785,0.88204,0.58234,1.01669,0.06648,1.33574,0.83829,1.77264,0.00211,1.77553,1.76091,-5.23648,1.40871,-3.00362,-11.40518,-1.80633,0.00016,-1.80617,-1.80673,0.01266,0.00015,0.01290,0.01229,-1.79738,0.00025,-1.79710,-1.79804,-1.81528,0.00011,-1.81510,-1.81548,2.33743,1.25916,13.20185,1.02343,0.36730,0.22893,0.98041,0.00007,6.69779,2.07979,18.02312,2.66371
1320,621.1089642047882,10821632,245.32275,4520.60454,208.11631,344.18660,29.03851,247.79775,602.06250,0.16896,0.30587,0.91941,-0.63418,4.61277,1.08014,8.49109,2.68520,32.17799,11.49217,70.79585,7.80232,-42.83814,17.27611,-9.54164,-77.68816,19.07405,10.09960,70.32913,5.81824,488.38096,332.96257,2375.11621,106.24628,-0.00047,0.00682,0.01896,-0.02150,0.76694,0.04023,0.87632,0.63589,1.01159,0.06276,1.20513,0.83433,1.77243,0.00201,1.77460,1.76144,-5.10436,1.38341,-2.63113,-10.70502,-1.80614,0.00011,-1.80593,-1.80626,0.01299,0.00011,0.01315,0.01280,-1.79695,0.00017,-1.79665,-1.79713,-1.81532,0.00007,-1.81522,-1.81548,2.06487,0.93937,10.71569,1.02319,0.39876,0.22794,0.98099,0.00002,6.67600,2.71443,30.18152,3.23519
1330,618.5840821266174,10903552,284.33563,4114.69227,195.70583,341.41487,28.98283,248.08768,607.62500,-0.13350,0.38009,0.65527,-1.00723,4.10247,1.21519,7.37612,1.79234,27.75572,14.80723,67.74830,4.42371,-38.20863,20.06691,-6.29066,-78.21763,14.55132,8.94519,51.81915,2.12569,454.95327,434.21796,3820.90112,22.98392,-0.00088,0.00693,0.02883,-0.02005,0.75819,0.04561,0.87696,0.61362,1.01827,0.06730,1.25183,0.85286,1.77176,0.00196,1.77410,1.76261,-5.47673,1.53442,-2.83322,-12.33874,-1.80584,0.00013,-1.80565,-1.80603,0.01314,0.00011,0.01337,0.01299,-1.79655,0.00019,-1.79629,-1.79685,-1.81514,0.00009,-1.81491,-1.81526,2.32310,2.27551,31.54576,1.02181,0.42291,0.20509,0.97165,0.00111,6.72053,2.18828,22.57282,2.45738
1340,622.1144680976868,10985472,256.10759,3407.26174,178.72040,344.84779,29.06889,248.09822,563.59375,-0.03164,0.34333,0.81458,-0.99830,4.59849,1.19466,8.12802,2.51340,28.15815,11.26485,67.26534,8.20909,-41.65376,17.52262,-5.88013,-74.15544,18.39240,10.25646,58.12525,5.04838,402.62540,312.41300,3160.33960,70.00317,0.00015,0.00695,0.02689,-0.01694,0.76514,0.04568,0.90483,0.58878,1.01030,0.06481,1.29074,0.81344,1.77134,0.00179,1.77357,1.76296,-5.00768,1.28615,-2.71533,-13.60613,-1.80560,0.00012,-1.80537,-1.80576,0.01322,0.00010,0.01337,0.01294,-1.79625,0.00010,-1.79603,-1.79643,-1.81494,0.00017,-1.81458,-1.81522,2.18368,0.96258,8.97328,1.02424,0.39936,0.21488,0.96884,0.00000,6.75806,2.20512,26.63529,2.95332
1350,623.0597279071808,11067392,294.62376,3880.50026,220.45375,345.03574,29.03499,248.24134,567.14062,0.02185,0.27795,0.91645,-0.71535,4.55154,0.83812,6.92889,2.48227,31.29662,13.23806,72.33717,8.72098,-41.34830,15.69335,-10.94256,-74.11714,17.61536,7.61858,48.16259,5.47397,455.90625,328.79410,2569.38843,88.88879,-0.00025,0.00674,0.02964,-0.01967,0.76340,0.04350,0.87263,0.58400,1.01248,0.05803,1.18855,0.85394,1.77090,0.00186,1.77294,1.76242,-5.06649,1.12604,-2.84148,-8.67175,-1.80535,0.00009,-1.80510,-1.80545,0.01272,0.00014,0.01307,0.01253,-1.79635,0.00017,-1.79585,-1.79657,-1.81435,0.00008,-1.81424,-1.81458,2.25440,1.14513,13.28851,1.02575,0.42000,0.22515,0.97560,0.00036,6.86766,2.21200,23.85826,2.77132
1360,626.6664574146271,11149312,305.22005,4068.90138,164.96105,348.91317,30.23916,247.41597,570.03125,0.06153,0.26166,0.90258,-0.80166,4.10403,1.30586,7.15214,1.79279,26.93142,10.63503,67.45683,6.64821,-37.00514,19.69735,-7.56442,-75.05116,15.44794,9.58746,45.78501,2.10617,370.22088,325.95020,1939.87830,29.82766,-0.00033,0.00638,0.02028,-0.01843,0.75912,0.04437,0.87843,0.62001,1.00949,0.06428,1.21684,0.83859,1.77029,0.00184,1.77245,1.76030,-5.10288,1.36485,-2.65289,-12.36082,-1.80504,0.00008,-1.80490,-1.80518,0.01300,0.00005,0.01311,0.01292,-1.79585,0.00009,-1.79567,-1.79602,-1.81424,0.00010,-1.81412,-1.81442,2.15411,0.95911,8.18651,1.02669,0.39428,0.22282,0.97012,0.00000,6.95429,1.98978,17.89914,2.47809
1370,621.5620195865631,11231232,286.24951,4264.67367,170.22981,343.16304,29.07863,249.22172,514.23438,-0.03753,0.33853,0.82896,-1.07563,4.56467,1.04137,7.10194,1.99796,29.56365,12.98331,67.33599,7.83537,-44.55218,18.78102,-9.62249,-83.56471,18.54810,9.05648,48.99645,3.13919,550.78227,425.94528,3172.22070,53.37751,0.00047,0.00679,0.03166,-0.01626,0.75952,0.04430,0.87720,0.62647,1.01422,0.06255,1.21649,0.86409,1.77019,0.00151,1.77206,1.76285,-5.27201,1.42624,-2.55166,-12.89419,-1.80485,0.00010,-1.80467,-1.80499,0.01305,0.00005,0.01315,0.01295,-1.79562,0.00010,-1.79545,-1.79578,-1.81408,0.00012,-1.81382,-1.81423,2.01242,0.78895,7.35507,1.02812,0.43048,0.21860,0.97329,0.00052,7.22283,3.52491,54.03307,3.14660
1380,620.2888684272766,11313152,266.69086,4168.36833,196.68513,343.52960,29.16738,247.49800,528.67188,0.02042,0.29296,0.98853,-0.77114,4.34775,0.86538,7.23385,2.24148,29.61033,13.04483,71.59520,8.35445,-42.37532,17.08218,-10.42421,-78.64674,16.47814,7.26846,51.70681,4.73589,448.76697,302.01790,1855.67236,85.17037,0.00023,0.00606,0.01982,-0.01634,0.76331,0.04460,0.88357,0.64588,1.00638,0.06271,1.29126,0.84599,1.76949,0.00212,1.77179,1.75820,-5.20212,1.44216,-2.74758,-11.08497,-1.80468,0.00011,-1.80445,-1.80486,0.01314,0.00004,0.01321,0.01304,-1.79539,0.00009,-1.79522,-1.79555,-1.81397,0.00014,-1.81368,-1.81416,2.08647,1.55145,25.53523,1.01829,0.46230,0.22250,0.98209,0.00009,6.97775,2.57099,28.16703,2.52136
1390,619.38179063797,11395072,254.35475,3884.36369,203.17485,342.86359,29.32157,247.10224,580.78125,-0.18034,0.28390,0.37754,-1.09903,4.25351,1.03988,8.03691,2.28510,24.06561,12.07815,62.44756,8.64922,-41.74940,17.23372,-9.85928,-80.41456,16.40810,8.35846,54.68619,5.51343,369.35370,278.79941,1780.12061,61.49848,0.00020,0.00637,0.04832,-0.01542,0.75776,0.04302,0.88205,0.59914,1.02128,0.06287,1.23249,0.83842,1.76860,0.00195,1.77086,1.74994,-5.26906,1.34468,-2.85136,-10.02624,-1.80420,0.00008,-1.80408,-1.80445,0.01318,0.00014,0.01341,0.01300,-1.79488,0.00017,-1.79462,-1.79522,-1.81352,0.00007,-1.81340,-1.81367,1.96387,0.79897,7.40976,1.01564,0.47110,0.21788,0.97511,0.00807,7.09767,3.57819,64.66254,2.97226
1400,620.1584002971649,11476992,241.43817,3643.56058,224.42262,343.29565,29.11997,247.60723,531.12500,0.10781,0.33132,1.00179,-0.73341,4.63001,0.89720,7.05514,2.28411,31.25670,13.50566,72.93069,10.59638,-43.93351,15.85313,-11.64830,-82.42510,19.15798,7.77105,44.33525,4.07894,536.52828,451.19941,2991.17480,74.72257,0.00056,0.01123,0.21137,-0.01855,0.76532,0.04361,0.86828,0.58275,1.00627,0.06167,1.22775,0.84495,1.76881,0.00182,1.77088,1.75872,-4.99827,1.28167,-2.67306,-9.80827,-1.80428,0.00006,-1.80417,-1.80439,0.01346,0.00005,0.01356,0.01335,-1.79477,0.00006,-1.79462,-1.79486,-1.81380,0.00008,-1.81364,-1.81393,1.97097,0.87481,9.47749,1.01593,0.46349,0.22698,0.97897,0.00024,7.45089,6.17170,123.24199,2.67882
1410,620.7134056091309,11558912,280.05107,4280.60443,204.50389,343.07635,29.03356,248.51182,510.87500,0.03931,0.37649,1.00513,-0.87026,4.47687,0.91263,7.05655,2.41056,29.27538,11.75638,62.12454,5.44922,-42.56862,15.88003,-6.68194,-77.58523,18.05232,7.63611,41.02866,4.13836,468.40839,343.40485,2227.56763,76.91263,0.00083,0.00623,0.04447,-0.01688,0.77202,0.04552,0.89884,0.61960,0.99810,0.06683,1.20756,0.78755,1.76828,0.00210,1.77048,1.75548,-4.97219,1.28808,-2.68053,-9.31664,-1.80410,0.00006,-1.80400,-1.80420,0.01347,0.00005,0.01358,0.01337,-1.79458,0.00005,-1.79442,-1.79467,-1.81363,0.00009,-1.81345,-1.81378,1.88466,0.78281,9.98956,1.01726,0.50025,0.20834,0.98413,0.02657,7.23045,2.11014,21.51847,3.51968
1420,620.1328954696655,11640832,241.27373,4255.68979,201.83813,342.82691,29.28336,247.92054,494.37500,-0.02190,0.27948,0.67867,-0.87617,4.36828,1.03714,7.69563,2.11910,30.74130,14.97522,73.51832,8.14048,-40.39626,16.99791,-7.62798,-77.61626,17.76860,8.96814,58.75026,4.16563,475.93252,406.51186,2545.51147,68.17025,-0.00009,0.00552,0.01567,-0.01692,0.76279,0.04425,0.89099,0.61389,1.00742,0.06551,1.25312,0.80577,1.76794,0.00184,1.77016,1.75518,-5.08348,1.42598,-2.46115,-12.15852,-1.80388,0.00010,-1.80370,-1.80403,0.01348,0.00005,0.01358,0.01339,-1.79435,0.00011,-1.79413,-1.79452,-1.81341,0.00011,-1.81327,-1.81362,1.70368,0.53763,6.75788,1.00991,0.54792,0.19951,0.98780,0.03013,7.16955,2.13327,23.24930,3.01676
1430,619.4681444168091,11722752,281.87771,4627.45736,179.46215,342.45729,29.02681,247.89520,526.15625,0.04099,0.35289,0.78679,-1.06688,4.52667,0.96408,7.36546,2.31391,28.01513,12.30259,66.98854,9.24208,-44.78219,18.67856,-8.23318,-76.66586,19.11685,8.64538,51.28212,4.66424,571.34401,405.27057,3054.75293,93.89154,0.00044,0.00551,0.01999,-0.01831,0.76801,0.04686,0.89171,0.59408,1.00257,0.06615,1.23290,0.83617,1.76749,0.00185,1.76949,1.75851,-5.04514,1.25989,-2.37516,-9.89013,-1.80358,0.00005,-1.80351,-1.80370,0.01364,0.00004,0.01369,0.01354,-1.79393,0.00006,-1.79385,-1.79413,-1.81322,0.00005,-1.81311,-1.81327,1.69503,0.56551,7.22680,1.01294,0.54412,0.21952,0.98864,0.00676,7.22408,2.35284,24.67272,3.69700
1440,623.6334316730499,11804672,257.27652,3353.92901,179.66459,345.28368,29.13717,249.11627,535.09375,-0.03125,0.23398,0.64513,-0.74088,4.34364,0.87090,6.92730,2.65486,26.14176,11.27945,73.79772,8.67269,-41.36644,16.65459,-10.54618,-75.69289,17.51792,7.18858,42.98591,6.22816,470.00738,358.00994,3247.64380,85.71812,0.00043,0.00483,0.01422,-0.01663,0.76448,0.04552,0.87762,0.59027,0.99804,0.06037,1.21994,0.79549,1.76738,0.00199,1.76935,1.75581,-4.92911,1.19481,-2.05009,-9.94569,-1.80358,0.00003,-1.80352,-1.80363,0.01364,0.00005,0.01374,0.01357,-1.79393,0.00003,-1.79386,-1.79398,-1.81322,0.00006,-1.81313,-1.81330,1.67417,0.57047,7.57451,1.01310,0.57832,0.20100,0.98923,0.05407,7.17276,1.95922,17.63414,3.37113
1450,619.9814517498016,11886592,279.96835,4498.26403,216.08871,342.71864,29.12094,248.02305,533.92188,0.01931,0.33828,0.79621,-0.81807,4.29067,1.01884,7.40131,2.31800,28.53680,11.48398,58.73037,9.21465,-40.82764,18.30485,-8.18825,-79.94332,17.66984,8.89229,51.41485,4.58653,508.45013,390.26900,3232.14795,85.19792,0.00087,0.00482,0.03230,-0.01576,0.76562,0.04599,0.87021,0.61981,1.00716,0.06613,1.29910,0.84739,1.76715,0.00205,1.76923,1.75376,-5.24018,1.42613,-2.73588,-11.30734,-1.80352,0.00003,-1.80347,-1.80359,0.01380,0.00007,0.01390,0.01369,-1.79377,0.00007,-1.79365,-1.79388,-1.81328,0.00004,-1.81321,-1.81334,1.64639,0.71798,9.79374,1.01396,0.60141,0.20171,0.98708,0.02095,7.61517,2.80182,41.87502,3.54854
1460,621.6489086151123,11968512,208.23338,4226.07485,223.25918,343.37184,29.26110,248.83800,481.12500,0.04317,0.26155,0.68928,-0.70112,4.17041,0.98499,7.11428,2.39507,27.16446,10.74818,53.99505,7.13093,-42.41674,18.91261,-9.04749,-83.26526,17.11427,8.62095,49.22399,4.59021,529.95176,440.95890,2963.57886,86.36916,0.00083,0.00387,0.01137,-0.01262,0.76260,0.04404,0.91160,0.61814,1.00810,0.06499,1.20158,0.84360,1.76694,0.00196,1.76900,1.75816,-5.18625,1.27486,-2.52181,-10.34886,-1.80338,0.00004,-1.80334,-1.80347,0.01388,0.00003,0.01394,0.01383,-1.79356,0.00005,-1.79349,-1.79365,-1.81319,0.00004,-1.81314,-1.81330,1.52405,0.45450,5.18869,1.00760,0.65366,0.19213,0.98515,0.02701,7.52933,2.22757,26.21420,3.85929
1470,620.2377743721008,12050432,247.08388,4564.99138,195.89825,342.04875,29.14478,248.93406,477.92188,-0.02157,0.24699,0.92187,-0.64144,4.35667,0.97170,7.42253,2.13827,27.78127,12.34221,61.49681,7.02160,-44.81114,15.96889,-10.71605,-77.14207,18.84709,8.73458,54.98556,4.34765,489.11987,314.63123,2410.48438,106.90984,0.00148,0.00368,0.01806,-0.01055,0.76430,0.04589,0.88299,0.61017,1.00604,0.06286,1.20759,0.84476,1.76663,0.00185,1.76876,1.75767,-5.25414,1.44833,-2.69548,-11.57646,-1.80325,0.00005,-1.80316,-1.80334,0.01387,0.00004,0.01393,0.01380,-1.79344,0.00003,-1.79339,-1.79349,-1.81305,0.00008,-1.81293,-1.81319,1.44031,0.34614,4.38266,1.00866,0.68338,0.18430,0.99138,0.02670,7.49010,2.56795,26.55733,3.59994
1480,621.7035889625549,12132352,322.59308,4337.50763,204.56739,343.56007,29.08357,248.95241,505.50000,0.04845,0.33771,0.86128,-0.89104,4.06064,0.86641,6.72961,2.15301,26.05110,11.16051,68.55588,9.66220,-37.87669,19.12786,-8.04442,-81.04598,16.22840,7.15041,45.33483,4.59887,523.54141,421.02826,4203.36621,83.68205,0.00183,0.00331,0.01347,-0.00985,0.76676,0.04506,0.89245,0.63170,1.00272,0.06000,1.21479,0.81351,1.76627,0.00205,1.76843,1.75575,-5.12836,1.27506,-2.63816,-9.36618,-1.80310,0.00003,-1.80307,-1.80316,0.01382,0.00002,0.01384,0.01378,-1.79333,0.00003,-1.79330,-1.79339,-1.81287,0.00004,-1.81282,-1.81294,1.40718,0.34400,3.67288,1.00655,0.70438,0.17910,0.99061,0.01158,8.19295,4.79215,73.62315,3.62939
1490,621.7715716362,12214272,318.40401,3978.99959,168.33859,344.17632,29.16955,248.33307,586.29688,-0.06740,0.36452,0.85972,-1.02756,4.31786,1.02738,7.59061,2.19289,27.31716,13.04596,67.43658,6.43633,-39.68941,16.88661,-10.94190,-82.91818,19.01029,9.39631,58.03607,4.60509,701.18441,520.83889,4588.76709,69.56224,0.00231,0.00231,0.00879,-0.00823,0.76850,0.04598,0.91996,0.62883,0.99652,0.06372,1.19565,0.81076,1.76597,0.00210,1.76826,1.75525,-5.01560,1.29914,-2.47236,-10.39134,-1.80307,0.00001,-1.80306,-1.80309,0.01377,0.00001,0.01378,0.01375,-1.79334,0.00001,-1.79331,-1.79336,-1.81281,0.00001,-1.81280,-1.81283,1.27914,0.25506,3.28887,1.00399,0.78647,0.16512,0.99463,0.14120,8.01516,2.13438,29.32123,3.91779
