EPOCH,Time Consumed,Total Frames,Running_Average_Rewards,Train_Epoch_Reward,Running_Training_Average_Rewards,Explore_Time,Train___Time,Eval____Time,eval_traj_length,advs/mean_Mean,advs/mean_Std,advs/mean_Max,advs/mean_Min,advs/std_Mean,advs/std_Std,advs/std_Max,advs/std_Min,advs/max_Mean,advs/max_Std,advs/max_Max,advs/max_Min,advs/min_Mean,advs/min_Std,advs/min_Max,advs/min_Min,Training/vf_loss_Mean,Training/vf_loss_Std,Training/vf_loss_Max,Training/vf_loss_Min,grad_norm/vf_Mean,grad_norm/vf_Std,grad_norm/vf_Max,grad_norm/vf_Min,Training/policy_loss_Mean,Training/policy_loss_Std,Training/policy_loss_Max,Training/policy_loss_Min,logprob/mean_Mean,logprob/mean_Std,logprob/mean_Max,logprob/mean_Min,logprob/std_Mean,logprob/std_Std,logprob/std_Max,logprob/std_Min,logprob/max_Mean,logprob/max_Std,logprob/max_Max,logprob/max_Min,logprob/min_Mean,logprob/min_Std,logprob/min_Max,logprob/min_Min,log_std/mean_Mean,log_std/mean_Std,log_std/mean_Max,log_std/mean_Min,log_std/std_Mean,log_std/std_Std,log_std/std_Max,log_std/std_Min,log_std/max_Mean,log_std/max_Std,log_std/max_Max,log_std/max_Min,log_std/min_Mean,log_std/min_Std,log_std/min_Max,log_std/min_Min,ratio/max_Mean,ratio/max_Std,ratio/max_Max,ratio/max_Min,ratio/min_Mean,ratio/min_Std,ratio/min_Max,ratio/min_Min,grad_norm/pf_Mean,grad_norm/pf_Std,grad_norm/pf_Max,grad_norm/pf_Min
0,553.5707092285156,8192,-116.90759,-1011.79640,nan,120.43279,6.32895,417.24197,1000.00000,-2.01200,0.03761,-1.91903,-2.07262,0.45256,0.05145,0.57756,0.38421,-0.49705,0.34572,0.04000,-0.97064,-3.15056,0.10770,-2.91020,-3.31570,3.05543,1.24190,4.44610,0.25193,18.91051,9.21399,36.87445,3.52084,-0.01282,0.00702,0.00654,-0.02605,1.31376,0.04592,1.41639,1.23343,1.00492,0.06245,1.20490,0.90923,2.31949,0.00149,2.32179,2.31343,-4.53919,1.34989,-2.49620,-7.73009,-2.07952,0.00025,-2.07917,-2.08003,0.00060,0.00049,0.00141,0.00000,-2.07909,0.00011,-2.07888,-2.07944,-2.07994,0.00059,-2.07917,-2.08103,1.65054,0.27037,2.43251,1.00138,0.60587,0.10710,0.99816,0.42210,1.91125,1.07347,4.79963,0.24841
10,1592.54248380661,90112,-1.85317,147.03155,-18.48408,1145.92531,32.51309,413.91474,956.71875,-0.07617,0.77374,0.96013,-1.48246,0.45481,0.09582,1.14840,0.36371,1.32565,0.75014,2.73019,-0.08837,-1.97752,2.41867,-0.11415,-15.33615,0.27200,0.23369,2.15398,0.13352,16.26592,18.97824,114.52922,0.11476,-0.01338,0.01079,0.02180,-0.04286,1.31040,0.04557,1.45729,1.14616,1.01019,0.06215,1.19480,0.77133,2.32428,0.00343,2.32926,2.30960,-4.48628,1.22123,-1.63831,-8.61476,-2.08201,0.00146,-2.07982,-2.08377,0.00583,0.00269,0.01050,0.00144,-2.07789,0.00062,-2.07618,-2.07908,-2.08613,0.00333,-2.08108,-2.09103,1.77624,0.42681,3.87521,1.00135,0.56264,0.14374,0.99808,0.14333,4.43905,2.77093,16.83554,0.52011
20,1497.4399228096008,172032,11.22496,320.08211,18.61819,1144.55193,35.05964,317.67584,619.96875,0.50039,0.13725,0.89007,0.13736,1.69912,0.40311,2.86700,0.49451,2.65669,0.61468,5.10167,1.77360,-15.74997,3.29032,-0.99098,-24.32892,3.15814,1.56160,11.62465,0.29914,80.59151,109.05577,1227.41077,2.48920,0.00568,0.00696,0.03774,-0.01188,1.31510,0.04617,1.43376,1.13857,1.01241,0.06697,1.18923,0.83687,2.32578,0.00214,2.32945,2.31481,-4.65312,1.33629,-2.04691,-9.93394,-2.08280,0.00043,-2.08200,-2.08371,0.01170,0.00074,0.01268,0.00993,-2.07453,0.00086,-2.07322,-2.07627,-2.09107,0.00041,-2.09010,-2.09210,1.87713,0.50623,4.19375,1.00576,0.52811,0.15859,0.99419,0.14325,3.47325,1.83382,11.46582,0.62834
30,1586.596361875534,253952,39.62128,961.56345,47.86531,1145.07504,26.68477,414.60638,442.53125,0.42333,0.25583,1.02192,-0.31451,2.10541,0.36916,3.36236,1.16183,4.53417,1.55341,9.54820,2.42499,-19.02091,4.67701,-5.80108,-31.17620,4.44499,1.61973,10.56321,1.58373,145.01310,99.76321,551.18988,10.57017,0.00575,0.00678,0.02947,-0.01115,1.31690,0.04589,1.45786,1.18090,1.00840,0.06575,1.19680,0.82546,2.32152,0.00221,2.32625,2.31045,-4.62725,1.33426,-2.08771,-10.51498,-2.08067,0.00066,-2.07931,-2.08226,0.01199,0.00125,0.01342,0.00968,-2.07219,0.00068,-2.07106,-2.07326,-2.08915,0.00140,-2.08620,-2.09130,1.89238,0.52323,4.95672,1.02299,0.51538,0.15607,0.98478,0.11237,3.72965,1.83978,11.54018,0.58252
40,1592.6437425613403,335872,74.54739,1094.32821,62.30657,1150.36764,26.44434,415.60768,572.84375,0.27289,0.20289,0.79879,-0.37811,2.47999,0.38092,3.73854,1.52455,8.40200,2.38366,15.50809,3.44050,-23.16970,5.91884,-8.31020,-35.91496,6.22638,2.00156,13.47790,2.43542,227.99782,166.08900,950.81848,26.02820,0.00792,0.00748,0.05693,-0.01017,1.29847,0.04289,1.41961,1.16487,1.01483,0.06315,1.19871,0.81710,2.31443,0.00301,2.32097,2.30461,-4.59646,1.34174,-2.36513,-10.29477,-2.07714,0.00117,-2.07475,-2.07945,0.01126,0.00064,0.01233,0.00978,-2.06917,0.00144,-2.06740,-2.07246,-2.08510,0.00104,-2.08197,-2.08683,1.87908,0.49983,4.49492,1.01360,0.51328,0.14238,0.97675,0.15002,4.24699,2.22706,16.21643,0.82583
50,1529.4330599308014,417792,106.10335,1392.84414,64.99098,1139.24926,23.51460,366.49707,495.46875,0.17403,0.21042,0.75197,-0.53804,2.75397,0.47034,4.62934,1.60518,9.45203,3.42844,19.15246,4.10217,-25.26394,7.21798,-8.38453,-40.90922,7.42163,2.48472,15.98235,2.67346,268.29163,179.78173,1008.34772,19.03605,0.00682,0.00739,0.05278,-0.01380,1.29767,0.04446,1.41295,1.11953,1.01466,0.06328,1.27881,0.84730,2.30614,0.00286,2.31141,2.29516,-4.69607,1.35916,-2.15078,-9.87336,-2.07299,0.00110,-2.07091,-2.07473,0.01110,0.00069,0.01251,0.00994,-2.06515,0.00153,-2.06236,-2.06751,-2.08084,0.00074,-2.07938,-2.08195,1.91160,0.54306,5.20358,1.02496,0.50799,0.14381,0.97621,0.11078,4.09760,1.94913,13.38069,1.07840
60,1583.1603281497955,499712,96.31074,1872.99626,89.57591,1140.04944,25.09937,417.93805,434.87500,0.28745,0.23153,0.86349,-0.36639,2.78948,0.39269,4.26513,1.83481,10.57824,3.66140,21.84284,4.14286,-25.34441,7.39946,-9.86363,-44.17844,7.50712,2.16329,18.30395,3.26820,292.48828,197.30292,1174.50208,29.12001,0.00771,0.00731,0.04807,-0.01116,1.29626,0.04391,1.40889,1.17252,1.00690,0.06194,1.25211,0.82652,2.30315,0.00218,2.30701,2.29207,-4.45008,1.18658,-2.03206,-8.63673,-2.07149,0.00054,-2.07051,-2.07249,0.01009,0.00127,0.01215,0.00775,-2.06436,0.00077,-2.06249,-2.06525,-2.07863,0.00127,-2.07610,-2.08019,2.04573,0.60686,6.84653,1.02121,0.46222,0.14008,0.97629,0.07541,4.55188,2.25434,15.51373,0.70318
70,1585.345458984375,581632,97.08200,1738.32175,105.62789,1142.71709,24.21391,418.33352,505.78125,0.52525,0.23716,1.05433,-0.37658,2.84628,0.50148,4.57933,1.79443,10.78588,3.93497,30.10925,5.22159,-28.09573,8.67240,-9.74874,-49.33279,7.57153,2.76449,19.53372,2.70788,315.40709,201.97008,1255.34851,43.54586,0.00858,0.00810,0.04621,-0.01074,1.28605,0.04308,1.40141,1.16444,1.01631,0.05819,1.19273,0.84337,2.29987,0.00245,2.30345,2.28884,-4.65590,1.22470,-2.14197,-8.41049,-2.06987,0.00074,-2.06820,-2.07079,0.00961,0.00070,0.01096,0.00775,-2.06308,0.00117,-2.06082,-2.06520,-2.07667,0.00045,-2.07531,-2.07724,2.16343,0.61261,5.68651,1.02163,0.42416,0.15111,0.97901,0.06111,4.77257,2.29001,13.17293,1.19841
80,1584.84410572052,663552,100.13115,1181.38785,94.49837,1142.50486,23.88580,418.25685,749.15625,0.09530,0.30843,0.82192,-0.63388,2.69725,0.73958,4.57480,0.94064,9.55205,3.22657,19.26167,3.62513,-27.97887,9.25872,-2.11653,-49.91111,6.84847,3.72260,17.77329,0.61447,224.33970,166.61366,1583.72583,23.03875,0.00903,0.01118,0.14723,-0.01291,1.27807,0.04798,1.40475,1.15653,1.01180,0.06216,1.19047,0.84632,2.28848,0.00498,2.29818,2.27498,-4.70168,1.28364,-2.33186,-9.44171,-2.06416,0.00237,-2.05919,-2.06820,0.00987,0.00139,0.01371,0.00829,-2.05718,0.00308,-2.04949,-2.06112,-2.07114,0.00190,-2.06863,-2.07529,2.33826,1.00295,11.63789,1.03191,0.41363,0.15103,0.97738,0.07327,4.47331,2.57272,27.55691,0.87747
90,1590.0028772354126,745472,98.29004,1438.14593,95.48573,1143.95582,23.96941,421.99871,651.09375,0.27530,0.18613,0.92572,-0.16871,2.67073,0.66294,5.25825,1.18200,8.85234,4.03806,25.05768,3.35308,-26.90438,9.01740,-7.10146,-48.96747,6.31947,3.27057,23.00865,1.40624,214.71826,152.39608,1105.62769,14.70876,0.00890,0.00887,0.06938,-0.01371,1.25824,0.04784,1.39433,1.08368,1.01392,0.06618,1.27229,0.83379,2.27474,0.00298,2.27984,2.26062,-4.58462,1.38665,-2.29584,-10.75280,-2.05729,0.00111,-2.05561,-2.05916,0.01711,0.00118,0.01862,0.01374,-2.04519,0.00149,-2.04346,-2.04945,-2.06938,0.00128,-2.06680,-2.07117,2.31508,1.00667,13.54915,1.04820,0.40504,0.15948,0.97068,0.02703,4.56702,1.97282,14.95805,1.07455
100,1604.9883377552032,827392,120.47272,1488.41759,82.54159,1150.71463,24.28217,429.83040,556.75000,-0.04319,0.22929,0.44607,-0.73695,2.75791,0.60049,4.39311,1.22098,9.59560,3.73238,27.16331,2.87450,-27.84048,9.08106,-8.87243,-49.68521,6.80868,2.89626,16.42299,1.13909,228.77808,138.60679,925.93140,34.89130,0.00799,0.00984,0.11786,-0.01462,1.25306,0.04327,1.37449,1.12716,1.01854,0.06191,1.23189,0.81637,2.26818,0.00416,2.27460,2.25457,-4.70100,1.35472,-2.23029,-10.45588,-2.05397,0.00186,-2.05002,-2.05625,0.01850,0.00060,0.01945,0.01658,-2.04089,0.00205,-2.03646,-2.04446,-2.06705,0.00175,-2.06349,-2.06885,2.26311,0.69256,6.94007,1.04721,0.39617,0.14923,0.94258,0.03092,4.31032,2.16587,24.83636,0.97973
110,1624.607064962387,909312,102.46236,1831.27278,86.51225,1155.16171,49.19028,420.16398,472.46875,0.03653,0.32145,0.96214,-0.79094,3.16191,0.71687,5.59997,1.61796,14.40453,7.28635,36.04400,4.07703,-26.85222,8.11308,-8.66552,-48.90247,8.32700,3.75281,25.37700,2.55994,280.37824,167.05536,983.31787,42.60509,0.00912,0.00907,0.05386,-0.01136,1.23537,0.04452,1.36401,1.10155,1.02565,0.06358,1.21586,0.86885,2.25870,0.00206,2.26203,2.24548,-4.84816,1.46000,-2.33188,-11.19759,-2.04925,0.00044,-2.04814,-2.05000,0.02030,0.00079,0.02190,0.01900,-2.03490,0.00066,-2.03341,-2.03644,-2.06361,0.00076,-2.06231,-2.06466,2.34185,1.19682,18.97087,1.02263,0.39758,0.15544,0.97952,0.00447,4.85449,2.24547,14.52984,1.28505
120,1592.7565321922302,991232,118.70722,1540.54203,121.83217,1148.46961,25.51326,418.66646,503.50000,0.33233,0.26439,0.93286,-0.35552,2.88727,0.58963,4.47352,1.53509,11.79372,5.74487,31.28436,4.61516,-26.91856,7.49818,-7.83636,-50.50249,7.07686,2.99767,19.14016,2.03299,238.28309,162.05656,1394.31860,31.49422,0.00659,0.00897,0.10206,-0.01272,1.24447,0.04379,1.36469,1.10768,1.01328,0.06697,1.30342,0.83449,2.25550,0.00228,2.25846,2.24148,-4.61532,1.29583,-2.16279,-9.25051,-2.04762,0.00061,-2.04550,-2.04830,0.02374,0.00151,0.02554,0.02022,-2.03083,0.00149,-2.02767,-2.03400,-2.06440,0.00090,-2.06254,-2.06587,2.07516,0.60925,5.71201,1.02952,0.44584,0.14894,0.97176,0.05971,4.42346,2.01643,16.51929,1.16403
130,1594.7161014080048,1073152,136.82408,2085.52933,92.74604,1150.26373,25.18074,419.08530,554.93750,0.22538,0.35294,0.89070,-0.92927,3.37015,0.69321,6.30053,1.55863,15.26151,6.19135,38.56801,4.58941,-30.61743,9.48075,-8.18358,-53.33699,9.07514,3.95985,26.05989,2.32825,280.33052,179.82259,1409.71460,59.04435,0.00785,0.00919,0.05075,-0.01324,1.22765,0.04707,1.37955,1.07129,1.02031,0.06079,1.22636,0.86077,2.24762,0.00336,2.25330,2.23590,-4.60934,1.02544,-2.38806,-9.51375,-2.04373,0.00139,-2.04169,-2.04579,0.02502,0.00072,0.02612,0.02369,-2.02604,0.00101,-2.02433,-2.02807,-2.06143,0.00184,-2.05862,-2.06370,2.29538,0.76146,6.46311,1.03928,0.39734,0.16279,0.95369,0.02534,4.98507,2.31988,15.14507,1.11426
140,1599.878957748413,1155072,140.97980,1728.59168,124.09380,1155.21689,23.46366,421.00468,632.15625,0.21749,0.26398,0.71055,-0.41972,3.06879,0.66646,4.79102,1.48352,14.05892,5.45443,31.57850,5.12899,-30.35415,10.20491,-6.52736,-52.74503,7.83365,3.39593,20.85061,1.88443,243.07753,123.73622,787.74396,52.41723,0.00766,0.01030,0.08956,-0.01517,1.22128,0.04617,1.34139,1.09172,1.01968,0.06547,1.21654,0.87390,2.24202,0.00301,2.24684,2.23052,-4.73847,1.23266,-2.17933,-9.22103,-2.04100,0.00115,-2.03808,-2.04254,0.02467,0.00089,0.02647,0.02348,-2.02356,0.00173,-2.01973,-2.02571,-2.05845,0.00065,-2.05643,-2.05939,2.26032,0.72413,6.20717,1.04736,0.40304,0.15038,0.96069,0.01389,5.04020,2.67291,31.65149,1.49223
150,1600.485633611679,1236992,143.59814,1948.16480,141.33953,1156.58306,23.42988,420.26235,585.62500,0.13938,0.24662,0.62483,-0.55199,3.24635,0.69994,5.38345,1.76944,15.61097,6.96351,41.09847,5.33174,-31.43831,11.09808,-7.94450,-53.35522,8.56185,4.07567,24.89379,2.26868,319.32663,184.76778,1052.74792,50.27981,0.00661,0.00860,0.03979,-0.01461,1.21146,0.04473,1.33081,1.06064,1.01939,0.05811,1.19877,0.82755,2.22893,0.00475,2.23783,2.21468,-4.78182,1.31258,-2.35716,-9.38535,-2.03435,0.00229,-2.03111,-2.03805,0.02595,0.00075,0.02709,0.02414,-2.01601,0.00204,-2.01243,-2.01972,-2.05270,0.00263,-2.04897,-2.05638,2.22686,0.65948,6.36484,1.02526,0.39682,0.14952,0.97802,0.00445,4.90434,2.22801,15.77560,1.25061
160,1591.9637351036072,1318912,116.00052,1712.25733,110.30931,1150.51211,23.51147,417.86015,465.96875,0.08000,0.27624,0.79508,-0.65818,3.15174,0.59630,5.46557,1.73600,16.91477,6.45925,38.68628,6.35163,-29.35861,10.28392,-6.67278,-53.71544,8.00230,3.25970,20.56125,2.08077,247.64739,173.14400,1602.41614,46.87477,0.00873,0.00943,0.04157,-0.01393,1.19958,0.04736,1.34082,1.05629,1.01875,0.06564,1.26825,0.82001,2.22072,0.00252,2.22444,2.20599,-4.70886,1.37911,-2.39905,-10.74689,-2.03032,0.00060,-2.02935,-2.03123,0.02599,0.00059,0.02735,0.02493,-2.01194,0.00044,-2.01125,-2.01282,-2.04870,0.00094,-2.04729,-2.04999,2.27549,0.66636,5.81983,1.03459,0.40405,0.14934,0.96680,0.03403,5.29354,2.36624,17.17659,1.17986
170,1629.235211133957,1400832,119.70288,2030.79088,107.00388,1196.46373,24.55492,408.13398,453.78125,0.09325,0.26964,0.69217,-0.53780,3.06246,0.65299,5.25142,1.38113,15.71501,6.58803,46.43754,5.36875,-29.16247,10.53529,-7.53207,-59.26587,7.40693,3.24224,27.69040,1.57731,243.22060,164.80998,1562.28137,35.01933,0.00695,0.00929,0.03817,-0.01705,1.20269,0.04427,1.34834,1.04542,1.01328,0.06328,1.25486,0.81096,2.21701,0.00276,2.22154,2.20622,-4.77920,1.38118,-2.26639,-10.38088,-2.02842,0.00104,-2.02660,-2.02976,0.02213,0.00071,0.02494,0.02128,-2.01277,0.00106,-2.01128,-2.01431,-2.04406,0.00124,-2.04190,-2.04730,2.25162,0.79354,11.37328,1.03200,0.40774,0.14449,0.96217,0.01443,4.96569,2.01424,14.78180,1.39673
180,1693.9274451732635,1482752,122.33762,2337.93796,126.29157,1232.25354,51.29578,410.30535,448.25000,0.12339,0.23451,0.66771,-0.50012,3.55503,0.59995,5.52362,2.07677,18.80866,9.15845,56.86987,5.79830,-32.44933,10.10377,-9.89007,-52.04394,9.61015,3.66400,29.25868,3.40300,296.35057,178.08911,1211.27344,68.20997,0.00742,0.00932,0.08111,-0.01077,1.20140,0.04629,1.32744,1.06328,1.00587,0.06103,1.18600,0.86379,2.21348,0.00259,2.21804,2.20084,-4.52851,1.21245,-2.18324,-10.49933,-2.02664,0.00091,-2.02467,-2.02798,0.02130,0.00152,0.02327,0.01796,-2.01158,0.00061,-2.01045,-2.01270,-2.04170,0.00190,-2.03738,-2.04407,2.19881,0.64145,5.18119,1.02611,0.42464,0.15687,0.96982,0.00501,5.34274,2.30316,15.50170,1.17347
190,1599.0339150428772,1564672,145.16573,2174.31432,141.69051,1155.64406,24.20895,419.10656,574.46875,0.37367,0.27225,1.01627,-0.19108,3.39596,0.63706,5.06937,1.83592,18.30287,8.19433,46.37782,5.67089,-30.49930,10.24173,-8.00350,-54.72714,8.95937,3.52140,26.38885,2.90655,270.52343,157.06812,1109.29565,54.82858,0.00695,0.00918,0.05764,-0.01288,1.19253,0.04701,1.31860,1.03504,1.01565,0.06008,1.22002,0.83351,2.20504,0.00339,2.21132,2.19176,-4.63731,1.14471,-2.14235,-9.54094,-2.02244,0.00136,-2.01946,-2.02466,0.01765,0.00056,0.01816,0.01627,-2.00997,0.00133,-2.00680,-2.01198,-2.03492,0.00149,-2.03212,-2.03733,2.15963,0.63112,5.71219,1.02732,0.44774,0.14125,0.96419,0.08092,5.42851,2.36275,15.71710,1.61624
200,1587.6152925491333,1646592,122.14679,2250.16222,105.48635,1155.39382,23.72505,408.39737,465.59375,-0.03795,0.31109,1.04381,-0.81816,3.63781,0.69449,5.87333,1.66194,17.89777,7.60195,45.39198,4.91035,-33.59548,11.13570,-7.38628,-54.01981,10.42258,4.46073,27.33032,2.31790,316.05612,186.75520,1193.70190,40.25714,0.00633,0.00873,0.05056,-0.01540,1.18329,0.04564,1.31823,0.98321,1.01534,0.06136,1.23037,0.83815,2.19992,0.00226,2.20358,2.18837,-4.71131,1.16665,-2.29460,-8.57526,-2.01980,0.00060,-2.01852,-2.02078,0.02005,0.00190,0.02378,0.01699,-2.00562,0.00153,-2.00170,-2.00748,-2.03398,0.00142,-2.03121,-2.03546,2.17383,0.64775,8.57450,1.03267,0.43409,0.14905,0.97281,0.08277,5.55255,2.54153,20.85595,1.52298
210,1596.0269737243652,1728512,124.89370,1792.01402,141.43563,1154.95874,23.46099,417.51357,511.21875,0.30456,0.32905,1.01490,-0.77167,3.34503,0.81346,5.93057,1.74015,19.77997,7.54917,42.70148,4.20861,-29.10162,12.29312,-4.84548,-60.22944,8.65175,5.08464,29.71836,1.74888,247.45657,143.47499,1143.90051,34.36031,0.00617,0.00968,0.05734,-0.01924,1.18122,0.04438,1.29314,1.02136,1.01494,0.06396,1.29120,0.85495,2.19310,0.00322,2.19887,2.18204,-4.66672,1.35833,-1.97050,-10.96359,-2.01647,0.00130,-2.01348,-2.01850,0.02258,0.00088,0.02439,0.02112,-2.00051,0.00089,-1.99753,-2.00170,-2.03243,0.00184,-2.02943,-2.03562,2.21035,0.64786,6.01062,1.03629,0.42283,0.13953,0.95710,0.00968,5.00316,2.33875,17.62240,1.34759
220,1596.5574321746826,1810432,121.76116,1737.29316,102.64661,1154.22175,23.56850,418.68863,559.78125,0.14287,0.22105,0.84227,-0.49741,3.41947,0.74884,5.89717,1.85511,19.28173,9.33197,59.15063,4.92037,-31.69788,9.43011,-10.30049,-60.41848,8.86887,4.27559,25.48431,2.08056,239.09417,140.79959,1128.83167,47.36258,0.00664,0.00946,0.04187,-0.01876,1.16360,0.04588,1.31274,1.01740,1.01796,0.06604,1.23589,0.84979,2.18197,0.00331,2.18855,2.17182,-4.87998,1.29768,-2.45959,-9.41881,-2.01092,0.00130,-2.00930,-2.01344,0.02259,0.00061,0.02346,0.02151,-1.99494,0.00166,-1.99291,-1.99777,-2.02689,0.00100,-2.02564,-2.02940,2.21826,0.68025,5.75283,1.04010,0.42477,0.14586,0.96268,0.05183,4.86192,2.15153,11.90912,1.43777
230,1603.1719858646393,1892352,112.05585,1844.44788,96.04670,1158.73298,26.06926,418.29414,560.15625,0.14710,0.31629,1.05040,-0.59579,3.78398,0.72812,6.13191,2.11142,21.28265,8.24581,43.51694,7.12166,-32.77062,9.38383,-8.57992,-58.48714,10.13568,4.23417,25.56544,2.95071,257.95893,153.32814,1132.62988,48.54288,0.00551,0.00900,0.04705,-0.01458,1.16043,0.04718,1.28619,1.02330,1.01375,0.06340,1.33361,0.84803,2.17673,0.00323,2.18234,2.16154,-4.69886,1.33569,-2.44685,-10.72398,-2.00835,0.00133,-2.00651,-2.01015,0.02463,0.00081,0.02603,0.02284,-1.99094,0.00174,-1.98848,-1.99344,-2.02577,0.00109,-2.02371,-2.02731,2.23830,0.75755,7.32543,1.02436,0.40977,0.15030,0.98251,0.00729,4.70895,2.17001,14.93849,0.93140
240,1595.2451612949371,1974272,113.13036,1514.79225,108.22335,1151.07671,26.19637,417.87396,540.81250,0.19252,0.23887,0.90279,-0.48597,3.22912,0.62448,5.07122,1.43472,18.86025,8.73763,43.68774,5.19810,-30.10665,8.81266,-9.55214,-53.64255,7.80261,3.26588,21.29084,1.53186,213.72224,120.34356,803.41016,45.11393,0.00453,0.00827,0.03474,-0.01965,1.15490,0.04596,1.27901,0.98272,1.01472,0.06577,1.25042,0.84991,2.17269,0.00374,2.17818,2.15976,-4.76919,1.26024,-2.07658,-9.95842,-2.00634,0.00152,-2.00304,-2.00809,0.02624,0.00046,0.02709,0.02465,-1.98778,0.00155,-1.98398,-1.98982,-2.02489,0.00157,-2.02197,-2.02721,2.05788,0.51052,4.64295,1.01583,0.44674,0.13694,0.98288,0.12762,4.16567,1.77768,11.14959,1.30641
250,1593.0408194065094,2056192,109.59274,2044.65711,84.72098,1154.46683,23.65945,414.83207,488.96875,0.08693,0.28159,0.85823,-0.77329,3.58716,0.61273,5.37271,2.05244,19.86933,9.39432,51.31922,6.50277,-31.01602,9.05515,-11.18565,-49.48059,9.56262,3.89565,25.56758,3.42773,265.06398,140.90984,906.48242,75.57021,0.00522,0.00957,0.08030,-0.01498,1.14914,0.04693,1.27418,1.00382,1.00960,0.06125,1.20227,0.83867,2.16257,0.00292,2.16804,2.14885,-4.65683,1.25533,-2.24194,-10.17179,-2.00128,0.00104,-1.99942,-2.00307,0.02774,0.00033,0.02846,0.02700,-1.98166,0.00122,-1.97957,-1.98396,-2.02089,0.00089,-2.01918,-2.02218,2.11260,0.55040,5.11609,1.02919,0.42549,0.14778,0.97695,0.07016,4.46864,2.07454,21.94140,1.10234
260,1585.7094213962555,2138112,125.25283,2326.65180,107.46243,1153.44066,23.53928,408.21223,562.90625,0.09111,0.26345,0.90200,-0.63289,3.27887,0.69463,5.49068,1.75103,20.10554,8.26941,47.06664,4.60001,-29.44702,11.81761,-4.99609,-58.25138,7.82835,3.61418,24.72639,1.97666,275.41710,175.02666,1466.74390,41.03485,0.00477,0.00821,0.04002,-0.01762,1.13791,0.04668,1.29936,0.99614,1.02425,0.06455,1.23749,0.83586,2.15766,0.00236,2.16173,2.14771,-4.84424,1.33644,-2.39293,-9.51697,-1.99884,0.00052,-1.99803,-1.99988,0.02505,0.00146,0.02791,0.02333,-1.98112,0.00128,-1.97914,-1.98291,-2.01655,0.00101,-2.01507,-2.01913,2.17688,0.66887,5.79389,1.03329,0.42265,0.15104,0.95904,0.01372,4.46365,1.95535,12.15206,1.21273
270,1439.7037677764893,2220032,96.30748,2271.38918,110.56593,1148.15881,23.73512,267.72141,326.50000,0.22532,0.28432,1.01928,-0.51721,3.77430,0.77311,5.50618,1.73359,20.62556,7.82137,48.56605,6.26426,-35.59476,11.01120,-7.96138,-60.43175,9.96718,4.88561,30.03023,2.21226,286.12253,197.92804,2348.67969,49.94898,0.00620,0.00938,0.06395,-0.01748,1.13260,0.04442,1.26438,0.99975,1.02294,0.06117,1.22812,0.85181,2.15308,0.00299,2.15910,2.14520,-4.81197,1.23024,-2.44300,-9.60558,-1.99646,0.00117,-1.99491,-1.99857,0.02638,0.00178,0.02927,0.02370,-1.97780,0.00230,-1.97426,-1.98180,-2.01512,0.00078,-2.01377,-2.01625,2.33764,0.76512,8.87490,1.03681,0.38564,0.16183,0.96325,0.01430,5.03808,2.44732,18.94705,1.34316
280,1527.0135324001312,2301952,114.18862,2225.43341,124.85719,1149.65733,23.67028,353.59227,364.62500,0.32553,0.35969,0.96524,-0.70831,3.49529,1.10683,6.74082,1.66348,18.84291,8.09000,44.61798,5.13168,-31.39255,13.13670,-6.46248,-61.47557,9.97610,6.60312,35.78527,1.82559,279.79598,188.62594,1197.69434,35.45154,0.00557,0.00900,0.07379,-0.01985,1.12780,0.04459,1.24536,0.97418,1.01196,0.05907,1.22886,0.85385,2.14459,0.00484,2.15175,2.12596,-4.69771,1.20216,-2.31387,-8.98064,-1.99230,0.00216,-1.98804,-1.99489,0.03038,0.00095,0.03197,0.02899,-1.97082,0.00271,-1.96686,-1.97436,-2.01378,0.00170,-2.00911,-2.01577,2.27764,0.78017,8.32420,1.05373,0.39817,0.15998,0.96755,0.04119,5.16483,2.34133,17.19412,1.17124
290,1739.1419517993927,2383872,152.23658,2637.42454,114.47271,1247.47053,32.14416,459.29592,583.56250,0.13717,0.25017,0.89813,-0.53508,4.09030,0.75314,5.81901,2.26009,20.92025,8.83572,53.38228,6.61654,-37.13995,10.23820,-12.55539,-60.76581,12.44141,5.53596,33.20674,3.73363,320.70053,200.39291,1361.51831,53.61758,0.00760,0.01042,0.05373,-0.01873,1.10682,0.04775,1.24585,0.96689,1.02608,0.06516,1.19275,0.85269,2.13107,0.00424,2.13791,2.11888,-4.83166,1.25756,-2.41911,-9.09612,-1.98548,0.00182,-1.98281,-1.98803,0.02889,0.00086,0.03000,0.02739,-1.96505,0.00127,-1.96283,-1.96701,-2.00591,0.00239,-2.00244,-2.00908,2.56716,2.87455,58.49019,1.03508,0.36681,0.15575,0.93990,0.03972,5.74010,2.54319,15.11182,1.48563
300,1586.085768699646,2465792,138.18709,2596.34675,124.55462,1147.07929,33.29345,405.61773,561.31250,-0.13969,0.26672,0.53621,-0.91367,3.69537,0.79896,6.07281,2.01888,23.27490,10.08127,49.49121,6.56324,-33.92597,12.97980,-9.04255,-59.85242,9.88438,5.08980,34.00758,2.72762,301.61618,190.77001,1183.22852,42.17810,0.00668,0.00991,0.06744,-0.01664,1.10971,0.04372,1.22478,0.97818,1.01329,0.06229,1.24186,0.86600,2.12526,0.00245,2.12879,2.11174,-4.73972,1.24442,-2.37491,-10.38413,-1.98257,0.00060,-1.98096,-1.98345,0.02829,0.00050,0.02907,0.02643,-1.96256,0.00053,-1.96144,-1.96369,-2.00257,0.00083,-1.99977,-2.00354,2.30436,0.79521,8.44707,1.03624,0.38534,0.15707,0.96109,0.02367,5.22409,2.34710,15.45635,1.40063
310,1560.675015449524,2547712,132.37594,1723.85671,133.68623,1147.59790,23.77156,389.19805,447.78125,0.19266,0.20985,0.71814,-0.54418,3.49800,0.74087,6.18521,2.08688,21.34350,8.51644,57.69236,6.14804,-32.16569,12.02252,-10.10231,-56.10268,8.94109,4.25259,27.39520,2.74841,277.46092,131.35706,834.58307,55.60323,0.00510,0.00958,0.05121,-0.01675,1.10062,0.04615,1.22899,0.95718,1.02473,0.06586,1.21865,0.85480,2.12175,0.00200,2.12482,2.11192,-4.98375,1.41792,-2.29711,-11.38999,-1.98082,0.00029,-1.98018,-1.98145,0.02499,0.00080,0.02640,0.02380,-1.96314,0.00069,-1.96151,-1.96404,-1.99849,0.00058,-1.99751,-1.99975,2.32353,0.81467,6.93327,1.03531,0.39067,0.15017,0.95565,0.05263,5.27678,2.30452,15.89398,1.31879
320,1574.1039071083069,2629632,130.24058,2217.50599,130.12012,1149.08440,23.61920,401.26713,453.65625,0.26931,0.27389,1.01079,-0.45556,3.57648,0.69557,5.19890,1.94878,21.04899,8.62697,46.65686,5.24025,-32.87338,11.11427,-9.63522,-60.79754,9.50344,4.17070,26.16539,2.37239,263.01570,142.05742,839.53760,31.69558,0.00464,0.00884,0.04118,-0.01784,1.09606,0.04732,1.23635,0.93332,1.01818,0.06594,1.22838,0.83688,2.11550,0.00271,2.12228,2.10594,-4.81492,1.27702,-2.39512,-8.93030,-1.97766,0.00098,-1.97631,-1.98017,0.02569,0.00114,0.02734,0.02359,-1.95950,0.00056,-1.95873,-1.96150,-1.99583,0.00170,-1.99340,-1.99884,2.31171,0.86805,8.33867,1.03542,0.39825,0.13813,0.97289,0.04633,4.85066,2.04041,14.16398,1.29883
330,1588.0019843578339,2711552,117.04625,1692.14596,126.71008,1145.34496,23.64152,418.91224,604.46875,0.21402,0.34348,0.88887,-0.93747,3.21430,0.73061,5.39665,1.80818,19.29100,8.15303,41.16040,6.22172,-29.95622,12.62165,-7.54213,-60.11447,7.19595,4.05008,29.57240,2.15610,215.87912,140.38299,1288.48657,43.69413,0.00611,0.00997,0.06323,-0.01593,1.09225,0.04665,1.20004,0.94348,1.01912,0.06545,1.29049,0.86952,2.10916,0.00271,2.11453,2.09992,-4.85263,1.29588,-2.35147,-10.34184,-1.97452,0.00097,-1.97226,-1.97629,0.02680,0.00109,0.02844,0.02439,-1.95557,0.00171,-1.95255,-1.95904,-1.99347,0.00040,-1.99198,-1.99446,2.33826,0.78995,8.08321,1.02258,0.37804,0.15606,0.97924,0.01575,5.03350,2.39779,22.21136,1.43485
340,1587.5438261032104,2793472,104.73172,1842.72581,130.66722,1144.59018,23.81197,419.05895,530.68750,0.21178,0.26280,0.94408,-0.70068,3.38184,0.79280,6.01818,1.77920,18.78053,9.47885,51.42505,5.51724,-32.28157,11.01424,-11.15931,-60.19199,8.42411,4.24389,28.96532,1.85897,263.44930,192.35734,1372.62256,31.81654,0.00571,0.01095,0.08546,-0.01549,1.08348,0.04686,1.20348,0.95813,1.01820,0.06541,1.20585,0.85724,2.09980,0.00310,2.10602,2.08379,-4.86506,1.21180,-2.32424,-8.85355,-1.96985,0.00116,-1.96741,-1.97224,0.02823,0.00044,0.02895,0.02736,-1.94989,0.00138,-1.94721,-1.95253,-1.98982,0.00097,-1.98761,-1.99196,2.43535,0.88593,8.56895,1.06034,0.35560,0.15808,0.96371,0.00550,4.88612,2.18019,16.26047,1.45389
350,1591.178689956665,2875392,141.57024,1231.30277,118.67736,1142.24026,30.21223,418.59794,603.81250,0.12336,0.16986,0.49239,-0.34453,2.87425,0.63784,4.74418,1.34215,19.49398,9.86741,53.94582,3.62253,-26.97692,11.43917,-5.08934,-60.06599,5.74291,2.83758,21.18678,1.20278,176.38482,105.56468,803.67432,35.72289,0.00438,0.00926,0.03067,-0.01766,1.08363,0.04430,1.18576,0.96469,1.00748,0.06316,1.21503,0.84532,2.08895,0.00352,2.09675,2.07612,-4.78953,1.27244,-2.20661,-10.92550,-1.96439,0.00153,-1.96180,-1.96740,0.02657,0.00112,0.02855,0.02453,-1.94560,0.00080,-1.94399,-1.94721,-1.98318,0.00230,-1.97924,-1.98759,2.33469,0.75440,6.15969,1.04725,0.38871,0.16233,0.96597,0.00943,4.69430,2.04127,17.05605,1.41506
360,1583.3297431468964,2957312,114.15710,2014.16739,118.66501,1141.68624,24.17404,417.35939,625.15625,-0.03129,0.18966,0.49768,-0.51812,3.13644,0.61109,4.95429,1.68316,17.53495,8.38286,46.89729,4.75801,-29.68890,11.20780,-10.24798,-63.46888,7.41138,3.20336,22.22897,2.07812,232.81096,148.58476,1287.73071,39.33162,0.00586,0.01015,0.06102,-0.02029,1.06198,0.04723,1.18902,0.91058,1.02516,0.06678,1.23149,0.84128,2.07884,0.00316,2.08604,2.06583,-5.04416,1.50184,-2.22247,-13.55088,-1.95928,0.00126,-1.95783,-1.96198,0.02495,0.00070,0.02591,0.02362,-1.94164,0.00162,-1.93991,-1.94481,-1.97692,0.00104,-1.97513,-1.97929,2.43977,0.94998,10.87406,1.05957,0.37921,0.15267,0.95566,0.06251,5.02837,2.34028,14.54517,1.22621
370,1584.161435842514,3039232,149.70511,2544.30057,126.08369,1141.40470,23.68701,418.97549,579.75000,0.12637,0.26345,0.94710,-0.55069,3.88781,0.80750,6.62321,2.45384,26.02807,11.13081,71.40264,5.50105,-32.60772,12.19782,-11.15513,-71.89870,10.14883,5.00221,39.42931,3.26008,282.04252,203.56239,1868.08301,56.29324,0.00558,0.01089,0.06467,-0.01634,1.05808,0.04540,1.18691,0.92408,1.02184,0.06548,1.22340,0.84620,2.07341,0.00267,2.07776,2.05881,-5.01057,1.35003,-2.27742,-10.15195,-1.95658,0.00088,-1.95508,-1.95788,0.02503,0.00053,0.02638,0.02419,-1.93888,0.00112,-1.93662,-1.94061,-1.97428,0.00075,-1.97309,-1.97541,2.38821,1.02129,9.82819,1.02615,0.38045,0.16197,0.95716,0.04811,5.20593,2.28993,16.60171,1.41911
380,1585.03191280365,3121152,153.33118,1880.20162,105.33888,1143.06044,23.62862,418.12851,620.37500,0.27960,0.27937,0.90240,-0.69285,3.41022,0.71891,6.05234,1.89488,20.14694,8.34791,61.65521,6.48546,-29.75717,12.12675,-6.99562,-59.36592,8.18183,3.95960,34.90897,2.34962,262.28881,151.40960,871.93921,31.64048,0.00523,0.00982,0.04432,-0.01652,1.05535,0.04177,1.18807,0.92465,1.01774,0.06487,1.23019,0.84631,2.06785,0.00270,2.07353,2.05474,-4.86720,1.44162,-2.12008,-12.70270,-1.95385,0.00085,-1.95247,-1.95576,0.02405,0.00029,0.02455,0.02353,-1.93685,0.00071,-1.93542,-1.93846,-1.97086,0.00101,-1.96948,-1.97309,2.34669,0.79241,7.40016,1.03922,0.36915,0.15655,0.95128,0.03809,4.98856,2.11835,15.04376,1.40548
390,1586.4280619621277,3203072,167.69165,2122.40833,130.65896,1143.25720,23.70397,419.30306,468.59375,0.34946,0.23221,1.17037,-0.61945,3.54273,0.79915,6.71044,2.07519,20.81046,10.61831,64.57092,5.24141,-32.91369,14.01179,-8.96957,-65.86620,8.85832,4.43565,34.92920,2.42173,254.44127,152.04344,1094.88672,42.67308,0.00680,0.01133,0.06204,-0.01665,1.04138,0.04231,1.15081,0.93353,1.02154,0.06327,1.24720,0.86939,2.06005,0.00299,2.06691,2.04611,-4.97588,1.55931,-2.30342,-14.14958,-1.94992,0.00123,-1.94743,-1.95253,0.02503,0.00055,0.02615,0.02414,-1.93221,0.00141,-1.92965,-1.93545,-1.96762,0.00115,-1.96516,-1.96972,2.47763,0.97342,10.35511,1.09819,0.35355,0.15440,0.93331,0.00407,5.73532,2.79056,33.50393,1.82845
400,1598.3142621517181,3284992,128.88420,2253.26120,120.00385,1144.21871,23.92893,430.04834,514.06250,0.20388,0.22472,0.83677,-0.60112,3.61682,0.69538,6.13489,2.20067,23.11776,10.73596,62.28026,6.30994,-31.33859,12.17209,-9.17649,-63.73702,9.10648,4.07797,30.20126,3.15027,259.54416,127.35444,1083.35010,66.33064,0.00642,0.01015,0.04013,-0.01503,1.03259,0.04486,1.18515,0.90314,1.02198,0.06541,1.21625,0.83433,2.04955,0.00373,2.05701,2.03729,-4.89407,1.18469,-2.25426,-8.90163,-1.94468,0.00163,-1.94193,-1.94746,0.02338,0.00072,0.02520,0.02260,-1.92815,0.00139,-1.92497,-1.92970,-1.96121,0.00198,-1.95887,-1.96525,2.42684,0.92722,10.34620,1.04389,0.35519,0.15883,0.96891,0.01363,5.66870,2.52815,17.68901,1.78121
410,1526.7916285991669,3366912,127.36701,2650.47464,116.04665,1154.09397,25.96487,346.62340,416.43750,0.01812,0.22566,0.56761,-0.72175,3.67114,0.70933,6.09061,2.00301,21.30486,10.54783,59.15004,5.11373,-36.29225,12.83584,-11.20620,-63.86061,9.76097,4.58325,35.90807,2.84062,211.48344,100.80993,874.89722,47.14877,0.00530,0.00980,0.06295,-0.01609,1.01990,0.04883,1.17282,0.83337,1.01861,0.06905,1.28974,0.84624,2.03494,0.00536,2.04548,2.01953,-4.97539,1.31075,-2.09745,-10.39929,-1.93742,0.00234,-1.93428,-1.94191,0.02232,0.00059,0.02398,0.02126,-1.92164,0.00209,-1.91825,-1.92499,-1.95320,0.00264,-1.95022,-1.95887,2.38557,0.95911,13.26079,1.03825,0.37220,0.15643,0.94633,0.02839,4.81895,2.11120,13.76408,1.36920
420,1579.1921079158783,3448832,135.72718,2626.34246,137.02983,1141.73358,24.17675,413.18728,460.50000,-0.02591,0.23254,0.85091,-0.80758,3.39963,1.01013,6.48621,1.75522,19.23479,8.91990,42.22347,5.79450,-31.14894,15.42836,-8.33834,-66.06248,8.28416,5.07976,37.28938,1.72539,219.87159,140.03411,968.14636,33.43053,0.00546,0.00948,0.04304,-0.01854,1.01095,0.04557,1.15106,0.87525,1.01829,0.06545,1.22515,0.83116,2.02829,0.00205,2.03153,2.01813,-5.00601,1.26873,-2.73052,-10.73816,-1.93400,0.00047,-1.93293,-1.93476,0.02356,0.00035,0.02415,0.02265,-1.91734,0.00059,-1.91592,-1.91835,-1.95066,0.00046,-1.94985,-1.95158,2.31250,0.77283,9.80869,1.02549,0.39825,0.15600,0.97201,0.05881,5.12638,2.14311,13.08593,1.45693
430,1585.7286803722382,3530752,158.57585,2740.61850,142.40154,1142.97052,23.95730,418.69159,567.37500,-0.11670,0.21323,0.53888,-0.83423,4.04496,0.87476,6.87731,2.21647,24.22071,9.34014,49.56133,6.66515,-39.56687,13.30873,-9.79398,-70.91392,11.00748,5.30676,41.20952,3.69418,295.95834,166.58105,996.47870,52.32284,0.00725,0.01074,0.05263,-0.01527,1.00445,0.04527,1.13245,0.86867,1.02249,0.06274,1.28193,0.83420,2.02409,0.00229,2.02755,2.00071,-4.90715,1.32509,-2.59477,-10.45592,-1.93195,0.00039,-1.93103,-1.93291,0.02259,0.00091,0.02408,0.02125,-1.91597,0.00045,-1.91522,-1.91658,-1.94792,0.00096,-1.94656,-1.94992,2.49267,0.86652,7.32981,1.02323,0.34544,0.16241,0.97746,0.03314,5.70288,2.56056,19.05313,1.58824
440,1584.5572016239166,3612672,132.38240,2357.47827,128.61825,1142.26628,23.92125,418.25390,503.53125,-0.05120,0.27623,0.79133,-0.89652,3.81925,0.78000,7.12694,2.16375,22.72844,9.58023,53.57277,7.55938,-35.68695,13.19831,-10.49571,-68.19114,10.45478,5.25982,31.42968,2.92723,270.95360,215.99550,1946.41553,45.79875,0.00385,0.00926,0.03522,-0.01816,1.00482,0.04508,1.12821,0.81510,1.01568,0.06130,1.22435,0.85522,2.01855,0.00318,2.02402,2.00266,-4.90012,1.22117,-2.59724,-9.52570,-1.92915,0.00136,-1.92640,-1.93103,0.02350,0.00102,0.02598,0.02201,-1.91253,0.00205,-1.90818,-1.91546,-1.94577,0.00074,-1.94434,-1.94673,2.16763,0.58856,5.52353,1.03642,0.41926,0.15643,0.95987,0.07721,5.03066,2.30871,16.69492,1.39176
450,1564.9497282505035,3694592,135.71389,2629.52170,122.68850,1142.68174,23.84336,398.32040,470.43750,0.09543,0.24692,0.68111,-0.54175,3.38644,0.65634,6.00621,1.88975,20.77605,10.14709,59.81461,7.06016,-32.75558,12.62108,-6.75884,-63.12161,7.84685,3.78313,33.23417,2.25882,209.28053,113.28482,912.94873,34.60657,0.00457,0.01012,0.05066,-0.01479,0.99566,0.04464,1.12166,0.83730,1.01523,0.05923,1.21723,0.82311,2.01316,0.00221,2.01589,2.00094,-4.83873,1.31057,-2.57535,-10.60918,-1.92650,0.00040,-1.92552,-1.92693,0.02598,0.00036,0.02669,0.02519,-1.90813,0.00048,-1.90726,-1.90893,-1.94487,0.00047,-1.94334,-1.94549,2.20279,0.71836,7.04271,1.04596,0.40494,0.14818,0.95104,0.03802,5.22810,2.34444,17.82331,1.51092
460,1567.1998777389526,3776512,132.57948,2359.02619,136.95946,1144.94748,23.91892,398.25720,470.25000,0.18388,0.29172,1.07185,-0.53267,3.44031,0.71316,5.53712,1.64957,24.17891,10.72220,59.72906,5.58284,-29.76346,14.23803,-7.57953,-61.26727,7.86334,3.89703,29.85243,1.65915,188.75581,96.19083,736.37488,40.39156,0.00477,0.01079,0.09473,-0.01935,0.99770,0.04304,1.11310,0.89090,1.01575,0.06310,1.20081,0.84113,2.01149,0.00196,2.01433,2.00096,-4.92044,1.25320,-2.53590,-10.07448,-1.92569,0.00026,-1.92516,-1.92615,0.02661,0.00068,0.02741,0.02516,-1.90687,0.00039,-1.90629,-1.90771,-1.94450,0.00066,-1.94297,-1.94539,2.33269,0.89396,9.01253,1.04629,0.39369,0.15895,0.95870,0.05679,5.22483,2.29328,15.73557,1.62277
470,1511.4576454162598,3858432,144.36511,2256.88755,118.88079,1146.26399,23.67339,341.40871,473.15625,-0.00753,0.21641,0.46585,-0.70318,3.67638,0.75494,6.11887,1.91934,21.54250,9.32132,49.20102,4.92983,-35.93000,13.53830,-9.57235,-66.21805,9.38775,4.54345,32.42792,2.99829,234.30676,119.21323,859.14984,38.39910,0.00478,0.01043,0.05399,-0.01578,0.99108,0.04542,1.11226,0.84837,1.01584,0.06074,1.21721,0.85364,2.00696,0.00305,2.01342,1.99676,-4.85167,1.11803,-2.44101,-8.92084,-1.92342,0.00110,-1.92215,-1.92577,0.02718,0.00083,0.02827,0.02547,-1.90420,0.00100,-1.90259,-1.90665,-1.94264,0.00145,-1.94016,-1.94492,2.26894,0.68706,6.63773,1.03385,0.38913,0.15226,0.97299,0.02308,5.08762,2.18324,16.58323,1.14046
480,1492.6495761871338,3940352,150.17398,3042.91690,145.21514,1148.04330,23.71006,320.80118,430.87500,0.10114,0.22851,0.71021,-0.58959,3.57520,0.54907,5.95852,2.13627,26.48312,11.01182,60.10451,6.11141,-30.29832,10.90078,-9.68636,-60.04383,8.54236,3.28497,26.80065,3.25950,222.35206,127.92037,1086.43115,41.35531,0.00425,0.00910,0.04377,-0.01907,0.98507,0.04570,1.13436,0.84576,1.01342,0.06359,1.18304,0.84878,2.00017,0.00320,2.00637,1.98663,-4.97248,1.25036,-2.59117,-9.82016,-1.92002,0.00118,-1.91812,-1.92219,0.02493,0.00064,0.02581,0.02381,-1.90239,0.00150,-1.90053,-1.90494,-1.93765,0.00098,-1.93572,-1.94015,2.35980,1.27703,22.45805,1.06461,0.38880,0.15239,0.93314,0.07129,5.13577,2.18002,15.51759,1.57094
490,1590.464586019516,4022272,124.58148,2619.20831,150.21629,1148.46899,23.49498,418.41518,455.71875,0.18912,0.36409,0.96987,-0.93234,4.02768,0.90099,6.41714,2.17218,26.33580,10.79931,55.23208,5.68839,-33.63171,14.04261,-9.31094,-67.28448,10.50683,5.40484,36.75899,2.78885,279.59228,174.96702,1412.33887,53.99904,0.00437,0.00996,0.04275,-0.01894,0.98054,0.04443,1.11443,0.82651,1.01700,0.06003,1.21318,0.87517,1.99684,0.00199,2.00037,1.98737,-4.90902,1.15169,-2.58854,-10.74185,-1.91829,0.00037,-1.91782,-1.91927,0.02544,0.00055,0.02695,0.02447,-1.90030,0.00049,-1.89949,-1.90120,-1.93627,0.00059,-1.93552,-1.93832,2.36663,0.94920,7.54874,1.04394,0.38173,0.15654,0.94876,0.02699,5.52021,2.22633,15.89280,1.35492
500,1572.459513425827,4104192,154.10475,2156.30913,132.72469,1145.55454,23.65231,403.17568,508.65625,0.21113,0.24025,0.92517,-0.55639,3.28232,0.71741,5.63739,1.66400,21.07692,10.83779,65.68912,5.67998,-32.03231,12.71870,-8.92281,-64.78844,7.28051,3.96918,24.82778,1.76542,191.25212,108.88518,796.81128,39.30394,0.00532,0.01019,0.05426,-0.01757,0.97627,0.04428,1.08672,0.84901,1.01660,0.06599,1.22885,0.82438,1.99510,0.00313,2.00070,1.98091,-4.91170,1.29609,-2.46022,-10.46966,-1.91748,0.00123,-1.91534,-1.91935,0.02569,0.00082,0.02719,0.02417,-1.89931,0.00071,-1.89802,-1.90026,-1.93565,0.00178,-1.93243,-1.93858,2.42448,1.07193,14.34966,1.04011,0.35540,0.16277,0.97318,0.01567,5.38977,2.39191,17.96363,1.58389
510,1588.929404258728,4186112,179.58748,2960.54685,118.27480,1146.83478,23.53548,418.40930,652.12500,0.14280,0.22805,0.81975,-0.60398,3.96764,0.93860,7.28523,2.29863,24.97092,9.58980,61.25603,6.17218,-37.59672,15.00613,-7.12450,-67.33619,10.62575,6.21185,41.41967,2.69154,257.40594,135.11274,962.96686,55.75906,0.00529,0.00977,0.04239,-0.02009,0.96890,0.04734,1.08403,0.81520,1.01711,0.06256,1.22648,0.87853,1.98590,0.00493,1.99273,1.96990,-4.91101,1.20381,-2.39214,-9.04571,-1.91287,0.00223,-1.90937,-1.91535,0.02181,0.00096,0.02416,0.02060,-1.89744,0.00179,-1.89469,-1.89994,-1.92829,0.00277,-1.92405,-1.93242,2.45615,1.83972,31.63125,1.03139,0.36638,0.16208,0.95988,0.00136,5.34246,2.15385,13.34896,1.65813
520,1583.3693783283234,4268032,150.46490,1903.89766,126.99355,1145.54999,23.46764,414.27099,546.62500,0.10941,0.19625,0.57761,-0.42605,3.24934,0.92716,5.88696,1.52036,20.64542,12.75601,53.88340,5.00564,-31.60735,14.37795,-5.98200,-68.78791,7.11574,4.54475,29.87126,1.33455,206.25948,123.52677,763.20294,34.86163,0.00359,0.00969,0.05693,-0.01893,0.95652,0.04311,1.06612,0.82957,1.01518,0.05887,1.19144,0.82952,1.97534,0.00220,1.98076,1.96646,-5.02674,1.31266,-2.49231,-10.39328,-1.90757,0.00064,-1.90671,-1.90936,0.01964,0.00073,0.02091,0.01836,-1.89368,0.00044,-1.89245,-1.89467,-1.92146,0.00107,-1.92023,-1.92405,2.23080,0.79753,8.14747,1.04881,0.40534,0.15119,0.94459,0.04153,4.95872,2.15709,15.94839,1.62959
530,1591.5206005573273,4349952,127.17854,2541.91418,160.10519,1148.26501,23.58777,419.59287,438.50000,0.14627,0.25714,1.23179,-0.58849,3.57681,0.97591,6.85176,1.87954,22.98546,11.78331,69.28525,4.50321,-32.55627,14.65269,-7.88628,-67.10610,9.01720,5.91432,38.49118,2.21995,226.54034,157.13748,1330.31372,38.07763,0.00338,0.00991,0.04862,-0.01933,0.96243,0.04421,1.08425,0.82273,1.01211,0.06631,1.20626,0.84753,1.97255,0.00284,1.97769,1.96344,-5.00853,1.33382,-2.66879,-10.92025,-1.90616,0.00110,-1.90449,-1.90782,0.02095,0.00052,0.02216,0.02003,-1.89135,0.00092,-1.88987,-1.89298,-1.92098,0.00136,-1.91901,-1.92312,2.29721,0.82582,9.36877,1.05864,0.37543,0.17057,0.95486,0.00455,5.01730,2.04171,12.27423,1.57405
540,1594.0697236061096,4431872,137.68383,2648.16226,120.70531,1150.14939,23.59295,420.25430,407.75000,0.20632,0.30956,0.92594,-1.00554,3.90146,0.81707,6.53751,2.31999,25.25232,11.31300,63.63859,5.28168,-36.19366,13.72728,-10.07260,-66.31674,10.46608,5.47395,35.28296,2.72685,261.35565,187.86549,1450.36157,52.51637,0.00473,0.00970,0.04302,-0.01774,0.94895,0.04733,1.07500,0.78667,1.01493,0.06417,1.21091,0.86045,1.96568,0.00248,1.97081,1.95331,-4.91538,1.19891,-2.56265,-8.95254,-1.90278,0.00077,-1.90176,-1.90450,0.02168,0.00078,0.02308,0.02067,-1.88745,0.00091,-1.88655,-1.88986,-1.91811,0.00097,-1.91651,-1.91919,2.53000,1.54710,21.17124,1.03147,0.34703,0.16548,0.97449,0.00925,5.37650,2.17549,16.75387,1.71654
550,1595.7120079994202,4513792,172.68596,2438.83655,164.70524,1151.93559,23.54687,420.15615,483.65625,0.02875,0.25954,0.77742,-0.61111,4.20245,0.77886,6.60215,2.17548,27.91676,11.55993,71.63784,6.88112,-37.93700,14.12555,-10.43205,-67.38450,12.18756,5.71892,37.71425,3.52374,247.06535,116.07333,879.62085,49.65365,0.00616,0.01027,0.04404,-0.01567,0.94003,0.04728,1.13790,0.80611,1.02328,0.06815,1.21619,0.82877,1.95932,0.00298,1.96533,1.94271,-5.08690,1.31348,-2.49180,-11.25482,-1.89957,0.00113,-1.89740,-1.90175,0.02045,0.00079,0.02163,0.01924,-1.88512,0.00095,-1.88273,-1.88676,-1.91403,0.00151,-1.91182,-1.91674,2.50675,0.79226,6.90345,1.06646,0.34188,0.15372,0.93198,0.03829,5.71098,2.38687,26.05366,1.85450
560,1594.6040079593658,4595712,175.23290,3481.19381,150.54374,1150.65758,23.57354,420.30014,438.59375,-0.02032,0.26126,0.85287,-0.99777,4.15293,0.85835,6.58563,2.30593,29.44667,11.62304,67.53973,8.45009,-37.19737,14.50895,-9.92823,-70.33402,11.65363,6.05240,42.94450,3.55066,279.29275,158.02988,1204.73267,63.00338,0.00486,0.01038,0.06559,-0.02020,0.93118,0.05111,1.07217,0.75373,1.02477,0.06774,1.23385,0.83533,1.95255,0.00282,1.95703,1.93549,-5.11265,1.45579,-2.46581,-12.62570,-1.89623,0.00084,-1.89495,-1.89760,0.01951,0.00041,0.02037,0.01862,-1.88243,0.00076,-1.88090,-1.88371,-1.91002,0.00101,-1.90860,-1.91179,2.37813,0.78977,8.80637,1.05185,0.36733,0.15770,0.91605,0.00867,5.83916,2.42960,18.18518,1.82257
570,1594.601998090744,4677632,172.15241,3454.81800,130.76226,1150.14929,23.57797,420.79619,424.25000,0.05974,0.31697,0.77779,-0.65461,3.71651,0.85250,6.25721,1.88466,25.86854,12.34635,66.73270,6.50843,-33.85967,13.92574,-6.71648,-67.22147,9.18595,4.97213,28.19880,2.09017,246.63670,151.42215,1249.40149,35.19955,0.00404,0.00958,0.06238,-0.01999,0.93426,0.04310,1.06793,0.79967,1.01748,0.06420,1.20461,0.85427,1.95286,0.00202,1.95593,1.94295,-5.07223,1.42727,-2.50946,-10.76990,-1.89634,0.00034,-1.89531,-1.89697,0.01971,0.00052,0.02095,0.01909,-1.88240,0.00044,-1.88096,-1.88294,-1.91028,0.00055,-1.90910,-1.91178,2.32216,0.81054,8.82625,1.04408,0.38128,0.16368,0.95159,0.00087,5.63619,2.36014,18.06507,1.33218
580,1594.137942314148,4759552,127.72481,2664.16534,142.54703,1151.50639,23.53002,419.02698,417.00000,0.04508,0.32239,1.03864,-0.82931,4.03783,0.69791,6.66047,2.44646,26.80470,9.98278,55.27495,9.07407,-38.24108,14.45376,-9.59593,-65.69604,10.83043,5.18246,37.01046,3.02545,268.97750,138.05613,1299.45459,57.80465,0.00594,0.01158,0.07243,-0.01654,0.93511,0.04642,1.07119,0.76584,1.01449,0.06246,1.21005,0.85049,1.94921,0.00249,1.95355,1.93999,-4.95819,1.33669,-2.45655,-10.97592,-1.89457,0.00070,-1.89342,-1.89578,0.02002,0.00097,0.02138,0.01865,-1.88041,0.00030,-1.87983,-1.88105,-1.90872,0.00135,-1.90701,-1.91078,2.61831,1.30021,15.96327,1.05103,0.34908,0.17058,0.94946,0.00509,5.73056,2.26315,15.29340,1.58962
590,1597.1703889369965,4841472,175.30864,3029.92603,171.81997,1153.69844,23.49716,419.89360,453.46875,0.17198,0.30836,1.06294,-0.78471,4.23493,0.75680,6.74216,2.56313,28.90141,10.39665,61.12531,4.72114,-37.08660,13.45538,-9.17309,-72.28043,12.38563,5.93339,37.70059,3.48690,284.26503,147.99446,1278.97656,59.03341,0.00661,0.01091,0.04572,-0.01694,0.92100,0.04802,1.08614,0.77927,1.02837,0.06353,1.24039,0.85512,1.94451,0.00279,1.94885,1.93053,-5.12371,1.40624,-2.32911,-10.64264,-1.89222,0.00084,-1.89058,-1.89340,0.01690,0.00129,0.01922,0.01483,-1.88028,0.00038,-1.87974,-1.88113,-1.90417,0.00171,-1.90107,-1.90699,2.49394,0.96872,11.29158,1.02851,0.35661,0.15221,0.96123,0.02402,6.30793,2.58590,17.95760,1.99883
600,1598.1029632091522,4923392,156.77133,3728.80177,160.58620,1152.78754,23.58326,421.65828,449.09375,0.16414,0.23755,0.69135,-0.79397,4.21556,0.85359,6.86708,1.93106,27.98664,10.80619,60.63913,6.85288,-37.85660,13.80729,-7.97126,-68.04627,12.49256,5.98954,41.11140,2.92361,240.45051,117.12759,878.81531,47.15841,0.00493,0.00970,0.03992,-0.01836,0.92184,0.04427,1.04787,0.78675,1.01531,0.06373,1.32187,0.81653,1.93592,0.00309,1.94284,1.92404,-5.09276,1.43865,-2.64845,-14.12318,-1.88791,0.00116,-1.88647,-1.89060,0.01419,0.00071,0.01541,0.01319,-1.87788,0.00083,-1.87681,-1.88012,-1.89794,0.00159,-1.89598,-1.90108,2.39667,1.24890,17.66789,1.04227,0.36503,0.16403,0.94980,0.00086,5.87647,2.24822,15.16854,1.76209
610,1559.8071184158325,5005312,168.40584,3660.58481,179.13758,1151.57643,23.55327,384.58443,452.59375,0.07929,0.28116,0.73658,-1.00623,4.17668,0.95040,7.15795,2.11510,30.80847,12.01552,67.70145,8.08028,-36.07309,15.47249,-7.97914,-66.95078,11.85516,6.35934,47.15915,3.00504,285.89572,170.49966,1035.78882,40.66590,0.00447,0.00953,0.04063,-0.01614,0.91399,0.04402,1.03513,0.76255,1.01364,0.05861,1.23458,0.82347,1.93064,0.00242,1.93481,1.91580,-4.93211,1.22877,-2.83851,-9.73390,-1.88532,0.00053,-1.88451,-1.88648,0.01389,0.00047,0.01523,0.01326,-1.87550,0.00080,-1.87374,-1.87695,-1.89514,0.00039,-1.89454,-1.89604,2.37988,1.17153,16.42467,1.03656,0.37714,0.16784,0.94491,0.00079,5.67644,2.36957,15.89956,1.54765
620,1598.1922426223755,5087232,177.29899,2631.71212,152.97946,1153.40226,23.47829,420.06873,467.71875,0.11104,0.37322,1.03970,-0.93584,4.52438,1.19881,8.93685,2.36483,30.69551,12.24898,65.13306,10.05478,-40.44363,15.34062,-9.55123,-72.80488,14.51324,9.72579,67.90211,3.09683,357.16670,195.59159,1414.88147,54.59599,0.00606,0.01053,0.04975,-0.02067,0.90731,0.04581,1.02546,0.79127,1.02756,0.06682,1.24443,0.83758,1.92721,0.00222,1.93121,1.91824,-5.17933,1.36618,-2.31620,-12.97980,-1.88356,0.00046,-1.88288,-1.88457,0.01540,0.00069,0.01637,0.01375,-1.87267,0.00065,-1.87153,-1.87388,-1.89444,0.00069,-1.89276,-1.89533,2.40488,1.01815,13.67100,1.03368,0.36494,0.17142,0.97621,0.02798,6.17783,2.69191,17.76910,1.60054
630,1595.9559206962585,5169152,206.29234,2684.47091,175.11502,1151.39404,23.42788,420.94653,515.81250,0.17826,0.33594,1.05289,-0.88017,4.23148,0.88506,6.72437,2.13830,27.75663,10.89669,56.44931,4.68199,-39.25036,14.77124,-11.05866,-72.84031,11.69496,6.41077,44.70747,2.26106,254.82928,138.42902,1006.97192,56.66943,0.00503,0.01275,0.17075,-0.02073,0.90384,0.04194,1.02898,0.77587,1.01752,0.06326,1.20961,0.86025,1.92259,0.00280,1.92818,1.91258,-5.10634,1.52167,-2.47746,-11.60137,-1.88120,0.00109,-1.87956,-1.88310,0.01413,0.00041,0.01496,0.01353,-1.87121,0.00100,-1.86972,-1.87340,-1.89119,0.00125,-1.88937,-1.89281,2.37762,0.86753,7.97519,1.05068,0.37176,0.15786,0.97032,0.03562,6.24409,3.71686,67.23255,1.77676
640,1596.0613827705383,5251072,161.33500,3735.90597,156.01840,1150.68262,23.47154,421.83190,425.87500,0.06206,0.27424,0.80849,-0.74501,4.03379,0.90360,6.67141,2.06598,24.58813,12.32687,61.80892,4.44736,-40.89143,15.30438,-8.76376,-69.88902,11.15940,6.12147,36.29048,2.13524,257.33658,157.95250,1067.97729,27.76306,0.00578,0.01002,0.03956,-0.01759,0.90683,0.04520,1.06597,0.75757,1.00737,0.06186,1.21245,0.83480,1.91610,0.00223,1.92103,1.90649,-5.01308,1.33613,-2.57239,-10.17874,-1.87793,0.00073,-1.87625,-1.87956,0.01398,0.00073,0.01468,0.01196,-1.86805,0.00048,-1.86735,-1.86974,-1.88782,0.00117,-1.88471,-1.88948,2.33963,0.69502,6.38417,1.03740,0.36961,0.15313,0.96847,0.03494,5.96846,2.65089,17.05118,1.45689
650,1604.0359964370728,5332992,184.98849,2937.20217,149.05247,1156.64510,26.06470,421.22370,546.59375,-0.01739,0.26083,0.60854,-0.83736,3.97927,1.03351,7.44344,1.61739,26.13976,11.06826,56.90463,6.42568,-37.99017,15.93956,-6.08945,-65.82948,10.99567,6.42857,50.87614,1.67641,289.72487,178.06131,1111.23608,21.62885,0.00498,0.00954,0.05287,-0.01519,0.89404,0.04723,1.01910,0.70206,1.01686,0.06575,1.26810,0.83823,1.90840,0.00351,1.91450,1.89616,-5.14456,1.38757,-2.20602,-11.86667,-1.87413,0.00152,-1.87111,-1.87624,0.01241,0.00045,0.01321,0.01169,-1.86536,0.00164,-1.86247,-1.86777,-1.88290,0.00147,-1.87970,-1.88471,2.31836,0.80583,9.04555,1.02644,0.36932,0.16892,0.97265,0.00288,6.04054,2.48611,17.10843,1.42965
660,1599.6638820171356,5414912,176.98983,1644.28934,145.02134,1150.17235,28.85875,420.55798,564.25000,0.01127,0.29139,0.56333,-1.29223,3.53848,1.36999,8.59186,1.39817,23.64071,12.49298,66.21684,4.19865,-33.30281,17.38056,-6.60171,-76.48442,9.48174,9.24270,58.93668,1.28764,246.71762,174.15354,1121.91968,29.24338,0.00499,0.01072,0.06370,-0.01732,0.88638,0.04880,1.03659,0.74236,1.02222,0.06823,1.23076,0.82986,1.90103,0.00223,1.90457,1.89109,-5.16111,1.37393,-2.64182,-11.22088,-1.87047,0.00048,-1.86942,-1.87133,0.01118,0.00103,0.01243,0.00979,-1.86256,0.00050,-1.86160,-1.86341,-1.87837,0.00113,-1.87651,-1.88010,2.36590,0.96461,11.22457,1.03891,0.36766,0.16423,0.95951,0.00996,6.17450,2.66606,22.40352,1.70038
670,1594.6747918128967,5496832,174.05469,2074.11098,155.77278,1149.25645,24.14303,421.16461,504.31250,0.14160,0.39932,1.19638,-1.02658,3.67110,0.88265,6.57536,1.88428,24.23282,11.63932,58.45960,3.67031,-33.79980,15.40329,-9.51346,-74.68697,9.46017,6.09870,39.15479,2.13738,246.59384,188.14343,1268.64648,42.21809,0.00373,0.01014,0.06285,-0.02163,0.88051,0.04397,1.01341,0.71275,1.01862,0.06179,1.21588,0.84852,1.89588,0.00218,1.90057,1.88339,-5.12138,1.31076,-2.51594,-9.62200,-1.86780,0.00058,-1.86683,-1.86942,0.01103,0.00056,0.01203,0.01020,-1.86000,0.00092,-1.85844,-1.86213,-1.87560,0.00037,-1.87498,-1.87671,2.29619,0.96783,12.57219,1.03945,0.39197,0.16542,0.96354,0.00330,5.51219,2.25636,17.17741,1.82869
680,1590.7469613552094,5578752,147.85203,2758.29235,119.12837,1150.95148,23.56259,416.14400,455.62500,0.15443,0.38835,1.07406,-1.05211,4.12663,1.08936,7.89703,2.00489,25.40897,10.57724,59.77525,6.13504,-34.59833,15.34225,-9.58868,-68.77448,11.29700,6.98050,43.89648,2.99801,271.43452,205.92761,2085.84326,33.74042,0.00341,0.00987,0.04477,-0.01879,0.87801,0.04404,0.98378,0.73603,1.01776,0.05879,1.16934,0.87447,1.89222,0.00220,1.89552,1.87929,-5.00273,1.19133,-2.53725,-10.04416,-1.86608,0.00028,-1.86563,-1.86682,0.01185,0.00024,0.01226,0.01138,-1.85770,0.00032,-1.85716,-1.85843,-1.87446,0.00033,-1.87388,-1.87521,2.17734,0.59730,5.07359,1.02359,0.39085,0.16365,0.96445,0.01593,5.89248,2.28716,14.23328,1.76699
690,1597.4964489936829,5660672,190.74918,2618.35724,136.37175,1152.59322,23.37952,421.44217,555.65625,-0.02717,0.25836,0.79471,-0.68028,4.19558,0.71371,6.95040,2.36134,26.44774,10.31727,61.39808,6.71435,-41.89239,13.33366,-9.77985,-72.55690,11.26535,5.51958,31.92162,2.99510,293.27126,171.61318,1271.93555,75.54796,0.00402,0.00943,0.04367,-0.01898,0.87197,0.04600,0.98825,0.68463,1.01922,0.06521,1.30071,0.85029,1.89015,0.00244,1.89389,1.86786,-5.24498,1.45819,-2.39248,-12.60465,-1.86501,0.00059,-1.86360,-1.86596,0.01293,0.00047,0.01389,0.01190,-1.85586,0.00068,-1.85464,-1.85748,-1.87415,0.00067,-1.87242,-1.87521,2.37496,0.89836,12.26651,1.04931,0.38192,0.15886,0.95701,0.00397,5.85160,2.38326,17.58224,1.51487
700,1594.6553409099579,5742592,174.70974,3225.89222,138.88790,1150.64543,23.44636,420.48738,519.15625,0.15682,0.25045,1.02293,-0.37858,3.88769,0.90761,7.08774,2.05091,27.84269,12.24128,61.45266,5.39994,-34.59542,15.96102,-8.85440,-72.73466,10.05313,5.94728,42.18528,2.75962,301.92641,210.20837,1467.12219,52.86289,0.00434,0.01002,0.04511,-0.02024,0.86485,0.04704,0.99590,0.72811,1.02540,0.06632,1.26316,0.86400,1.88576,0.00241,1.88895,1.87313,-5.05824,1.21530,-2.49662,-9.77688,-1.86286,0.00054,-1.86121,-1.86359,0.01257,0.00041,0.01340,0.01138,-1.85397,0.00049,-1.85302,-1.85476,-1.87174,0.00072,-1.86926,-1.87268,2.37228,0.94479,13.46296,1.02318,0.38216,0.15221,0.95094,0.00655,5.94103,2.42509,19.34165,2.14110
710,1557.0244092941284,5824512,151.13234,3488.61943,168.91856,1150.03493,27.19793,379.65204,469.06250,0.09208,0.24501,0.85738,-0.62529,3.79295,0.78132,6.22322,2.16669,28.62317,11.40194,58.89912,7.07367,-34.26517,15.39745,-8.21428,-75.74397,9.63005,4.73920,30.59369,2.26230,273.80793,153.90828,1138.63562,53.79083,0.00316,0.00897,0.05052,-0.01710,0.87009,0.04513,0.97489,0.71345,1.01571,0.06456,1.22798,0.84674,1.88242,0.00243,1.88637,1.87191,-5.08878,1.37839,-2.27533,-12.73554,-1.86113,0.00070,-1.86002,-1.86217,0.01111,0.00020,0.01143,0.01072,-1.85327,0.00067,-1.85210,-1.85432,-1.86899,0.00076,-1.86761,-1.87014,2.24162,0.90829,12.77933,1.03568,0.41511,0.15599,0.97409,0.04450,5.73751,2.24824,20.70086,1.60320
720,1601.5433976650238,5906432,150.31390,3289.09522,151.05557,1183.70395,26.60946,391.15507,451.09375,0.08143,0.30703,0.94949,-0.71548,4.36420,0.95453,7.41184,1.82126,29.69656,11.18854,69.88108,5.35338,-39.98918,14.85142,-9.60429,-70.81808,12.60301,6.48688,47.49651,2.29667,288.25612,159.56112,1063.38110,56.86449,0.00415,0.00963,0.04008,-0.02090,0.86319,0.04702,0.99972,0.69665,1.01395,0.06837,1.37262,0.81649,1.87767,0.00220,1.88211,1.86935,-5.03060,1.48406,-2.71450,-18.46053,-1.85880,0.00055,-1.85753,-1.86004,0.00829,0.00145,0.01075,0.00583,-1.85294,0.00057,-1.85213,-1.85399,-1.86466,0.00154,-1.86164,-1.86764,2.32238,0.80157,7.77156,1.04500,0.37768,0.17486,0.95824,0.00000,5.86625,2.45662,17.99980,1.71026
730,1641.548372745514,5988352,160.50898,3051.44862,159.46761,1194.59499,24.41358,422.45921,416.18750,0.19544,0.26536,1.22358,-0.56869,4.07403,1.03724,6.72608,1.82056,26.62932,12.95371,66.98891,6.42679,-36.29251,15.20086,-7.96232,-73.01012,11.19668,7.13233,38.82891,1.85345,244.92599,150.28924,1213.26001,40.02177,0.00332,0.00917,0.04876,-0.02171,0.85779,0.04338,0.97324,0.72463,1.02159,0.06071,1.27771,0.86694,1.87316,0.00307,1.87807,1.86067,-5.18102,1.30407,-2.82398,-11.53115,-1.85650,0.00116,-1.85407,-1.85804,0.00723,0.00091,0.00849,0.00572,-1.85139,0.00174,-1.84845,-1.85387,-1.86161,0.00072,-1.85970,-1.86225,2.21375,0.62863,4.94331,1.02084,0.41457,0.15481,0.96901,0.05032,5.85909,2.42987,16.92411,1.36893
740,1597.1707773208618,6070272,138.80079,2013.47864,153.45347,1151.82346,23.54332,421.72445,493.43750,0.07874,0.28668,0.84666,-0.65813,3.90312,0.83167,6.67519,2.20554,28.25694,12.03823,68.99838,3.88066,-35.58778,14.20887,-9.41388,-74.04194,9.45518,5.61286,38.29932,2.41110,242.52739,158.92413,1294.18884,33.62816,0.00356,0.00950,0.04542,-0.02118,0.85735,0.04515,0.99189,0.72166,1.01171,0.06201,1.22342,0.86327,1.86787,0.00221,1.87151,1.85854,-5.00596,1.25379,-2.69363,-9.90803,-1.85375,0.00063,-1.85233,-1.85473,0.00868,0.00028,0.00902,0.00794,-1.84761,0.00065,-1.84602,-1.84862,-1.85989,0.00066,-1.85864,-1.86093,2.26734,0.72914,9.08394,1.02311,0.39336,0.16173,0.98476,0.00606,5.68122,2.29874,16.65477,1.56690
750,1601.0673427581787,6152192,172.51663,2518.32343,126.41759,1154.11243,23.57637,423.29561,523.59375,-0.10187,0.26139,0.57331,-0.89350,3.90341,0.79612,6.36106,1.77346,23.92253,11.00828,58.27275,7.23836,-39.52674,15.33581,-10.26329,-71.97030,10.44358,5.58507,35.44178,2.40940,269.46807,178.41692,1405.07251,38.03811,0.00360,0.00918,0.05000,-0.01970,0.84589,0.04704,0.96561,0.69278,1.01917,0.06389,1.33796,0.86477,1.86326,0.00222,1.86668,1.85196,-5.03117,1.31629,-2.71496,-10.88486,-1.85160,0.00031,-1.85122,-1.85232,0.00818,0.00070,0.00911,0.00695,-1.84582,0.00064,-1.84482,-1.84669,-1.85739,0.00052,-1.85648,-1.85864,2.27633,0.77581,8.13183,1.02564,0.39355,0.16209,0.98067,0.02718,5.65527,2.48757,29.20826,1.92267
760,1601.1158220767975,6234112,177.23319,2647.89819,121.88587,1154.67602,23.48223,422.86637,418.53125,0.14986,0.33462,0.95816,-0.88405,4.79744,0.79831,6.82811,2.73961,32.27004,12.43745,61.33625,8.89243,-44.47414,14.53197,-13.57602,-73.82362,15.72621,6.81834,44.75410,4.47606,362.40211,186.33402,1355.79968,92.53970,0.00403,0.00979,0.03998,-0.01594,0.84884,0.04480,0.99241,0.71892,1.01612,0.06181,1.21172,0.84216,1.86034,0.00244,1.86447,1.84887,-5.09108,1.39070,-2.51688,-13.73478,-1.85010,0.00078,-1.84818,-1.85132,0.00810,0.00024,0.00902,0.00776,-1.84437,0.00089,-1.84180,-1.84561,-1.85583,0.00070,-1.85454,-1.85702,2.27975,0.85411,8.62406,1.05254,0.39152,0.15861,0.95706,0.02423,5.93061,2.34967,16.87842,1.63582
770,1600.926236629486,6316032,184.77949,3010.43187,161.73143,1154.93657,23.38965,422.51064,499.09375,0.14755,0.24688,1.00553,-0.79893,4.21993,0.86731,6.80384,2.36396,27.51145,9.87620,55.41574,7.15583,-38.46048,16.53608,-8.79022,-74.05080,12.52160,6.44080,42.32045,3.41273,287.35335,157.12274,1207.67957,63.05730,0.00231,0.00970,0.06794,-0.01998,0.84041,0.04754,0.98199,0.70793,1.01656,0.06790,1.26095,0.84260,1.85576,0.00250,1.85915,1.84123,-5.18485,1.53167,-2.24752,-11.67050,-1.84788,0.00055,-1.84668,-1.84854,0.00814,0.00088,0.00913,0.00623,-1.84213,0.00027,-1.84152,-1.84253,-1.85363,0.00114,-1.85124,-1.85499,2.29279,0.83334,8.47562,1.03500,0.41101,0.16059,0.97594,0.04539,5.78492,2.35785,18.35815,1.95574
780,1600.1559748649597,6397952,152.71153,2718.79020,170.70545,1154.38130,23.47299,422.22164,464.09375,0.07930,0.27343,0.90054,-0.78499,3.88431,0.93638,6.93816,1.81493,24.83517,10.86400,64.32166,7.05227,-37.29641,15.96670,-9.47477,-71.79547,10.78017,5.98873,37.40993,1.98874,278.18516,171.16273,1391.52625,34.76970,0.00270,0.00987,0.09137,-0.02096,0.83857,0.04619,0.96460,0.69745,1.00929,0.06406,1.28464,0.86320,1.84976,0.00271,1.85531,1.83730,-4.96445,1.45710,-2.66621,-12.14827,-1.84483,0.00098,-1.84343,-1.84667,0.00567,0.00076,0.00693,0.00427,-1.84081,0.00053,-1.84000,-1.84211,-1.84884,0.00148,-1.84653,-1.85127,2.25115,1.13159,16.16348,1.03082,0.40846,0.16108,0.96621,0.03036,5.80965,2.84234,37.56557,1.36493
790,1598.1981365680695,6479872,168.13576,3166.16574,185.63442,1152.26765,23.53378,422.31576,506.25000,0.14745,0.21825,0.77735,-0.45013,3.85825,0.93367,7.25249,1.91761,27.15969,13.36735,61.26398,6.11528,-34.14550,13.78600,-7.02429,-71.24706,9.69414,5.28999,36.18247,2.67147,268.41753,197.68301,1710.32654,38.40148,0.00349,0.00918,0.05153,-0.01673,0.83853,0.04555,0.97936,0.69573,1.01131,0.06330,1.19796,0.85199,1.84589,0.00252,1.84939,1.83372,-5.20793,1.39471,-2.84343,-13.91219,-1.84298,0.00061,-1.84191,-1.84373,0.00322,0.00065,0.00426,0.00221,-1.84071,0.00089,-1.83908,-1.84206,-1.84525,0.00061,-1.84444,-1.84653,2.26187,0.85278,9.36313,1.03417,0.38398,0.17419,0.95924,0.00278,5.93745,2.54045,18.37776,1.61430
800,1603.6397767066956,6561792,167.96752,3033.82057,159.29895,1156.79586,23.53827,423.22921,428.75000,0.02632,0.30690,0.88006,-0.99098,4.24691,0.86265,6.69106,2.10719,28.66648,10.62758,62.48240,8.13006,-39.96994,15.55065,-10.11335,-70.39637,12.92207,6.26696,40.23854,2.98803,296.59779,183.71827,1611.36426,60.61600,0.00265,0.00892,0.03894,-0.02073,0.82770,0.04366,0.95389,0.68642,1.01344,0.06272,1.22172,0.86317,1.84242,0.00249,1.84621,1.82616,-5.05721,1.35094,-2.72957,-11.64484,-1.84123,0.00049,-1.84044,-1.84213,0.00458,0.00063,0.00584,0.00398,-1.83799,0.00069,-1.83712,-1.83915,-1.84447,0.00064,-1.84341,-1.84551,2.20362,0.80139,10.80486,1.03363,0.41296,0.16994,0.96966,0.01404,6.00715,2.41938,22.22486,1.82815
810,1532.4225769042969,6643712,188.99472,2621.87155,179.63022,1156.20803,23.36726,352.76604,473.46875,0.18506,0.29064,0.96436,-0.77177,4.14897,0.72999,6.65193,2.36940,28.97407,11.88158,60.14610,5.67542,-37.34625,16.20656,-10.23736,-75.76181,11.58836,5.68471,39.72245,3.63658,281.02805,186.21909,1763.82495,52.45018,0.00332,0.00906,0.03760,-0.01792,0.82703,0.04490,0.94519,0.69662,1.01452,0.06333,1.20651,0.84712,1.84023,0.00254,1.84416,1.83229,-5.12416,1.31757,-2.71089,-9.96972,-1.84010,0.00077,-1.83887,-1.84108,0.00554,0.00014,0.00581,0.00523,-1.83619,0.00075,-1.83500,-1.83722,-1.84402,0.00081,-1.84266,-1.84502,2.21204,0.84055,12.20632,1.03857,0.41399,0.16150,0.95616,0.03012,5.79108,2.43739,16.90777,1.55174
820,1558.0048878192902,6725632,152.92870,2857.22664,178.19514,1156.21629,26.17565,375.53068,385.18750,0.08735,0.28151,0.80332,-1.27062,3.91588,0.97226,7.41222,2.25862,24.23842,9.71616,61.89326,7.16644,-37.42121,16.60043,-8.65749,-71.20779,10.75749,6.44042,53.51604,2.07666,241.35426,155.69389,1415.88025,46.61616,0.00414,0.01204,0.16805,-0.01796,0.82474,0.04655,0.94711,0.67692,1.01068,0.06004,1.20408,0.83297,1.83727,0.00194,1.84046,1.82781,-5.01790,1.33321,-2.72893,-12.90777,-1.83861,0.00041,-1.83757,-1.83937,0.00525,0.00015,0.00555,0.00492,-1.83490,0.00046,-1.83393,-1.83573,-1.84232,0.00039,-1.84120,-1.84301,2.33745,1.27114,18.27233,1.02976,0.37977,0.18991,0.98078,0.00685,5.94557,2.68715,25.41624,1.56696
830,1607.3485939502716,6807552,185.18991,2639.98008,147.12009,1157.30581,25.19441,424.77240,573.90625,0.08219,0.26942,0.99595,-0.73800,3.91177,0.75762,6.81602,1.97301,25.48445,11.32291,71.54348,7.16864,-37.94017,14.75565,-10.08128,-74.22500,9.92083,5.28691,42.99515,2.34564,264.63269,163.22125,1259.55786,56.71405,0.00285,0.00933,0.04731,-0.01920,0.82354,0.04389,0.96569,0.70847,1.00811,0.05904,1.18146,0.82536,1.83499,0.00201,1.83764,1.82345,-5.05005,1.28093,-2.73901,-10.59240,-1.83744,0.00018,-1.83696,-1.83784,0.00588,0.00064,0.00717,0.00514,-1.83328,0.00057,-1.83212,-1.83402,-1.84160,0.00039,-1.84114,-1.84254,2.12447,0.66137,7.10140,1.02712,0.42610,0.14846,0.96475,0.07192,5.57194,2.25214,17.49412,1.42411
840,1547.6202936172485,6889472,186.35642,2774.03289,179.14937,1158.86819,24.18321,364.48389,462.53125,0.05911,0.26244,0.77486,-0.82849,4.13587,0.80558,6.41278,1.88910,26.23320,12.44941,65.66870,7.17941,-40.01031,14.28521,-10.63199,-70.42419,11.87615,5.88241,36.83285,2.69513,247.13023,142.56849,1027.34973,55.17651,0.00377,0.00947,0.04773,-0.01808,0.82044,0.04637,0.94835,0.68380,1.01096,0.06755,1.21506,0.82601,1.83165,0.00186,1.83578,1.82291,-5.14309,1.42795,-2.28670,-12.26205,-1.83572,0.00040,-1.83521,-1.83694,0.00586,0.00074,0.00683,0.00452,-1.83158,0.00056,-1.83075,-1.83258,-1.83986,0.00074,-1.83859,-1.84177,2.44336,1.31114,17.58493,1.02949,0.36948,0.16626,0.96893,0.00836,5.39201,2.07518,14.42162,1.75614
850,1585.2465217113495,6971392,190.99289,3305.32274,192.85349,1161.25328,23.84007,400.03878,436.25000,0.24769,0.36366,1.20595,-0.84730,4.20552,0.98073,6.79970,2.11477,27.87929,12.01591,61.64611,6.90867,-37.98571,17.54028,-8.86145,-74.25158,12.47858,6.65441,40.46145,2.83567,277.78120,163.49567,1035.97668,55.43505,0.00346,0.00913,0.04465,-0.01807,0.81755,0.04166,0.93426,0.71198,1.01809,0.05966,1.22206,0.85624,1.83022,0.00214,1.83277,1.81858,-5.05065,1.21291,-2.73949,-9.01391,-1.83507,0.00019,-1.83475,-1.83533,0.00442,0.00028,0.00493,0.00379,-1.83194,0.00030,-1.83138,-1.83257,-1.83820,0.00024,-1.83777,-1.83876,2.23528,0.85204,11.93482,1.03896,0.39752,0.17452,0.95691,0.00464,6.24571,2.44235,19.90821,2.25611
860,1607.1585404872894,7053312,170.70184,3639.07477,145.64732,1163.12112,23.61393,420.33897,402.65625,-0.08848,0.32744,0.67407,-1.48335,4.57223,0.94057,8.04964,2.49007,28.86155,11.55357,70.42042,7.00729,-41.37597,13.67712,-10.17492,-74.05739,13.94784,6.94207,49.41348,3.86166,331.55702,235.82503,1932.23682,74.77777,0.00333,0.01024,0.06179,-0.01826,0.81361,0.04906,0.96021,0.66891,1.01848,0.06744,1.21807,0.80289,1.82899,0.00235,1.83302,1.81971,-5.13790,1.22977,-2.25689,-9.03847,-1.83448,0.00068,-1.83338,-1.83550,0.00506,0.00052,0.00566,0.00390,-1.83090,0.00082,-1.82972,-1.83227,-1.83805,0.00073,-1.83645,-1.83916,2.37507,0.91114,9.20419,1.02331,0.36965,0.17179,0.96540,0.00015,5.92954,2.74698,25.09167,1.72964
870,1603.6774861812592,7135232,152.81272,3526.14016,189.58428,1155.96250,23.49723,424.14175,528.75000,0.12949,0.27908,1.17797,-0.62070,4.38046,0.86276,7.18150,2.52853,28.09903,10.89206,74.35496,10.29904,-40.47647,15.45537,-10.23062,-72.69559,13.36306,6.81197,41.92322,3.79242,326.43373,243.96610,1706.99695,67.52126,0.00301,0.00933,0.04475,-0.02076,0.80878,0.04648,0.96282,0.65742,1.01783,0.06545,1.25295,0.85422,1.82541,0.00225,1.82864,1.81499,-5.34109,1.62814,-2.51274,-11.83302,-1.83264,0.00046,-1.83146,-1.83342,0.00448,0.00058,0.00569,0.00383,-1.82947,0.00082,-1.82768,-1.83037,-1.83580,0.00029,-1.83524,-1.83646,2.27268,0.85938,9.76522,1.02347,0.39974,0.16467,0.98026,0.01894,6.02927,2.41459,16.14264,1.84012
880,1603.3733537197113,7217152,238.81042,2520.50302,185.23461,1157.78155,23.43322,421.99556,662.46875,0.10138,0.29793,0.96424,-0.83143,3.92123,1.08282,6.94878,1.84625,28.44998,14.80290,75.39525,4.39370,-35.61578,17.66141,-7.46227,-69.92275,10.29495,6.81184,38.30239,2.17311,281.80865,197.01500,1406.76953,28.49628,0.00124,0.00887,0.05249,-0.01904,0.80175,0.04579,0.92670,0.59872,1.02270,0.06297,1.28252,0.85958,1.82051,0.00230,1.82485,1.81258,-5.25496,1.20449,-2.76726,-9.92462,-1.83014,0.00070,-1.82890,-1.83145,0.00452,0.00061,0.00533,0.00356,-1.82694,0.00038,-1.82607,-1.82768,-1.83333,0.00110,-1.83169,-1.83522,2.18294,0.70320,7.02844,1.03324,0.41096,0.17447,0.97297,0.00311,5.64723,2.70006,25.70098,1.40997
890,1603.1825437545776,7299072,177.84469,2824.18959,174.61543,1155.82110,23.49304,423.78285,475.87500,-0.00364,0.29518,0.68684,-0.81513,3.84916,0.98327,6.57861,1.86725,22.11161,10.11713,51.07688,6.35721,-38.76731,16.72572,-8.34305,-70.88756,11.14043,6.54608,41.68086,2.08682,238.62534,148.55480,1249.55627,53.51047,0.00252,0.00889,0.03820,-0.01711,0.79571,0.04578,0.91653,0.64776,1.01681,0.06616,1.25001,0.86891,1.81491,0.00254,1.81969,1.80262,-5.18534,1.43889,-2.79454,-14.10131,-1.82748,0.00067,-1.82647,-1.82890,0.00462,0.00043,0.00539,0.00401,-1.82421,0.00094,-1.82296,-1.82604,-1.83075,0.00045,-1.82988,-1.83176,2.16241,0.86841,9.80671,1.03100,0.41226,0.17262,0.96429,0.00235,5.93306,2.83274,24.45982,1.21254
900,1595.213222503662,7380992,152.32599,2976.57984,135.65611,1157.66494,23.55348,413.91963,479.34375,0.05197,0.31167,0.79453,-0.81729,3.88491,0.87001,6.29367,2.08686,27.53957,10.73236,59.48760,9.53714,-31.86979,14.79574,-7.97347,-65.41101,10.36377,5.24598,31.74545,2.01128,256.97487,195.85184,1563.35156,40.41171,0.00209,0.00868,0.04185,-0.01781,0.80358,0.04410,0.93561,0.67790,1.01176,0.06365,1.21874,0.85432,1.81265,0.00208,1.81560,1.80310,-5.08794,1.29619,-2.57703,-10.05667,-1.82631,0.00018,-1.82605,-1.82677,0.00459,0.00038,0.00529,0.00386,-1.82307,0.00018,-1.82273,-1.82343,-1.82956,0.00042,-1.82889,-1.83048,2.16046,0.82599,9.20688,1.02622,0.41803,0.15864,0.97208,0.00910,5.69337,2.25141,16.31693,1.66423
910,1605.8436493873596,7462912,202.88609,3322.99614,142.61941,1159.13390,23.38402,423.24936,592.00000,0.00018,0.29507,0.71868,-0.99889,4.19340,0.94175,6.86286,2.23156,27.87191,11.74864,64.09946,7.11763,-40.10418,16.15474,-9.20651,-69.48724,12.79860,6.58488,43.56327,3.61399,315.97637,213.68841,1679.58069,60.59381,0.00266,0.00887,0.03399,-0.02473,0.79226,0.04631,0.91545,0.62953,1.00842,0.06660,1.19195,0.84915,1.81177,0.00232,1.81497,1.80134,-5.07604,1.45065,-2.68024,-11.59107,-1.82578,0.00062,-1.82482,-1.82645,0.00401,0.00043,0.00461,0.00312,-1.82295,0.00037,-1.82239,-1.82345,-1.82861,0.00090,-1.82703,-1.82966,2.20423,0.71029,6.44637,1.03500,0.39887,0.17265,0.96765,0.01590,5.91992,2.39622,14.07737,2.06848
920,1605.4929268360138,7544832,177.94357,3537.04989,167.72623,1156.20435,23.64787,425.56777,590.34375,0.02820,0.23474,0.72107,-0.78522,3.93530,0.80772,6.30802,2.24363,25.89839,12.29308,64.00792,7.27260,-38.08906,15.17037,-8.31623,-74.40380,10.93196,5.37901,29.89353,3.48207,269.52529,190.05589,1501.33545,60.65078,0.00200,0.00845,0.03775,-0.01694,0.79364,0.05023,0.94053,0.65973,1.01790,0.07092,1.30129,0.83416,1.80978,0.00231,1.81314,1.80000,-5.17181,1.46827,-2.76449,-15.53923,-1.82479,0.00063,-1.82359,-1.82558,0.00204,0.00041,0.00311,0.00151,-1.82335,0.00062,-1.82215,-1.82423,-1.82623,0.00076,-1.82477,-1.82715,2.12490,0.81861,9.02037,1.03689,0.42549,0.18102,0.97091,0.00004,5.89098,2.41258,20.49783,2.09873
930,1604.2969863414764,7626752,175.62616,3287.49985,146.88931,1156.72366,23.49067,423.99667,491.28125,0.06156,0.30167,0.85679,-0.96322,3.95355,1.06424,6.82401,1.64428,24.95045,11.50233,57.26517,3.68349,-39.36306,14.99815,-9.81763,-74.30422,11.79720,7.31662,42.67757,1.91016,262.18455,177.07986,1096.35925,21.29776,0.00110,0.00867,0.03103,-0.01832,0.79442,0.04522,0.92524,0.61612,1.00912,0.06630,1.30030,0.82354,1.80637,0.00194,1.80949,1.79784,-5.05204,1.36541,-2.50665,-10.27190,-1.82302,0.00037,-1.82246,-1.82370,0.00174,0.00030,0.00230,0.00101,-1.82179,0.00039,-1.82118,-1.82237,-1.82425,0.00046,-1.82362,-1.82521,2.10065,0.91698,12.30362,1.02488,0.43267,0.17197,0.97174,0.02307,5.58670,2.24308,14.46258,1.57757
940,1606.34991979599,7708672,158.51020,2806.70001,163.75932,1158.04137,23.52738,424.70583,465.15625,0.07955,0.30813,0.93105,-0.98881,3.56956,0.81275,6.97522,1.88694,23.63436,11.91379,58.55580,5.92208,-33.66252,16.73242,-8.32797,-71.66285,8.83268,4.65892,28.48421,2.22240,240.68136,180.56679,1557.43652,39.48327,0.00249,0.00895,0.04700,-0.01809,0.79233,0.04289,0.91418,0.67083,1.01590,0.06186,1.19576,0.84496,1.80474,0.00201,1.80765,1.79354,-5.04698,1.18512,-2.60495,-10.91938,-1.82231,0.00026,-1.82174,-1.82285,0.00121,0.00034,0.00172,0.00070,-1.82146,0.00019,-1.82113,-1.82190,-1.82317,0.00046,-1.82235,-1.82403,2.03835,0.58395,5.86541,1.03227,0.43629,0.15849,0.97168,0.03305,5.94514,2.52727,24.05784,1.82131
950,1633.9101552963257,7790592,158.54290,3162.24028,136.56745,1180.15798,29.28290,424.39239,465.84375,0.12849,0.23171,0.77280,-0.61398,3.93972,0.92840,6.70604,1.65281,31.05080,14.09825,68.63925,4.72615,-34.08918,16.92844,-9.55793,-73.08762,11.29869,5.82363,36.93856,2.38166,289.12626,194.24042,1334.93970,63.14084,0.00284,0.00864,0.03775,-0.01703,0.79485,0.04431,0.90663,0.65184,1.01514,0.06502,1.24078,0.85440,1.80388,0.00186,1.80661,1.79638,-5.28930,1.36281,-2.79472,-10.58108,-1.82181,0.00022,-1.82137,-1.82228,0.00080,0.00016,0.00111,0.00048,-1.82125,0.00026,-1.82061,-1.82178,-1.82237,0.00023,-1.82190,-1.82279,2.07123,0.67451,7.27723,1.02907,0.45650,0.15058,0.96472,0.05505,6.38007,2.75600,18.91582,1.76647
960,1614.0148866176605,7872512,182.58267,3298.43228,151.47181,1161.75882,26.77931,425.40109,475.84375,-0.00116,0.32927,0.68353,-1.05777,4.52765,1.03424,7.91705,2.39752,30.56433,13.13817,68.52017,7.91296,-41.32139,15.28432,-8.89531,-74.53867,15.37144,8.08940,53.19514,3.51382,308.54283,197.29019,1613.52930,64.28683,0.00257,0.00858,0.03420,-0.02164,0.78600,0.04536,0.92991,0.64378,1.01951,0.06517,1.20564,0.81224,1.80244,0.00189,1.80566,1.79252,-5.14197,1.12096,-2.39741,-9.16448,-1.82109,0.00039,-1.82052,-1.82182,0.00083,0.00028,0.00126,0.00025,-1.82051,0.00026,-1.82010,-1.82112,-1.82168,0.00057,-1.82070,-1.82257,2.20924,1.10081,17.83958,1.02378,0.40593,0.17809,0.97985,0.00699,6.17792,2.39407,20.49026,1.43805
970,1615.5960583686829,7954432,173.33262,3574.70722,160.69558,1165.17621,23.84207,426.49588,458.25000,0.04129,0.23905,0.65492,-0.78996,4.21862,1.12037,7.82627,1.91700,27.15515,12.74473,59.26730,6.96783,-40.25247,17.41912,-7.58175,-73.94654,12.88372,7.71985,42.40790,2.47094,296.56211,184.91645,1044.04248,49.37612,0.00224,0.00882,0.04199,-0.02187,0.78373,0.04982,0.93040,0.63242,1.01816,0.07255,1.23545,0.83061,1.80089,0.00196,1.80356,1.79124,-5.13917,1.40880,-2.76082,-10.77115,-1.82037,0.00020,-1.81993,-1.82078,0.00044,0.00030,0.00092,0.00000,-1.82006,0.00037,-1.81938,-1.82068,-1.82068,0.00018,-1.82025,-1.82093,2.25005,0.81206,8.59586,1.02680,0.39077,0.17987,0.97043,0.02049,6.50645,2.79599,18.86742,1.59151
980,1618.3961834907532,8036352,212.48420,3981.34384,142.22098,1168.90395,23.48859,425.92793,550.50000,0.06106,0.32732,0.79411,-1.17480,4.28894,0.91897,7.63397,2.06197,30.46476,13.59387,60.39104,7.09099,-38.41074,15.45490,-8.77796,-70.93118,13.36108,7.31231,49.43202,2.89145,323.84349,204.00683,1490.95813,69.53709,0.00249,0.00864,0.03044,-0.02014,0.78556,0.04917,0.91609,0.58642,1.01480,0.06532,1.21408,0.84400,1.79947,0.00217,1.80243,1.78805,-5.27905,1.58998,-2.85874,-14.25718,-1.81972,0.00032,-1.81925,-1.82017,0.00078,0.00044,0.00151,0.00000,-1.81917,0.00059,-1.81837,-1.82002,-1.82027,0.00022,-1.81943,-1.82057,2.11199,0.67233,6.50669,1.03014,0.43343,0.16290,0.97331,0.01269,6.79997,2.74631,18.51422,1.57547
990,1616.6160712242126,8118272,180.37093,3004.15492,193.65379,1166.50095,23.40745,426.63764,433.93750,0.19034,0.35258,0.91702,-1.22556,3.85150,1.02390,7.74753,1.79623,25.88310,12.11602,68.94704,6.21932,-34.98688,17.00698,-8.51648,-82.29519,10.99654,7.04680,41.46227,1.88322,271.67670,183.38252,1388.58923,49.02872,0.00169,0.00862,0.03329,-0.02107,0.78476,0.04411,0.90760,0.67117,1.01591,0.06501,1.19352,0.82564,1.79771,0.00237,1.80164,1.78817,-5.20528,1.37815,-2.72410,-10.01914,-1.81874,0.00065,-1.81761,-1.81977,0.00033,0.00022,0.00073,0.00000,-1.81851,0.00077,-1.81730,-1.81968,-1.81898,0.00056,-1.81779,-1.81987,2.14609,0.70552,8.64137,1.02540,0.39044,0.17544,0.97058,0.02035,6.42454,2.48007,18.50962,1.92887
1000,1614.205453634262,8200192,179.21760,2988.06048,145.05222,1163.53775,23.49204,427.09589,511.78125,-0.08488,0.28121,0.59815,-0.96640,4.46844,0.96187,7.44112,2.14451,28.92382,13.85205,73.24867,5.47737,-46.26159,16.64159,-10.62029,-80.71601,14.68134,7.67267,47.47156,3.03558,366.42889,249.70613,1591.93640,55.80340,0.00225,0.00865,0.03773,-0.01596,0.77773,0.04531,0.92316,0.58905,1.01554,0.06557,1.26091,0.83449,1.79383,0.00211,1.79727,1.78431,-5.13710,1.28455,-2.76726,-11.22151,-1.81690,0.00030,-1.81613,-1.81762,0.00068,0.00065,0.00227,0.00005,-1.81642,0.00074,-1.81452,-1.81746,-1.81737,0.00024,-1.81704,-1.81799,2.14739,0.67359,6.15888,1.03106,0.41623,0.18184,0.97414,0.00238,6.27729,2.71693,16.90788,1.92639
1010,1610.978585243225,8282112,231.28324,3909.05224,148.86632,1162.37582,23.43751,425.06522,513.21875,0.11119,0.33326,1.21274,-0.89416,4.37309,1.02080,7.38890,2.18473,32.82497,13.73870,76.50607,8.23253,-38.60821,17.81365,-7.10547,-76.60637,13.53286,7.65073,55.03011,3.09856,316.79042,212.19405,1476.61914,62.00159,0.00256,0.00897,0.06208,-0.02091,0.78289,0.04667,0.91409,0.65216,1.01306,0.06602,1.21254,0.86414,1.79104,0.00195,1.79410,1.78208,-5.17094,1.24321,-2.58500,-11.31091,-1.81538,0.00039,-1.81458,-1.81612,0.00209,0.00032,0.00258,0.00145,-1.81390,0.00051,-1.81295,-1.81452,-1.81685,0.00038,-1.81620,-1.81773,2.09764,0.71682,10.79451,1.02273,0.41654,0.16554,0.96900,0.00394,6.46052,3.20930,49.96992,1.64603
1020,1613.5134072303772,8364032,185.16652,2807.43564,158.67861,1163.83366,23.33865,426.26524,563.65625,0.02337,0.30433,1.08397,-0.71148,3.94566,1.01685,6.95045,1.88762,27.89126,14.54250,72.35578,7.44482,-37.34162,16.67175,-5.52065,-80.91826,10.85303,6.46672,42.12206,2.63224,252.74775,156.70722,1052.68970,49.84289,0.00185,0.00848,0.03206,-0.01853,0.77287,0.04751,0.90198,0.63325,1.01429,0.06307,1.19424,0.86208,1.78933,0.00191,1.79149,1.78118,-5.13624,1.32202,-2.63132,-11.59634,-1.81457,0.00010,-1.81440,-1.81474,0.00168,0.00036,0.00235,0.00117,-1.81338,0.00030,-1.81282,-1.81385,-1.81576,0.00024,-1.81533,-1.81625,2.25460,0.94565,12.61475,1.04492,0.40172,0.17368,0.97220,0.02222,6.35716,2.68217,19.53563,1.76196
1030,1616.6900820732117,8445952,257.18622,3583.43893,171.66966,1165.44017,23.52150,427.21600,571.18750,-0.21176,0.32138,0.58008,-1.04311,5.00326,1.19364,9.21244,2.32933,32.12945,13.75150,73.48212,7.62287,-46.65355,15.74668,-8.96109,-82.29945,18.40350,10.05051,75.67747,3.36317,380.67180,241.09617,1984.33899,67.97919,0.00378,0.00950,0.03936,-0.02126,0.76941,0.04525,0.90272,0.63113,1.02111,0.06417,1.22792,0.82608,1.78749,0.00228,1.79097,1.77533,-5.19168,1.43737,-2.47813,-11.47556,-1.81374,0.00040,-1.81322,-1.81445,0.00042,0.00024,0.00125,0.00001,-1.81344,0.00032,-1.81292,-1.81401,-1.81403,0.00052,-1.81339,-1.81534,2.26241,0.82965,6.28482,1.03587,0.39490,0.16434,0.97723,0.00550,7.00250,2.98451,25.10831,2.00872
1040,1616.1152362823486,8527872,191.36399,3605.79495,147.30215,1163.85422,23.46332,428.62590,484.40625,0.02927,0.40998,1.48014,-1.09802,4.77573,1.02529,8.12549,2.29095,31.80433,11.32394,67.19811,9.64779,-44.63272,16.16644,-10.52551,-79.46861,17.63764,9.36991,58.94054,3.92584,342.87305,212.36927,1680.67920,75.47363,0.00187,0.00812,0.04479,-0.01940,0.77163,0.04627,0.88600,0.63665,1.01648,0.06630,1.27867,0.85115,1.78705,0.00195,1.78978,1.77718,-5.16885,1.38926,-2.55688,-10.63257,-1.81338,0.00031,-1.81289,-1.81396,0.00026,0.00022,0.00077,0.00000,-1.81319,0.00025,-1.81276,-1.81382,-1.81356,0.00043,-1.81291,-1.81425,2.05155,0.56088,4.94380,1.02742,0.43204,0.16654,0.96936,0.00959,6.44554,2.64037,22.03518,2.26749
1050,1611.278470993042,8609792,246.95877,4190.81163,181.07948,1162.63443,23.53894,424.94087,578.71875,0.08878,0.38175,0.87488,-0.98423,4.33803,0.97061,6.75411,2.12168,29.53738,11.25819,65.75359,10.19723,-44.10633,17.55333,-6.84119,-77.75630,13.99459,7.61061,41.07789,2.94780,338.35075,206.39309,1505.15527,62.96978,0.00186,0.00861,0.03885,-0.01951,0.77371,0.04534,0.89278,0.61042,1.00966,0.06027,1.18902,0.84475,1.78473,0.00207,1.78837,1.77253,-5.11831,1.21414,-2.76994,-10.42233,-1.81233,0.00032,-1.81191,-1.81324,0.00053,0.00040,0.00133,0.00000,-1.81195,0.00048,-1.81113,-1.81274,-1.81271,0.00036,-1.81222,-1.81375,2.15699,0.67642,8.62130,1.02663,0.40408,0.18296,0.97913,0.00007,6.25787,2.75651,24.93636,2.02117
1060,1613.846453666687,8691712,196.38057,3420.95610,185.45076,1164.85209,23.54258,425.34940,409.87500,-0.02177,0.34486,0.85847,-1.06146,4.51126,1.19512,8.34177,2.10233,30.52035,13.63172,66.56379,5.82816,-41.39978,16.41824,-8.36777,-77.64091,15.50092,8.79829,49.45796,3.00882,319.85802,191.50426,1804.74927,43.44694,0.00190,0.00863,0.02991,-0.02014,0.77295,0.04267,0.90166,0.62603,1.01709,0.06216,1.22928,0.81134,1.78454,0.00184,1.78710,1.77633,-5.27927,1.32958,-2.66858,-9.41801,-1.81215,0.00020,-1.81179,-1.81254,0.00194,0.00038,0.00270,0.00134,-1.81078,0.00024,-1.81033,-1.81127,-1.81352,0.00040,-1.81295,-1.81415,2.03231,0.60645,7.97896,1.02293,0.43578,0.17773,0.97540,0.02420,6.64163,2.58646,15.80060,2.34354
1070,1615.6755061149597,8773632,236.65871,3698.88174,215.56926,1165.36053,23.53037,426.69872,493.46875,0.17177,0.35104,1.08214,-0.88216,4.73001,0.96732,7.72652,2.25710,30.45512,11.95660,69.51984,8.78066,-47.73839,15.48963,-7.02635,-81.93849,17.47917,8.16549,49.17561,3.81681,373.23286,226.87540,1731.86816,60.46815,0.00223,0.00901,0.05698,-0.01897,0.77581,0.04387,0.92375,0.65470,1.00445,0.05818,1.18729,0.84001,1.78262,0.00249,1.78658,1.76952,-5.03730,1.17177,-2.89843,-11.30390,-1.81128,0.00050,-1.81049,-1.81225,0.00310,0.00023,0.00353,0.00270,-1.80909,0.00062,-1.80801,-1.81033,-1.81348,0.00042,-1.81290,-1.81420,2.10734,0.87872,15.33300,1.02786,0.42848,0.18300,0.97479,0.00044,6.81112,2.87397,27.23238,1.93978
1080,1616.156841993332,8855552,278.70921,4245.07371,177.57148,1165.36824,23.45747,427.17721,616.21875,0.00689,0.23993,0.67516,-0.73873,4.57425,0.90248,7.86766,2.26839,28.82303,11.54917,63.53207,8.60390,-45.13538,14.56325,-10.69998,-78.84740,16.34816,7.37333,43.68928,4.01979,351.26782,204.29601,1749.51538,89.35569,0.00071,0.00768,0.02914,-0.01577,0.77508,0.04383,0.94076,0.65174,1.00412,0.06247,1.21794,0.79873,1.78096,0.00204,1.78358,1.76737,-5.02736,1.22449,-2.59778,-10.66351,-1.81038,0.00027,-1.80995,-1.81076,0.00328,0.00016,0.00357,0.00294,-1.80806,0.00035,-1.80752,-1.80852,-1.81270,0.00021,-1.81235,-1.81304,2.04768,0.59707,5.49405,1.02312,0.43957,0.16305,0.97964,0.01732,6.15442,2.40336,19.90505,2.17121
1090,1612.1632463932037,8937472,235.29174,4237.07122,146.27818,1163.96674,23.59873,424.52234,541.65625,0.18971,0.34419,1.24004,-0.81724,4.62356,1.07353,7.79863,2.21972,34.22809,16.75759,78.89317,9.42947,-41.72794,18.02130,-9.03751,-78.53590,16.33669,8.50143,45.85511,3.95413,394.30057,272.09213,2186.37573,56.64722,0.00121,0.00821,0.03980,-0.02020,0.77479,0.04428,0.94261,0.64760,1.00351,0.06356,1.20921,0.78199,1.78059,0.00241,1.78364,1.76731,-5.17277,1.40448,-2.65582,-11.58625,-1.81031,0.00046,-1.80937,-1.81079,0.00307,0.00026,0.00360,0.00273,-1.80814,0.00060,-1.80682,-1.80886,-1.81248,0.00035,-1.81190,-1.81312,2.00994,0.69124,7.90906,1.03900,0.44549,0.16931,0.96515,0.01434,6.21265,2.25654,16.48410,1.79577
1100,1614.9550597667694,9019392,318.48252,3207.53954,185.45323,1166.42988,23.37293,424.99935,639.96875,0.14858,0.32799,0.90411,-0.78044,4.67441,0.98812,7.57986,1.90628,33.51608,12.00283,68.02785,8.43551,-42.60039,15.77979,-9.23586,-77.88828,16.89637,8.11352,54.75218,2.75345,365.45149,204.75809,1285.11707,78.64635,0.00115,0.00795,0.03401,-0.02019,0.76920,0.04176,0.89463,0.61359,1.01227,0.06240,1.31184,0.84541,1.77893,0.00183,1.78157,1.77032,-5.25853,1.46034,-2.55979,-11.84441,-1.80934,0.00023,-1.80872,-1.80979,0.00310,0.00034,0.00360,0.00255,-1.80714,0.00015,-1.80680,-1.80744,-1.81153,0.00044,-1.81064,-1.81232,2.12020,0.79677,8.11965,1.03373,0.44855,0.16163,0.95917,0.03509,6.75845,2.52507,21.14715,1.49194
1110,1614.2125825881958,9101312,305.29527,4419.01432,161.09274,1164.47185,23.46745,426.10112,622.46875,-0.07360,0.25699,0.74175,-0.85060,4.81186,0.92149,7.57894,2.67817,31.02119,15.39973,77.72636,7.75889,-47.37857,14.93071,-11.00566,-76.93536,18.23982,8.12240,48.62644,4.82660,458.99043,231.69117,1333.78601,122.77840,0.00109,0.00800,0.02823,-0.01967,0.76572,0.04587,0.89462,0.61597,1.01148,0.06043,1.20555,0.84785,1.77575,0.00234,1.77953,1.76231,-5.02323,1.27545,-2.60575,-10.98064,-1.80782,0.00059,-1.80691,-1.80872,0.00256,0.00043,0.00318,0.00169,-1.80601,0.00032,-1.80562,-1.80679,-1.80963,0.00088,-1.80811,-1.81078,2.04149,0.69925,8.23425,1.02514,0.45283,0.16661,0.97111,0.02446,6.81888,2.60089,17.29493,2.33879
1120,1612.5150425434113,9183232,168.31239,3876.84708,164.07644,1164.11407,23.47013,424.85811,440.40625,0.08648,0.31045,0.76284,-0.88880,4.42057,0.93590,7.46966,2.25982,29.48946,11.94421,63.90916,9.86054,-44.67579,15.86580,-9.95919,-76.76360,14.61424,7.70960,43.44155,3.24091,366.25291,213.12092,1578.75867,63.93378,0.00149,0.00852,0.05700,-0.01778,0.76329,0.04349,0.90475,0.63499,1.00956,0.06214,1.18807,0.84709,1.77347,0.00195,1.77571,1.76230,-5.08411,1.25122,-2.62039,-9.86609,-1.80661,0.00021,-1.80615,-1.80691,0.00174,0.00013,0.00198,0.00147,-1.80538,0.00020,-1.80506,-1.80574,-1.80784,0.00026,-1.80723,-1.80823,2.03671,0.68522,10.40257,1.02679,0.45699,0.15743,0.97560,0.05623,6.95054,2.76225,21.03119,2.15667
1130,1599.2840390205383,9265152,228.40609,3262.71317,164.84800,1161.02193,23.47732,414.70803,494.81250,0.18835,0.28317,1.15827,-0.52166,4.24782,0.94595,7.31884,2.17726,32.13794,13.18184,68.03808,7.20953,-40.13589,16.41062,-9.66276,-77.10677,13.61119,7.38282,45.42118,3.29766,362.78840,211.47997,1666.79663,61.32104,0.00082,0.00724,0.02366,-0.01860,0.76275,0.04586,0.89481,0.61640,1.01307,0.06595,1.24232,0.81212,1.77249,0.00193,1.77564,1.76363,-5.22821,1.33874,-2.78474,-11.42443,-1.80617,0.00026,-1.80554,-1.80678,0.00169,0.00015,0.00197,0.00134,-1.80498,0.00030,-1.80424,-1.80574,-1.80737,0.00026,-1.80684,-1.80788,1.96360,0.53624,4.88109,1.03758,0.47989,0.15348,0.96965,0.07422,6.70205,2.80179,18.07977,2.04951
1140,1613.1328902244568,9347072,217.50507,3773.08735,182.04920,1161.90947,23.36409,427.78163,614.90625,0.04454,0.36137,1.23755,-0.86597,4.52290,1.09291,7.50431,2.00632,30.00990,13.74220,67.83567,7.41319,-45.26895,16.53713,-9.32426,-78.18230,15.22402,8.08397,46.69503,3.70408,353.03065,220.18472,1960.01721,58.60024,0.00197,0.00926,0.11072,-0.01846,0.75967,0.04628,0.88160,0.60805,1.01064,0.06608,1.22309,0.82526,1.77104,0.00185,1.77334,1.76178,-5.17556,1.28213,-2.71838,-10.69680,-1.80534,0.00030,-1.80445,-1.80564,0.00252,0.00028,0.00304,0.00180,-1.80356,0.00044,-1.80230,-1.80424,-1.80712,0.00025,-1.80660,-1.80746,2.02502,0.67005,7.08948,1.02409,0.45776,0.16040,0.96136,0.12312,7.05039,3.56122,55.08432,2.27182
1150,1609.809103012085,9428992,308.83510,4280.56240,182.74676,1161.14898,23.46323,424.90620,625.00000,0.15659,0.24732,0.77151,-0.56195,4.09074,0.80273,6.92819,2.37131,30.57410,12.77197,71.28748,7.29739,-40.09210,17.85767,-8.72913,-78.12830,12.47023,6.29182,41.69395,3.36813,321.02999,206.16897,1503.56934,58.78029,0.00108,0.00822,0.05450,-0.02038,0.75998,0.04459,0.90032,0.64976,1.00609,0.06229,1.25807,0.82565,1.76818,0.00195,1.77098,1.75999,-5.13982,1.45200,-2.64502,-11.35018,-1.80393,0.00045,-1.80327,-1.80449,0.00311,0.00024,0.00370,0.00267,-1.80174,0.00061,-1.80092,-1.80259,-1.80613,0.00032,-1.80561,-1.80659,1.96903,0.67951,9.26233,1.01937,0.48054,0.17013,0.97598,0.06259,6.89759,2.81832,20.65432,1.78165
1160,1610.1636130809784,9510912,250.02479,4287.85550,153.93055,1162.34224,23.55422,424.18539,508.96875,0.05514,0.31264,1.30200,-0.77349,4.45910,1.02052,7.53071,2.51597,31.90485,15.06564,78.10595,6.69551,-42.57230,15.97737,-8.37520,-76.07218,15.09168,7.86239,45.91325,3.90560,413.62509,271.22819,1947.85522,60.74697,0.00159,0.00794,0.02782,-0.01761,0.75923,0.04248,0.87803,0.61614,1.01140,0.06278,1.24561,0.83907,1.76685,0.00203,1.76978,1.75663,-5.08383,1.25024,-2.34380,-10.05775,-1.80329,0.00037,-1.80280,-1.80384,0.00418,0.00043,0.00468,0.00348,-1.80034,0.00066,-1.79961,-1.80137,-1.80625,0.00014,-1.80598,-1.80654,1.93011,0.50465,5.22417,1.02151,0.48222,0.16466,0.97263,0.05728,6.87009,2.69541,18.57581,2.19648
1170,1608.3145155906677,9592832,267.88350,4224.87293,176.72768,1161.79304,23.54795,422.88428,564.12500,0.00208,0.27402,0.64114,-0.88403,4.61941,1.05225,8.76449,2.30477,29.28401,12.17583,71.06467,9.76599,-48.04415,14.91434,-7.36571,-75.64809,16.71203,8.80827,56.85881,4.76829,399.61299,245.98958,1517.63538,78.44324,0.00171,0.00780,0.04295,-0.02036,0.75564,0.04651,0.90099,0.60385,1.01234,0.06458,1.22925,0.85155,1.76622,0.00200,1.76860,1.75525,-5.20949,1.35280,-2.73888,-9.80940,-1.80302,0.00019,-1.80264,-1.80338,0.00445,0.00038,0.00500,0.00350,-1.79987,0.00039,-1.79936,-1.80090,-1.80616,0.00027,-1.80580,-1.80665,1.95778,0.56597,7.85560,1.01753,0.48906,0.15473,0.98189,0.14070,6.80095,2.97658,26.64988,2.04318
1180,1609.9498076438904,9674752,252.74902,3912.38944,190.20037,1161.35621,23.58676,424.86292,578.81250,-0.05751,0.36173,0.81284,-1.09068,4.86259,1.25740,8.76320,2.26875,31.52656,14.23871,67.46609,7.60044,-45.45072,15.39504,-9.97489,-79.99237,18.79954,10.79394,68.35417,4.61485,416.53691,250.80488,1488.25525,76.40405,0.00047,0.00772,0.03934,-0.01734,0.75635,0.04560,0.87005,0.61707,1.00454,0.06694,1.19789,0.81996,1.76681,0.00198,1.76940,1.75842,-5.18303,1.45910,-2.63967,-12.00968,-1.80328,0.00027,-1.80283,-1.80369,0.00335,0.00027,0.00382,0.00299,-1.80092,0.00015,-1.80059,-1.80117,-1.80565,0.00044,-1.80501,-1.80629,1.90168,0.46468,4.62263,1.02427,0.46888,0.16118,0.98109,0.01105,6.73646,2.65408,19.68944,1.99577
1190,1614.518526315689,9756672,255.41307,4058.69456,191.41077,1162.92525,26.86528,424.64473,602.00000,0.02221,0.36526,0.88458,-1.08560,4.72272,0.93685,7.61278,2.44768,31.72409,11.77496,60.61184,10.27125,-45.93729,17.24669,-11.86246,-78.18105,17.68660,8.30398,53.63303,5.19573,396.47342,210.05959,1610.21277,90.37115,0.00089,0.00744,0.04351,-0.02008,0.75678,0.04331,0.88249,0.61345,1.00735,0.06541,1.22665,0.84628,1.76583,0.00215,1.76837,1.74860,-5.10111,1.37592,-2.81251,-11.60418,-1.80286,0.00021,-1.80258,-1.80315,0.00360,0.00032,0.00423,0.00322,-1.80032,0.00036,-1.79978,-1.80083,-1.80540,0.00025,-1.80499,-1.80586,1.87704,0.45640,4.25836,1.02471,0.49059,0.15967,0.98155,0.10105,7.04473,2.92595,29.09917,2.37031
1200,1609.6658401489258,9838592,240.87056,4712.64990,206.16866,1160.14865,23.82333,425.60686,532.71875,-0.01764,0.35244,0.96735,-1.02359,4.75795,0.92683,7.59175,2.02791,33.86066,13.74681,72.15771,9.28834,-45.92306,15.23740,-8.83580,-79.72253,17.45687,8.01042,50.54441,3.49096,397.25659,226.61194,1311.84937,113.08776,0.00200,0.00804,0.02977,-0.01933,0.75389,0.04529,0.89263,0.58398,1.01267,0.06094,1.21756,0.82024,1.76495,0.00179,1.76779,1.75474,-5.17365,1.29228,-2.35111,-9.47813,-1.80233,0.00032,-1.80192,-1.80284,0.00432,0.00031,0.00478,0.00378,-1.79928,0.00053,-1.79859,-1.80014,-1.80538,0.00013,-1.80519,-1.80572,2.05074,0.63926,5.61032,1.03365,0.46370,0.16824,0.97378,0.02687,7.12609,2.72458,18.90418,2.58678
1210,1609.4513912200928,9920512,374.02271,4017.49156,147.28329,1160.64046,23.60543,425.05067,686.81250,0.03422,0.28014,0.91906,-1.21824,4.30474,1.11277,8.51266,1.92503,25.78825,10.78463,55.80001,8.18930,-45.32886,17.96129,-8.96197,-81.95294,15.82227,9.41394,72.43973,2.47596,351.35828,197.47537,1465.67822,71.88936,0.00090,0.00703,0.03697,-0.01817,0.76128,0.04226,0.88034,0.61002,1.00293,0.05843,1.21123,0.86169,1.76370,0.00183,1.76602,1.75432,-5.02203,1.04904,-2.62313,-8.17075,-1.80172,0.00020,-1.80128,-1.80197,0.00491,0.00016,0.00519,0.00463,-1.79825,0.00028,-1.79764,-1.79862,-1.80519,0.00018,-1.80490,-1.80544,1.88058,0.54524,6.52989,1.03370,0.48987,0.16093,0.97530,0.02698,6.84853,2.54763,19.75422,2.00238
1220,1609.007260799408,10002432,281.01101,4596.22129,187.85149,1160.98347,23.33292,424.60279,545.31250,0.06914,0.26935,0.66838,-0.95537,4.06649,1.35353,7.88599,1.98911,28.34258,14.97778,76.78942,7.43023,-39.19484,20.83294,-6.69390,-83.38446,13.96806,10.32492,52.08790,2.46924,325.89059,224.00499,1643.73645,55.07171,0.00100,0.00750,0.02841,-0.01744,0.76207,0.04597,0.91982,0.63384,1.00376,0.06061,1.20827,0.83370,1.76241,0.00205,1.76487,1.74336,-5.05304,1.16638,-2.56553,-8.65007,-1.80110,0.00031,-1.80054,-1.80146,0.00548,0.00013,0.00571,0.00520,-1.79722,0.00037,-1.79660,-1.79768,-1.80497,0.00027,-1.80447,-1.80529,1.90083,0.55121,6.84240,1.02259,0.48938,0.16595,0.97275,0.06101,7.08363,2.97850,18.77014,2.28730
1230,1615.7798233032227,10084352,286.89076,4518.42119,196.22465,1165.85913,23.59851,426.24377,563.09375,0.05179,0.33381,0.87773,-0.90512,4.81311,0.97655,7.69593,2.30399,31.69847,13.32811,80.77563,6.45205,-47.70107,16.25301,-10.84758,-81.43342,18.42120,8.72092,57.76388,4.16263,428.62902,224.24498,1701.80225,75.19051,0.00068,0.00745,0.03142,-0.01524,0.75252,0.04570,0.88271,0.62821,1.01084,0.05994,1.15669,0.85706,1.76211,0.00192,1.76431,1.75180,-5.01758,1.16093,-2.82809,-9.42847,-1.80092,0.00012,-1.80067,-1.80112,0.00488,0.00032,0.00555,0.00447,-1.79747,0.00034,-1.79678,-1.79796,-1.80436,0.00013,-1.80416,-1.80463,1.88008,0.53480,5.16209,1.01944,0.52033,0.15153,0.97858,0.08025,6.92460,2.66103,22.66011,2.19952
1240,1616.3061521053314,10166272,236.56336,4517.00829,173.16200,1166.13967,23.44478,426.64310,491.06250,-0.09320,0.35369,1.06628,-1.07924,5.06722,0.99110,7.90409,2.68605,33.05468,13.90387,75.05087,7.32298,-48.13957,17.27966,-10.13302,-82.76718,21.22794,9.47055,61.08445,5.47046,447.62300,252.42831,1698.55713,105.20494,0.00068,0.00779,0.06559,-0.01822,0.74874,0.04477,0.90413,0.59331,1.01347,0.06340,1.24517,0.80860,1.76133,0.00198,1.76432,1.75049,-5.26796,1.37895,-2.72546,-12.72352,-1.80058,0.00028,-1.80029,-1.80111,0.00467,0.00020,0.00498,0.00437,-1.79728,0.00040,-1.79684,-1.79801,-1.80388,0.00018,-1.80353,-1.80421,1.85410,0.45313,5.58464,1.01727,0.50258,0.15279,0.98138,0.05383,6.93045,2.81949,24.52214,2.23175
1250,1614.0518639087677,10248192,258.42974,4161.93805,138.55538,1165.78835,23.56879,424.60486,567.56250,0.06114,0.33430,1.03904,-0.82175,4.70389,1.06940,7.42339,2.38387,31.25375,13.46551,72.01590,11.00219,-44.90252,17.22371,-9.23547,-82.37128,18.00065,9.28856,49.05605,4.01210,435.86105,291.09306,2344.29712,83.36868,0.00141,0.00736,0.03350,-0.01828,0.75147,0.04517,0.92020,0.61330,1.00153,0.06360,1.18384,0.80588,1.76047,0.00177,1.76283,1.75160,-5.11673,1.37363,-2.80511,-11.41209,-1.80007,0.00015,-1.79973,-1.80039,0.00416,0.00021,0.00449,0.00377,-1.79712,0.00016,-1.79678,-1.79741,-1.80301,0.00025,-1.80255,-1.80353,1.88671,0.67140,9.09813,1.01552,0.52047,0.15412,0.98294,0.07914,7.20326,2.61719,19.56226,2.72097
1260,1688.1947553157806,10330112,232.57653,4351.54359,202.65834,1183.94649,23.66520,480.49593,451.09375,0.01650,0.28496,0.81430,-0.90859,4.57119,1.05385,8.04987,2.33475,32.09623,13.66647,71.08478,8.85646,-44.31715,17.99436,-7.80405,-78.25966,16.44661,8.42551,57.27857,3.55290,413.55007,275.37775,2275.96240,72.71842,0.00078,0.00658,0.02852,-0.01819,0.74957,0.04744,0.87047,0.60850,1.00617,0.06420,1.17303,0.83051,1.75978,0.00193,1.76209,1.75055,-5.04586,1.24106,-2.43830,-9.42774,-1.79977,0.00011,-1.79961,-1.79999,0.00419,0.00013,0.00442,0.00396,-1.79681,0.00006,-1.79665,-1.79691,-1.80273,0.00019,-1.80245,-1.80308,1.77217,0.40334,4.08461,1.01958,0.52463,0.15281,0.97897,0.09535,7.15230,2.90811,23.58273,2.57675
1270,1752.4510247707367,10412032,267.09449,4041.98293,161.71236,1270.04110,27.15778,455.15279,531.90625,-0.14099,0.31525,0.51672,-1.07798,4.76895,1.09527,7.33901,2.30685,30.34857,13.81912,69.06460,7.33849,-47.47230,17.50610,-10.17700,-82.86709,18.82947,9.28136,49.07466,3.73528,474.26762,260.46071,1756.10339,80.72691,0.00086,0.00644,0.01771,-0.01737,0.75243,0.04451,0.88552,0.63787,1.00419,0.06110,1.20685,0.82883,1.75877,0.00187,1.76127,1.74774,-5.00672,1.15107,-2.81186,-9.94563,-1.79928,0.00016,-1.79898,-1.79960,0.00477,0.00022,0.00516,0.00418,-1.79591,0.00026,-1.79553,-1.79665,-1.80265,0.00019,-1.80243,-1.80305,1.80461,0.44185,4.57035,1.02048,0.53244,0.15235,0.97673,0.06358,7.17519,2.87118,20.70203,2.36071
1280,1626.723981142044,10493952,214.57256,4577.08561,173.97658,1172.26927,28.65138,425.71093,540.75000,0.05295,0.26518,0.71420,-0.83394,4.75558,1.05900,9.33637,2.53880,31.81673,11.42036,68.53738,9.42050,-48.38021,16.63229,-9.82811,-83.06979,19.08753,9.72546,75.88366,5.28398,420.46349,275.60441,2256.42725,100.94449,0.00103,0.00710,0.03834,-0.01607,0.75317,0.04665,0.87283,0.62085,1.00711,0.06538,1.19094,0.83576,1.75832,0.00201,1.76081,1.74879,-5.00949,1.20695,-2.40271,-10.61278,-1.79911,0.00017,-1.79880,-1.79937,0.00492,0.00013,0.00517,0.00465,-1.79563,0.00016,-1.79530,-1.79589,-1.80259,0.00022,-1.80230,-1.80299,1.83397,0.44761,4.30040,1.02583,0.51798,0.15422,0.98322,0.04219,6.78374,2.78608,27.44047,2.50858
1290,1626.955985069275,10575872,276.19811,4868.53893,233.45954,1167.34908,33.28828,426.01623,527.34375,0.07568,0.22605,0.74500,-0.63806,4.32608,0.88616,7.55403,2.35503,29.80753,12.28840,67.44962,7.89893,-43.52056,17.22878,-9.45995,-80.67106,15.21475,7.41225,53.43125,3.50420,357.96092,226.07907,1710.83887,75.59732,0.00034,0.00658,0.02051,-0.01467,0.74549,0.04711,0.89741,0.62807,1.00551,0.06169,1.21802,0.83442,1.75678,0.00217,1.75971,1.74220,-4.99950,1.17515,-2.35360,-9.44504,-1.79838,0.00024,-1.79805,-1.79880,0.00474,0.00021,0.00510,0.00430,-1.79503,0.00010,-1.79489,-1.79530,-1.80173,0.00039,-1.80110,-1.80239,1.79122,0.44356,4.78679,1.01896,0.52666,0.16718,0.98520,0.01854,7.15989,2.66124,18.11646,2.48845
1300,1615.777396440506,10657792,275.25367,3984.73796,147.34314,1165.55273,23.75468,426.31958,568.71875,-0.21905,0.32402,0.76092,-1.17235,4.60512,1.11701,8.08457,2.23857,28.60771,12.27420,60.03315,8.27777,-47.44148,16.09285,-10.02279,-81.73740,17.73565,9.75296,53.99619,3.21531,411.88310,229.45043,1755.24768,70.50735,0.00028,0.00625,0.03159,-0.01454,0.75156,0.04463,0.85873,0.60990,1.00230,0.06410,1.22154,0.82879,1.75583,0.00198,1.75842,1.74568,-4.97592,1.20627,-2.49272,-10.52752,-1.79785,0.00019,-1.79755,-1.79816,0.00412,0.00014,0.00432,0.00383,-1.79493,0.00013,-1.79473,-1.79516,-1.80076,0.00027,-1.80032,-1.80120,1.77976,0.43668,4.61442,1.01598,0.53535,0.15886,0.98554,0.07123,6.95669,2.68982,25.77555,2.50255
1310,1611.256920337677,10739712,250.99284,4001.05840,205.44083,1161.08030,23.51386,426.49434,477.84375,-0.01792,0.28285,0.70663,-1.18072,4.63852,1.09478,8.32742,2.27523,29.50829,12.64445,74.61520,8.40244,-45.54571,17.72642,-8.91935,-81.06733,17.80629,9.16808,61.37017,3.62410,450.36441,278.39914,1952.83789,81.35690,0.00118,0.00671,0.02693,-0.01495,0.74860,0.04221,0.90138,0.64160,1.00506,0.06016,1.25181,0.84146,1.75473,0.00183,1.75739,1.74476,-5.13367,1.32706,-2.82573,-12.51299,-1.79725,0.00031,-1.79683,-1.79771,0.00370,0.00009,0.00388,0.00357,-1.79463,0.00029,-1.79421,-1.79510,-1.79986,0.00034,-1.79940,-1.80038,1.79750,0.48464,5.67189,1.01055,0.52230,0.16674,0.98696,0.09157,6.81855,2.58811,19.60085,2.54635
1320,1614.256971359253,10821632,285.37916,4100.90929,155.63865,1162.65244,23.57809,427.93893,544.37500,0.02088,0.33291,0.79236,-0.91563,4.71552,0.91256,7.88115,2.39841,31.59047,13.29199,67.52214,6.94458,-46.39867,14.74867,-9.55663,-75.55103,18.47252,7.56506,48.38393,3.89794,447.10341,282.32636,2069.49438,77.31237,0.00028,0.00676,0.02130,-0.01950,0.74538,0.04435,0.88538,0.61595,1.00805,0.06274,1.28138,0.82488,1.75312,0.00216,1.75575,1.74182,-5.12202,1.26012,-2.63837,-9.45767,-1.79650,0.00018,-1.79630,-1.79683,0.00387,0.00011,0.00401,0.00361,-1.79377,0.00024,-1.79352,-1.79426,-1.79924,0.00014,-1.79897,-1.79946,1.76827,0.49109,4.39477,1.00872,0.53700,0.16679,0.98444,0.11112,6.98294,2.64655,16.13420,2.79693
1330,1608.3548872470856,10903552,264.54126,4306.06619,168.04946,1158.82264,23.51494,425.93082,605.84375,0.02552,0.33861,0.91993,-0.91289,4.97272,1.10256,8.61960,2.67108,33.93147,12.68349,67.26398,11.45565,-45.87495,16.90447,-11.85470,-83.08193,21.24271,10.39955,63.48208,4.76537,504.92685,264.85408,1582.52087,103.10286,0.00010,0.00591,0.01756,-0.01949,0.75186,0.04403,0.89301,0.62516,1.00222,0.06209,1.19608,0.84313,1.75260,0.00211,1.75476,1.74060,-5.18672,1.26624,-2.61908,-9.68725,-1.79618,0.00011,-1.79593,-1.79637,0.00389,0.00009,0.00409,0.00376,-1.79343,0.00012,-1.79315,-1.79362,-1.79893,0.00014,-1.79869,-1.79918,1.73782,0.73822,14.59111,1.00992,0.56268,0.15945,0.98525,0.07885,6.99855,2.38108,14.74656,2.77284
1340,1609.7774431705475,10985472,233.38143,4100.66506,211.85620,1158.15846,23.54284,427.98332,472.84375,0.09020,0.31885,0.88813,-0.74639,4.61951,1.10814,8.06472,2.45310,31.77700,12.45982,68.84000,9.98221,-44.23370,17.38645,-8.97067,-78.86614,18.25935,9.40659,54.00781,4.68746,401.69410,238.62887,2067.18530,81.83791,0.00091,0.00620,0.02173,-0.01691,0.74793,0.04230,0.84545,0.60279,0.99934,0.05968,1.18186,0.83399,1.75184,0.00180,1.75390,1.73844,-4.92059,1.31053,-2.73050,-10.72487,-1.79577,0.00007,-1.79567,-1.79592,0.00421,0.00015,0.00446,0.00394,-1.79280,0.00016,-1.79256,-1.79314,-1.79875,0.00007,-1.79861,-1.79891,1.65380,0.35535,3.60514,1.01312,0.58624,0.15447,0.98154,0.18329,7.14934,2.50743,20.56576,2.84860
1350,1610.13907289505,11067392,268.75743,4130.52470,188.15164,1160.56634,23.53362,425.94844,640.93750,-0.09388,0.41574,0.97741,-1.40782,4.75848,1.00809,7.43544,2.53643,30.58240,12.79942,66.93933,7.86724,-45.93424,16.79033,-9.77201,-82.13152,18.90735,8.94222,50.79552,3.81322,484.79585,307.04754,2149.89868,56.12135,0.00049,0.00601,0.02375,-0.01476,0.74389,0.04410,0.88173,0.60327,1.00365,0.06198,1.19259,0.81522,1.75090,0.00222,1.75367,1.73417,-5.08724,1.32551,-2.41036,-10.08462,-1.79548,0.00012,-1.79533,-1.79578,0.00435,0.00005,0.00448,0.00428,-1.79240,0.00012,-1.79218,-1.79266,-1.79855,0.00012,-1.79839,-1.79891,1.69107,0.39177,3.78598,1.01484,0.57621,0.15074,0.98680,0.07106,7.09627,2.37430,16.30889,3.04053
1360,1610.6878027915955,11149312,264.06734,4585.84883,173.88658,1159.97467,23.49100,427.07709,568.78125,0.10518,0.30039,0.97560,-0.65092,4.73106,0.78381,7.25356,2.82540,33.36168,12.95934,68.09441,8.08320,-44.91592,15.06355,-10.50088,-77.80977,19.38277,6.93281,48.06358,7.42249,444.18990,243.63183,1757.41345,123.24475,0.00049,0.00556,0.02085,-0.01498,0.74697,0.04732,0.90110,0.57694,1.00664,0.06412,1.21370,0.83913,1.75124,0.00170,1.75327,1.74195,-5.12526,1.24225,-2.94935,-9.09564,-1.79543,0.00008,-1.79532,-1.79559,0.00474,0.00008,0.00492,0.00447,-1.79208,0.00008,-1.79199,-1.79223,-1.79878,0.00012,-1.79852,-1.79898,1.65516,0.50125,8.14203,1.01144,0.60327,0.14907,0.98293,0.11590,6.89491,2.32528,20.06336,2.62190
1370,1611.9698266983032,11231232,326.71683,4327.28882,159.24750,1162.19394,23.47730,426.19473,615.09375,-0.00876,0.33537,1.08744,-0.76416,4.89142,1.01326,8.14173,2.38926,33.62961,13.41082,69.52051,7.72589,-45.89401,15.50174,-10.47735,-80.02643,20.64565,9.49750,64.23606,5.25452,451.54082,253.22091,1732.24084,95.44425,0.00085,0.00591,0.02422,-0.01462,0.74429,0.04607,0.88449,0.61089,1.00854,0.06311,1.19066,0.85128,1.75122,0.00179,1.75323,1.74237,-4.99622,1.12955,-2.78518,-9.37590,-1.79546,0.00010,-1.79525,-1.79560,0.00475,0.00007,0.00493,0.00463,-1.79210,0.00007,-1.79198,-1.79227,-1.79882,0.00014,-1.79853,-1.79899,1.67234,0.36923,3.78861,1.00854,0.57760,0.15762,0.98830,0.05761,7.31161,2.54903,19.98753,2.84643
1380,1617.6771566867828,11313152,261.11981,3967.28159,188.99696,1167.04734,23.56057,426.98973,553.78125,0.01448,0.23387,0.67667,-0.63915,4.59820,0.99195,8.08437,2.50713,33.41590,14.70103,71.95508,7.03057,-44.39224,17.17686,-10.63708,-83.52418,18.04250,8.31123,54.47009,4.34718,464.71667,320.20772,3053.54712,85.84313,0.00071,0.00548,0.01647,-0.01873,0.74732,0.04266,0.88222,0.60886,1.00566,0.06291,1.23291,0.83267,1.75046,0.00208,1.75268,1.73892,-5.23334,1.31430,-2.76256,-10.08564,-1.79520,0.00005,-1.79512,-1.79531,0.00455,0.00005,0.00463,0.00443,-1.79198,0.00006,-1.79189,-1.79208,-1.79841,0.00007,-1.79828,-1.79854,1.58173,0.32676,3.91035,1.01255,0.60719,0.14893,0.98796,0.06096,7.27558,2.63878,15.88240,2.89760
1390,1617.283906698227,11395072,368.22501,4581.53534,178.37318,1164.62007,23.63339,428.94427,670.31250,-0.03076,0.31024,0.70765,-1.08656,4.52918,1.06676,8.00992,1.97931,31.59082,13.70475,69.42971,8.30846,-46.04326,16.93315,-9.20737,-79.25599,17.93774,9.02671,57.65212,3.91397,463.65347,313.46476,3453.04297,88.71093,0.00098,0.00542,0.02204,-0.01503,0.75557,0.04613,0.87949,0.64090,0.99564,0.06246,1.19711,0.82922,1.75064,0.00199,1.75278,1.73723,-5.14467,1.32739,-2.88213,-9.84333,-1.79522,0.00007,-1.79513,-1.79534,0.00458,0.00007,0.00467,0.00441,-1.79198,0.00007,-1.79183,-1.79208,-1.79846,0.00010,-1.79825,-1.79861,1.56291,0.31727,3.88564,1.01598,0.62882,0.14686,0.98893,0.11726,6.98463,2.50463,16.47930,2.72073
1400,1611.843192100525,11476992,278.05605,4628.17019,182.84240,1161.58044,23.72112,426.45010,515.96875,0.10220,0.35425,0.93689,-0.84103,4.46726,1.32341,8.07780,1.80448,33.16692,13.72420,69.29044,8.85593,-41.91527,20.06715,-6.03793,-75.34048,18.63202,11.54581,64.75813,2.73012,499.86611,319.82397,2283.95996,71.06181,0.00080,0.00507,0.02015,-0.01401,0.74637,0.04329,0.85700,0.55602,0.99925,0.05821,1.17517,0.83018,1.75056,0.00189,1.75272,1.74047,-4.93085,1.17948,-2.49030,-9.25338,-1.79521,0.00008,-1.79497,-1.79533,0.00449,0.00004,0.00458,0.00442,-1.79204,0.00010,-1.79173,-1.79219,-1.79838,0.00008,-1.79821,-1.79848,1.55615,0.33698,4.36454,1.01055,0.62993,0.15088,0.98602,0.19478,7.19766,2.46434,20.96574,3.04297
1410,1610.3772008419037,11558912,291.95884,4620.59980,209.01154,1159.42112,23.76919,427.11249,563.62500,0.04447,0.30196,0.84119,-0.88008,4.72868,1.01310,7.96246,2.34033,33.45821,13.69289,75.00511,9.01990,-46.17176,17.22219,-10.50761,-80.67672,20.22364,9.10195,58.00233,4.30281,495.50881,286.42227,1914.56787,99.18204,0.00066,0.00525,0.02025,-0.01420,0.74695,0.04532,0.88391,0.62305,1.00044,0.06007,1.18249,0.82735,1.74991,0.00187,1.75199,1.74075,-5.09427,1.22407,-2.54607,-9.47158,-1.79484,0.00007,-1.79470,-1.79497,0.00469,0.00004,0.00474,0.00458,-1.79152,0.00007,-1.79139,-1.79173,-1.79816,0.00008,-1.79800,-1.79827,1.52778,0.28026,2.94205,1.00807,0.64474,0.14171,0.99171,0.27926,7.36403,2.61788,22.13209,2.81971
1420,1609.8144974708557,11640832,237.30000,4493.83141,250.23969,1159.43791,23.75062,426.52979,504.25000,0.02923,0.35080,1.32692,-1.19878,4.66870,1.18518,8.95784,2.39568,32.76568,15.61132,73.76911,7.24623,-44.59612,18.36110,-7.40218,-81.04546,19.93210,10.23078,60.82265,4.10337,534.21406,368.05392,2830.63062,89.03195,0.00078,0.00491,0.01706,-0.01336,0.75125,0.04616,0.88784,0.62158,0.99525,0.06386,1.19070,0.85311,1.74955,0.00174,1.75153,1.74150,-4.96875,1.20463,-2.75020,-10.60255,-1.79464,0.00003,-1.79459,-1.79473,0.00468,0.00005,0.00479,0.00461,-1.79133,0.00004,-1.79124,-1.79140,-1.79796,0.00005,-1.79787,-1.79807,1.52330,0.29314,2.73545,1.01125,0.65422,0.14031,0.99329,0.20489,7.27000,2.60807,17.86583,2.28883
1430,1608.742841720581,11722752,296.24629,4445.32254,168.73613,1158.37820,23.77985,426.51041,580.53125,-0.00533,0.36337,0.91699,-1.11453,4.58917,1.16825,8.40129,2.28066,29.43353,13.86812,74.07380,7.62081,-45.89743,16.55492,-9.69165,-77.98164,20.08597,10.87660,61.27045,4.48563,467.89260,291.75680,1732.13086,103.02197,0.00088,0.00465,0.01318,-0.01199,0.74682,0.04565,0.86538,0.59813,1.00693,0.06112,1.22997,0.82632,1.74962,0.00182,1.75151,1.73622,-5.16996,1.23771,-2.83748,-9.27267,-1.79465,0.00003,-1.79460,-1.79470,0.00467,0.00004,0.00473,0.00460,-1.79135,0.00006,-1.79126,-1.79144,-1.79795,0.00002,-1.79792,-1.79799,1.45786,0.33854,5.03027,1.00739,0.68456,0.13577,0.99158,0.27154,7.39037,2.63889,18.35386,3.07630
1440,1606.7444868087769,11804672,339.81506,4607.11096,166.74490,1157.19090,23.58613,425.89166,634.59375,0.01411,0.38879,0.90395,-1.67678,5.04433,1.21439,9.50683,2.50730,30.87122,12.85958,66.48185,8.41469,-49.64304,16.76433,-10.57897,-79.59430,24.37981,12.11422,91.05360,5.99454,481.88077,251.44940,1437.50684,84.23559,0.00154,0.00428,0.01444,-0.01230,0.75004,0.04249,0.88164,0.61587,0.99904,0.06085,1.23779,0.83135,1.74942,0.00212,1.75154,1.73596,-5.12063,1.24233,-2.64992,-11.49205,-1.79462,0.00008,-1.79448,-1.79472,0.00465,0.00004,0.00474,0.00458,-1.79134,0.00006,-1.79121,-1.79143,-1.79791,0.00011,-1.79774,-1.79807,1.45758,0.25858,2.39079,1.00953,0.69464,0.12853,0.98957,0.25475,7.64269,2.43661,18.51263,2.90007
1450,1607.9907162189484,11886592,292.89052,4318.80739,189.60938,1157.29456,23.62922,426.97987,541.40625,-0.06389,0.25078,0.74057,-1.06352,4.46313,0.94509,7.23498,2.13112,27.02343,11.80902,63.09885,6.67442,-47.50313,15.13250,-10.62149,-77.48231,19.11705,8.47358,52.45861,3.93179,397.72883,237.77427,1991.98596,74.22737,0.00153,0.00403,0.01405,-0.01081,0.74667,0.04476,0.86855,0.59351,0.99945,0.06177,1.15888,0.79591,1.74923,0.00191,1.75113,1.73721,-5.00863,1.25455,-2.60141,-9.08080,-1.79443,0.00004,-1.79439,-1.79451,0.00465,0.00004,0.00473,0.00459,-1.79115,0.00006,-1.79106,-1.79126,-1.79772,0.00003,-1.79766,-1.79776,1.36270,0.19973,2.10944,1.00730,0.72212,0.12768,0.99214,0.23672,7.37822,2.50569,18.17436,2.58349
1460,1612.9707911014557,11968512,309.22104,4297.89614,154.47836,1159.96769,23.69818,429.22737,582.25000,0.01526,0.28681,0.69228,-0.77581,4.50871,1.12383,8.41165,2.32913,30.17816,12.19279,77.68196,7.92063,-43.93411,19.36182,-9.59533,-81.26373,19.80150,10.50944,69.24962,4.84562,475.87265,310.31764,2351.87231,105.08485,0.00143,0.00396,0.01473,-0.01026,0.74610,0.04411,0.91522,0.59657,1.00045,0.06245,1.18734,0.77805,1.74893,0.00186,1.75102,1.74028,-5.05574,1.25150,-2.65957,-9.30124,-1.79441,0.00002,-1.79438,-1.79446,0.00461,0.00001,0.00464,0.00458,-1.79115,0.00002,-1.79113,-1.79121,-1.79767,0.00002,-1.79762,-1.79771,1.39168,0.27337,3.58082,1.00504,0.73439,0.13546,0.99480,0.27847,7.53264,2.71235,18.92027,3.03800
1470,1608.9036333560944,12050432,305.64418,4298.84603,167.12125,1158.45895,23.97910,426.38092,581.71875,-0.04322,0.30697,0.69658,-0.89010,4.76151,1.00135,7.95356,2.36963,31.43763,13.78598,74.02534,7.65760,-47.26495,15.45968,-9.64868,-83.83889,22.42080,9.69033,62.21567,5.35876,456.50617,232.18854,1499.78564,118.55305,0.00188,0.00323,0.01056,-0.00987,0.75369,0.04624,0.89455,0.60318,0.99652,0.06581,1.26148,0.82594,1.74878,0.00205,1.75095,1.73766,-5.06631,1.30075,-2.51772,-11.52550,-1.79432,0.00007,-1.79422,-1.79442,0.00466,0.00005,0.00475,0.00459,-1.79103,0.00010,-1.79085,-1.79114,-1.79762,0.00005,-1.79756,-1.79772,1.31854,0.21415,2.92472,1.00358,0.76311,0.12364,0.99592,0.37253,7.41381,2.57423,19.56866,3.02568
1480,1627.209102153778,12132352,330.38066,4331.00472,166.13744,1158.81921,23.81755,444.48491,622.90625,-0.01625,0.30325,0.77537,-1.22280,4.57781,1.02816,8.32987,2.06046,30.35618,14.13985,71.70281,6.79835,-46.25847,16.31311,-9.45397,-81.29398,20.99100,9.88889,70.76732,4.20646,549.62515,351.48853,3128.29956,125.59636,0.00222,0.00303,0.01319,-0.00894,0.74725,0.04461,0.89027,0.59250,1.00665,0.06234,1.20653,0.83839,1.74862,0.00207,1.75053,1.73008,-5.20905,1.42893,-2.74945,-10.49204,-1.79420,0.00003,-1.79416,-1.79423,0.00474,0.00001,0.00476,0.00472,-1.79085,0.00003,-1.79080,-1.79089,-1.79755,0.00002,-1.79751,-1.79758,1.24374,0.17620,2.11571,1.00250,0.80150,0.11612,0.99615,0.48195,7.91371,2.63526,17.47762,3.39180
1490,1616.670444726944,12214272,327.15178,4402.27286,164.60132,1164.80293,25.44450,426.32839,572.06250,0.00715,0.35953,1.15725,-1.09575,4.74035,0.99590,8.20849,2.46345,29.62338,14.87065,72.01469,7.55738,-46.63104,16.43096,-7.46095,-81.47629,22.65489,9.72082,66.84549,5.89199,565.77008,366.62334,2143.72998,101.80821,0.00275,0.00205,0.01101,-0.00721,0.74971,0.04227,0.85853,0.60992,0.99672,0.05800,1.26533,0.83579,1.74850,0.00185,1.75042,1.73897,-4.91886,1.07312,-2.48547,-9.57750,-1.79414,0.00001,-1.79412,-1.79417,0.00472,0.00001,0.00474,0.00471,-1.79080,0.00001,-1.79078,-1.79082,-1.79748,0.00002,-1.79746,-1.79751,1.16174,0.12100,1.66573,1.00319,0.85888,0.09795,0.99611,0.42136,7.89345,2.56090,20.25778,3.49666
